id,day,hour,camera,track,track_len,ent_frame,ent_cam_part,dep_frame,dep_cam_part
1_11_5_46,1,11,5,46,38,4254,5_1,4291,5_7
1_11_5_61,1,11,5,61,40,4556,5_2,4595,5_7
1_11_5_63,1,11,5,63,28,4558,5_2,4585,5_7
1_11_6_107,1,11,6,107,74,4179,6_3,4252,6_8
1_11_6_113,1,11,6,113,54,4199,6_3,4252,6_5
1_11_6_127,1,11,6,127,58,4494,6_0,4551,6_5
1_11_6_128,1,11,6,128,60,4496,6_0,4555,6_8
1_11_7_66,1,11,7,66,35,4253,7_8,4287,7_1
1_11_12_96,1,11,12,96,309,4678,12_7,4986,12_2
1_11_13_132,1,11,13,132,88,4993,13_8,5080,13_0
1_13_2_108,1,13,2,108,129,3809,2_2,3937,2_2
1_13_2_112,1,13,2,112,105,3839,2_0,3958,2_5
1_13_2_123,1,13,2,123,178,3883,2_1,4061,2_0
1_13_2_150,1,13,2,150,177,4976,2_0,5175,2_2
1_13_2_153,1,13,2,153,122,5032,2_0,5171,2_2
1_13_3_104,1,13,3,104,321,3945,3_5,4271,3_0
1_13_3_117,1,13,3,117,34,4271,3_0,4304,3_5
1_13_3_171,1,13,3,171,100,5190,3_4,5299,3_0
1_13_3_172,1,13,3,172,113,5191,3_4,5303,3_0
1_13_4_105,1,13,4,105,26,3853,4_7,3880,4_5
1_13_4_124,1,13,4,124,75,3959,4_7,4033,4_6
1_13_4_135,1,13,4,135,92,4307,4_8,4398,4_8
1_13_5_8,1,13,5,8,29,60,5_7,88,5_2
1_13_5_11,1,13,5,11,32,68,5_6,99,5_2
1_13_5_51,1,13,5,51,42,1347,5_1,1388,5_7
1_13_5_103,1,13,5,103,35,2961,5_7,2995,5_1
1_13_5_104,1,13,5,104,24,2971,5_7,2996,5_2
1_13_6_11,1,13,6,11,39,91,6_8,129,6_3
1_13_6_21,1,13,6,21,70,109,6_4,178,6_3
1_13_6_60,1,13,6,60,64,1280,6_0,1343,6_8
1_13_6_61,1,13,6,61,55,1286,6_0,1340,6_5
1_13_6_63,1,13,6,63,61,1289,6_0,1349,6_5
1_13_6_133,1,13,6,133,63,2999,6_8,3061,6_0
1_13_6_134,1,13,6,134,305,3000,6_5,3328,6_0
1_13_7_55,1,13,7,55,35,1343,7_8,1387,7_1
1_13_7_68,1,13,7,68,45,1355,7_7,1399,7_0
1_13_12_32,1,13,12,32,46,2372,12_1,2417,12_7
1_13_12_33,1,13,12,33,33,2376,12_2,2408,12_7
1_13_12_35,1,13,12,35,47,2384,12_2,2430,12_7
1_13_12_42,1,13,12,42,164,2433,12_0,2629,12_2
1_13_12_49,1,13,12,49,24,2472,12_7,2495,12_5
1_13_12_56,1,13,12,56,32,2714,12_1,2745,12_7
1_13_12_63,1,13,12,63,117,3024,12_2,3165,12_0
1_13_12_115,1,13,12,115,41,4477,12_2,4517,12_7
1_13_12_117,1,13,12,117,33,4479,12_2,4512,12_7
1_13_13_54,1,13,13,54,45,2327,13_1,2371,13_8
1_13_13_55,1,13,13,55,36,2334,13_1,2369,13_8
1_13_13_57,1,13,13,57,38,2345,13_1,2382,13_8
1_13_13_62,1,13,13,62,212,2502,13_5,2713,13_8
1_13_13_69,1,13,13,69,63,2636,13_5,2698,13_1
1_13_13_78,1,13,13,78,35,2989,13_3,3023,13_8
1_13_13_144,1,13,13,144,201,4266,13_0,4473,13_8
1_13_13_157,1,13,13,157,92,4379,13_0,4472,13_5
1_15_5_39,1,15,5,39,70,2487,5_0,2556,5_1
1_15_5_40,1,15,5,40,25,2508,5_7,2532,5_1
1_15_6_89,1,15,6,89,33,2538,6_8,2570,6_3
1_15_6_92,1,15,6,92,141,2558,6_8,2698,6_0
1_15_9_72,1,15,9,72,136,5416,9_2,5551,9_0
1_15_9_80,1,15,9,80,126,5533,9_2,5669,9_0
1_15_10_94,1,15,10,94,35,5377,10_1,5411,10_5
1_15_10_96,1,15,10,96,121,5402,10_0,5530,10_5
1_15_12_24,1,15,12,24,357,1602,12_4,1993,12_2
1_15_13_53,1,15,13,53,61,2000,13_8,2060,13_0
1_17_2_56,1,17,2,56,59,5079,2_2,5137,2_2
1_17_2_65,1,17,2,65,322,5105,2_1,5442,2_2
1_17_3_141,1,17,3,141,91,4986,3_0,5076,3_5
1_17_3_142,1,17,3,142,68,4991,3_0,5058,3_5
1_17_3_157,1,17,3,157,400,5146,3_5,5545,3_4
1_17_4_89,1,17,4,89,34,5062,4_8,5095,4_5
1_17_4_91,1,17,4,91,34,5069,4_8,5102,4_5
1_17_4_92,1,17,4,92,29,5081,4_8,5109,4_5
1_17_5_116,1,17,5,116,316,5481,5_2,5801,5_2
1_17_6_104,1,17,6,104,35,5432,6_0,5466,6_5
1_17_6_110,1,17,6,110,26,5451,6_0,5476,6_5
1_17_7_122,1,17,7,122,454,5471,7_7,5924,7_7
1_17_9_30,1,17,9,30,74,2157,9_1,2230,9_0
1_17_9_43,1,17,9,43,597,3562,9_2,4166,9_2
1_17_9_44,1,17,9,44,678,3569,9_1,4263,9_0
1_17_10_17,1,17,10,17,1551,1881,10_0,3560,10_5
1_17_10_20,1,17,10,20,88,2068,10_0,2155,10_5
1_17_10_48,1,17,10,48,191,3371,10_5,3561,10_5
1_19_2_8,1,19,2,8,200,381,2_0,580,2_2
1_19_2_11,1,19,2,11,147,435,2_0,581,2_5
1_19_4_18,1,19,4,18,188,587,4_4,840,4_6
1_19_4_19,1,19,4,19,108,588,4_7,706,4_6
1_19_5_79,1,19,5,79,127,4534,5_2,4665,5_0
1_19_5_81,1,19,5,81,112,4541,5_1,4678,5_0
1_19_6_33,1,19,6,33,59,4474,6_3,4532,6_8
1_19_6_34,1,19,6,34,55,4481,6_3,4535,6_8
2_9_5_43,2,9,5,43,24,3594,5_1,3617,5_7
2_9_5_51,2,9,5,51,96,4770,5_0,4866,5_2
2_9_5_53,2,9,5,53,75,4775,5_0,4864,5_1
2_9_6_39,2,9,6,39,58,3179,6_5,3244,6_0
2_9_6_40,2,9,6,40,60,3188,6_4,3247,6_0
2_9_6_43,2,9,6,43,64,3509,6_0,3572,6_8
2_9_6_44,2,9,6,44,57,3537,6_3,3593,6_8
2_9_6_49,2,9,6,49,43,4865,6_8,4907,6_0
2_9_6_53,2,9,6,53,31,4870,6_5,4900,6_0
2_9_7_42,2,9,7,42,43,3133,7_0,3175,7_8
2_9_7_44,2,9,7,44,28,3145,7_1,3172,7_8
2_9_7_49,2,9,7,49,31,3573,7_8,3603,7_1
2_11_9_104,2,11,9,104,157,5525,9_0,5681,9_2
2_11_10_78,2,11,10,78,116,5683,10_8,5800,10_0
2_11_12_81,2,11,12,81,36,4867,12_2,4902,12_7
2_11_12_86,2,11,12,86,128,4873,12_2,5003,12_0
2_11_12_102,2,11,12,102,74,5024,12_2,5097,12_7
2_11_13_101,2,11,13,101,82,4785,13_0,4866,13_8
2_11_13_102,2,11,13,102,81,4785,13_0,4865,13_8
2_11_13_119,2,11,13,119,56,4967,13_0,5022,13_8
2_13_2_9,2,13,2,9,160,284,2_2,490,2_5
2_13_2_13,2,13,2,13,103,360,2_0,490,2_5
2_13_2_38,2,13,2,38,78,1028,2_1,1106,2_0
2_13_2_45,2,13,2,45,151,1073,2_4,1244,2_0
2_13_2_72,2,13,2,72,141,2996,2_0,3151,2_2
2_13_2_87,2,13,2,87,57,3098,2_0,3155,2_2
2_13_3_137,2,13,3,137,39,3158,3_8,3196,3_0
2_13_3_139,2,13,3,139,27,3164,3_4,3190,3_0
2_13_3_155,2,13,3,155,70,3617,3_1,3686,3_0
2_13_3_216,2,13,3,216,27,4867,3_5,4893,3_0
2_13_3_219,2,13,3,219,146,4930,3_8,5075,3_2
2_13_4_18,2,13,4,18,116,492,4_4,651,4_6
2_13_4_19,2,13,4,19,68,494,4_7,561,4_6
2_13_4_50,2,13,4,50,106,911,4_6,1022,4_8
2_13_4_70,2,13,4,70,59,1014,4_6,1072,4_5
2_13_4_129,2,13,4,129,69,3531,4_6,3599,4_8
2_13_4_180,2,13,4,180,98,4733,4_6,4859,4_8
2_13_4_188,2,13,4,188,75,4851,4_6,4925,4_8
2_13_5_122,2,13,5,122,30,3669,5_1,3698,5_7
2_13_6_120,2,13,6,120,42,3606,6_3,3647,6_8
2_13_6_125,2,13,6,125,35,3633,6_3,3667,6_8
2_13_7_136,2,13,7,136,28,3650,7_8,3677,7_1
2_13_12_33,2,13,12,33,126,808,12_0,933,12_2
2_13_12_103,2,13,12,103,142,3082,12_1,3231,12_0
2_13_12_132,2,13,12,132,26,4436,12_2,4461,12_7
2_13_12_133,2,13,12,133,105,4464,12_2,4569,12_0
2_13_12_151,2,13,12,151,28,4695,12_7,4722,12_2
2_13_12_157,2,13,12,157,28,4806,12_2,4833,12_7
2_13_13_79,2,13,13,79,85,938,13_5,1045,13_3
2_13_13_173,2,13,13,173,109,3077,13_1,3210,13_3
2_13_13_230,2,13,13,230,160,4284,13_4,4460,13_8
2_13_13_232,2,13,13,232,127,4291,13_4,4434,13_8
2_13_13_255,2,13,13,255,66,4725,13_8,4790,13_0
2_13_13_260,2,13,13,260,28,4778,13_1,4805,13_8
2_13_14_88,2,13,14,88,181,2899,14_6,3079,14_5
2_13_14_98,2,13,14,98,30,3036,14_1,3065,14_8
2_15_5_40,2,15,5,40,25,1391,5_7,1415,5_1
2_15_5_41,2,15,5,41,31,1414,5_7,1444,5_1
2_15_5_69,2,15,5,69,78,2754,5_8,2839,5_2
2_15_6_49,2,15,6,49,66,1412,6_0,1477,6_5
2_15_6_53,2,15,6,53,35,1418,6_8,1452,6_3
2_15_6_55,2,15,6,55,225,1445,6_8,1689,6_5
2_15_6_107,2,15,6,107,75,2852,6_4,2934,6_0
2_15_7_47,2,15,7,47,35,1478,7_8,1512,7_1
2_17_5_84,2,17,5,84,30,5577,5_2,5606,5_7
2_17_5_88,2,17,5,88,38,5582,5_1,5619,5_7
2_17_5_99,2,17,5,99,27,5601,5_1,5627,5_7
2_17_6_123,2,17,6,123,57,5519,6_3,5575,6_8
2_17_6_125,2,17,6,125,46,5530,6_3,5599,6_8
2_17_6_127,2,17,6,127,35,5544,6_3,5578,6_8
2_19_6_26,2,19,6,26,40,3059,6_8,3098,6_0
2_19_6_31,2,19,6,31,84,3072,6_8,3157,6_3
2_19_7_50,2,19,7,50,53,3004,7_0,3056,7_8
2_19_7_55,2,19,7,55,26,3042,7_1,3068,7_8
3_9_9_55,3,9,9,55,62,3043,9_1,3112,9_0
3_9_9_66,3,9,9,66,176,3056,9_2,3239,9_0
3_9_10_59,3,9,10,59,160,2883,10_0,3052,10_5
3_9_10_70,3,9,10,70,31,3006,10_4,3042,10_5
3_9_12_56,3,9,12,56,165,2948,12_0,3121,12_2
3_9_12_65,3,9,12,65,61,3313,12_1,3409,12_0
3_9_12_76,3,9,12,76,29,3333,12_1,3366,12_0
3_9_12_87,3,9,12,87,58,3348,12_1,3409,12_0
3_9_13_83,3,9,13,83,247,3123,13_8,3369,13_1
3_9_14_51,3,9,14,51,168,3136,14_6,3310,14_8
3_9_14_58,3,9,14,58,137,3166,14_6,3331,14_5
3_9_14_93,3,9,14,93,42,3306,14_6,3347,14_5
3_11_2_46,3,11,2,46,116,1624,2_4,1741,2_5
3_11_2_54,3,11,2,54,94,1721,2_0,1814,2_2
3_11_2_118,3,11,2,118,74,3580,2_4,3658,2_0
3_11_2_120,3,11,2,120,131,3608,2_2,3757,2_0
3_11_2_141,3,11,2,141,381,4825,2_2,5231,2_2
3_11_2_154,3,11,2,154,92,5076,2_0,5167,2_5
3_11_3_56,3,11,3,56,35,1561,3_8,1595,3_0
3_11_3_59,3,11,3,59,24,1570,3_4,1593,3_0
3_11_3_73,3,11,3,73,81,1817,3_8,1920,3_0
3_11_3_76,3,11,3,76,101,1833,3_0,1934,3_5
3_11_3_90,3,11,3,90,80,1981,3_0,2060,3_5
3_11_3_117,3,11,3,117,60,2301,3_8,2360,3_0
3_11_3_143,3,11,3,143,119,3487,3_0,3605,3_5
3_11_3_150,3,11,3,150,47,3601,3_4,3647,3_0
3_11_3_223,3,11,3,223,135,5232,3_8,5380,3_0
3_11_4_33,3,11,4,33,82,1474,4_6,1555,4_8
3_11_4_34,3,11,4,34,57,1502,4_7,1558,4_8
3_11_4_39,3,11,4,39,88,1530,4_6,1618,4_5
3_11_4_65,3,11,4,65,119,1937,4_8,2080,4_6
3_11_4_67,3,11,4,67,212,2061,4_8,2298,4_8
3_11_4_117,3,11,4,117,300,3289,4_6,3590,4_8
3_11_4_119,3,11,4,119,64,3513,4_6,3579,4_5
3_11_4_150,3,11,4,150,95,5171,4_4,5288,4_6
3_11_5_187,3,11,5,187,267,2902,5_2,3168,5_1
3_11_6_108,3,11,6,108,125,2773,6_5,2897,6_5
3_11_9_4,3,11,9,4,144,227,9_0,370,9_2
3_11_9_6,3,11,9,6,131,236,9_0,386,9_2
3_11_9_41,3,11,9,41,160,1210,9_0,1378,9_1
3_11_9_42,3,11,9,42,157,1224,9_0,1380,9_2
3_11_10_13,3,11,10,13,207,390,10_8,596,10_0
3_11_10_14,3,11,10,14,155,392,10_1,551,10_0
3_11_10_61,3,11,10,61,66,1384,10_5,1496,10_0
3_11_10_62,3,11,10,62,368,1385,10_5,1752,10_0
3_13_2_151,3,13,2,151,138,4902,2_0,5064,2_2
3_13_2_158,3,13,2,158,130,4931,2_0,5061,2_2
3_13_2_191,3,13,2,191,158,5227,2_4,5387,2_0
3_13_3_153,3,13,3,153,35,5065,3_5,5099,3_0
3_13_3_154,3,13,3,154,38,5066,3_8,5103,3_0
3_13_3_163,3,13,3,163,97,5114,3_1,5210,3_0
3_13_4_210,3,13,4,210,272,4830,4_8,5101,4_8
3_13_4_217,3,13,4,217,269,4950,4_2,5226,4_5
3_13_12_72,3,13,12,72,43,2817,12_7,2859,12_2
3_13_12_76,3,13,12,76,26,2835,12_7,2860,12_2
3_13_12_148,3,13,12,148,32,5099,12_2,5130,12_7
3_13_13_63,3,13,13,63,81,2863,13_8,2943,13_0
3_13_13_68,3,13,13,68,85,2869,13_5,2953,13_0
3_13_13_146,3,13,13,146,86,4768,13_4,4860,13_0
3_13_13_149,3,13,13,149,191,4785,13_4,4996,13_0
3_13_13_156,3,13,13,156,206,4901,13_0,5158,13_5
3_13_13_164,3,13,13,164,71,5028,13_0,5098,13_8
3_13_14_97,3,13,14,97,32,4729,14_1,4760,14_8
3_13_14_98,3,13,14,98,28,4750,14_1,4777,14_8
3_13_14_113,3,13,14,113,27,5165,14_8,5191,14_1
3_15_2_53,3,15,2,53,82,4586,2_0,4669,2_2
3_15_3_314,3,15,3,314,28,4675,3_5,4702,3_0
3_15_5_53,3,15,5,53,31,3695,5_1,3725,5_7
3_15_5_93,3,15,5,93,30,5936,5_1,5965,5_7
3_15_6_74,3,15,6,74,50,3369,6_0,3418,6_5
3_15_6_78,3,15,6,78,283,3411,6_8,3693,6_8
3_15_6_94,3,15,6,94,53,3786,6_5,3838,6_5
3_15_6_99,3,15,6,99,29,3841,6_4,3869,6_3
3_15_6_169,3,15,6,169,43,5745,6_4,5789,6_3
3_15_6_174,3,15,6,174,51,5833,6_3,5911,6_8
3_15_6_182,3,15,6,182,39,5894,6_0,5932,6_8
3_15_7_59,3,15,7,59,34,3419,7_8,3452,7_1
3_15_7_62,3,15,7,62,113,3691,7_6,3829,7_8
3_15_7_69,3,15,7,69,37,3748,7_8,3784,7_8
3_15_7_117,3,15,7,117,392,5332,7_1,5733,7_8
3_15_7_130,3,15,7,130,37,5914,7_8,5950,7_1
3_15_13_226,3,15,13,226,32,4641,13_8,4698,13_1
3_15_13_227,3,15,13,227,50,4641,13_5,4716,13_5
3_15_14_74,3,15,14,74,166,4474,14_6,4639,14_8
3_15_14_80,3,15,14,80,156,4485,14_6,4640,14_8
3_17_6_19,3,17,6,19,181,942,6_4,1122,6_0
3_17_6_25,3,17,6,25,33,1057,6_4,1089,6_3
3_17_6_76,3,17,6,76,224,3425,6_5,3653,6_0
3_17_6_80,3,17,6,80,90,3438,6_8,3534,6_0
3_17_7_7,3,17,7,7,34,899,7_1,932,7_8
3_17_7_10,3,17,7,10,128,914,7_6,1047,7_8
3_17_7_59,3,17,7,59,52,3373,7_0,3424,7_8
3_17_7_62,3,17,7,62,40,3395,7_1,3434,7_8
3_17_12_79,3,17,12,79,36,3940,12_8,3975,12_2
3_17_13_119,3,17,13,119,81,3980,13_5,4060,13_0
3_19_2_17,3,19,2,17,110,758,2_1,871,2_0
3_19_2_18,3,19,2,18,200,759,2_1,979,2_0
3_19_4_19,3,19,4,19,100,651,4_6,753,4_5
3_19_4_28,3,19,4,28,27,732,4_6,758,4_5
4_9_2_46,4,9,2,46,107,4097,2_1,4203,2_0
4_9_2_47,4,9,2,47,91,4123,2_0,4213,2_2
4_9_3_55,4,9,3,55,158,4003,3_8,4182,3_3
4_9_3_73,4,9,3,73,45,4214,3_8,4258,3_0
4_9_3_80,4,9,3,80,24,4255,3_4,4278,3_3
4_9_4_62,4,9,4,62,408,3582,4_6,3994,4_8
4_9_4_72,4,9,4,72,143,3946,4_6,4091,4_5
4_9_4_79,4,9,4,79,202,4040,4_8,4241,4_8
4_9_9_53,4,9,9,53,111,4917,9_2,5036,9_0
4_9_9_54,4,9,9,54,105,4919,9_1,5026,9_0
4_9_10_58,4,9,10,58,137,4778,10_0,4914,10_5
4_9_10_59,4,9,10,59,133,4781,10_0,4913,10_5
4_9_12_71,4,9,12,71,139,5183,12_1,5321,12_0
4_9_13_39,4,9,13,39,162,3898,13_8,4181,13_0
4_9_13_43,4,9,13,43,108,3909,13_4,4034,13_0
4_9_13_95,4,9,13,95,81,5156,13_8,5236,13_0
4_9_14_33,4,9,14,33,41,3855,14_1,3895,14_8
4_9_14_34,4,9,14,34,34,3862,14_1,3896,14_8
4_9_14_46,4,9,14,46,173,5009,14_6,5181,14_5
4_9_14_55,4,9,14,55,37,5116,14_1,5152,14_8
4_11_2_35,4,11,2,35,98,1446,2_0,1543,2_5
4_11_4_40,4,11,4,40,112,1546,4_7,1659,4_6
4_11_12_135,4,11,12,135,26,4870,12_2,4896,12_4
4_11_12_139,4,11,12,139,165,4880,12_2,5044,12_0
4_11_13_182,4,11,13,182,40,4829,13_1,4868,13_8
4_11_13_186,4,11,13,186,40,4837,13_1,4876,13_8
4_13_2_9,4,13,2,9,134,166,2_0,299,2_5
4_13_2_24,4,13,2,24,45,270,2_0,315,2_2
4_13_2_94,4,13,2,94,194,2221,2_0,2417,2_8
4_13_2_100,4,13,2,100,111,2301,2_0,2415,2_5
4_13_2_128,4,13,2,128,222,2842,2_0,3102,2_2
4_13_2_134,4,13,2,134,144,2936,2_0,3100,2_2
4_13_2_240,4,13,2,240,33,5551,2_2,5583,2_0
4_13_2_244,4,13,2,244,53,5564,2_2,5623,2_0
4_13_3_6,4,13,3,6,94,321,3_5,414,3_0
4_13_3_91,4,13,3,91,82,3104,3_8,3185,3_0
4_13_3_93,4,13,3,93,55,3106,3_5,3160,3_0
4_13_3_111,4,13,3,111,35,3515,3_5,3549,3_0
4_13_3_169,4,13,3,169,80,5466,3_0,5545,3_5
4_13_3_172,4,13,3,172,70,5489,3_0,5558,3_5
4_13_4_21,4,13,4,21,134,301,4_7,485,4_6
4_13_4_154,4,13,4,154,53,2417,4_7,2530,4_6
4_13_4_155,4,13,4,155,30,2419,4_4,2448,4_6
4_13_4_212,4,13,4,212,131,3377,4_6,3507,4_8
4_13_6_34,4,13,6,34,56,1254,6_5,1309,6_3
4_13_6_35,4,13,6,35,42,1261,6_4,1302,6_3
4_13_6_86,4,13,6,86,56,2774,6_4,2829,6_8
4_13_6_87,4,13,6,87,57,2774,6_4,2830,6_5
4_13_7_40,4,13,7,40,48,1199,7_1,1246,7_8
4_13_7_41,4,13,7,41,42,1211,7_1,1252,7_8
4_13_7_119,4,13,7,119,115,2830,7_8,2944,7_6
4_13_7_121,4,13,7,121,40,2835,7_7,2885,7_6
4_13_12_101,4,13,12,101,148,5323,12_0,5470,12_2
4_13_12_111,4,13,12,111,26,5351,12_7,5376,12_2
4_13_12_120,4,13,12,120,54,5440,12_0,5493,12_2
4_13_12_122,4,13,12,122,53,5449,12_0,5501,12_2
4_13_13_256,4,13,13,256,52,5388,13_4,5439,13_0
4_13_13_266,4,13,13,266,61,5478,13_8,5538,13_0
4_13_13_275,4,13,13,275,73,5505,13_8,5577,13_0
4_13_13_278,4,13,13,278,49,5507,13_4,5555,13_0
4_15_5_68,4,15,5,68,36,3386,5_7,3421,5_1
4_15_5_70,4,15,5,70,27,3416,5_7,3442,5_1
4_15_6_28,4,15,6,28,68,1044,6_4,1111,6_0
4_15_6_33,4,15,6,33,87,1072,6_4,1158,6_0
4_15_6_52,4,15,6,52,69,2242,6_3,2310,6_5
4_15_6_63,4,15,6,63,48,2309,6_3,2356,6_8
4_15_6_93,4,15,6,93,122,3426,6_8,3552,6_3
4_15_6_95,4,15,6,95,44,3446,6_8,3489,6_3
4_15_7_24,4,15,7,24,34,998,7_1,1031,7_8
4_15_7_25,4,15,7,25,48,1011,7_1,1058,7_8
4_15_7_44,4,15,7,44,53,2313,7_8,2378,7_1
4_15_7_63,4,15,7,63,171,2357,7_8,2527,7_0
4_15_9_7,4,15,9,7,80,1100,9_2,1179,9_0
4_15_9_9,4,15,9,9,90,1105,9_1,1194,9_0
4_15_10_20,4,15,10,20,147,950,10_0,1098,10_5
4_15_10_22,4,15,10,22,123,973,10_0,1098,10_5
4_15_12_74,4,15,12,74,229,3506,12_1,3734,12_0
4_15_12_75,4,15,12,75,162,3518,12_1,3719,12_0
4_15_13_61,4,15,13,61,37,3466,13_0,3502,13_8
4_15_13_62,4,15,13,62,45,3469,13_0,3513,13_8
4_17_6_85,4,17,6,85,24,5269,6_4,5292,6_3
4_17_6_91,4,17,6,91,27,5292,6_4,5318,6_3
4_17_7_182,4,17,7,182,161,5090,7_6,5262,7_8
4_17_7_191,4,17,7,191,56,5214,7_6,5282,7_8
4_17_9_67,4,17,9,67,108,3954,9_0,4092,9_2
4_17_9_75,4,17,9,75,54,4044,9_0,4097,9_2
4_17_10_95,4,17,10,95,24,4102,10_8,4125,10_4
4_17_10_96,4,17,10,96,114,4108,10_1,4246,10_4
4_17_12_73,4,17,12,73,147,3128,12_0,3275,12_2
4_17_12_79,4,17,12,79,35,3258,12_0,3294,12_2
4_17_12_102,4,17,12,102,189,4770,12_4,4958,12_2
4_17_13_98,4,17,13,98,25,3282,13_5,3306,13_0
4_17_13_101,4,17,13,101,25,3298,13_8,3322,13_1
4_17_13_165,4,17,13,165,153,4961,13_8,5120,13_1
4_19_9_44,4,19,9,44,53,4349,9_2,4401,9_2
4_19_10_53,4,19,10,53,300,4403,10_8,4702,10_4
5_9_6_45,5,9,6,45,43,3936,6_8,3981,6_8
5_9_7_93,5,9,7,93,343,3984,7_8,4416,7_8
5_9_12_12,5,9,12,12,31,320,12_2,350,12_7
5_9_12_15,5,9,12,15,30,364,12_2,393,12_7
5_9_12_21,5,9,12,21,123,678,12_1,800,12_0
5_9_12_25,5,9,12,25,37,705,12_2,741,12_7
5_9_13_1,5,9,13,1,432,197,13_5,696,13_5
5_9_13_3,5,9,13,3,73,228,13_0,315,13_8
5_9_13_5,5,9,13,5,61,298,13_0,358,13_8
5_9_13_18,5,9,13,18,24,651,13_1,675,13_8
5_11_5_54,5,11,5,54,35,4164,5_2,4198,5_7
5_11_6_62,5,11,6,62,60,4102,6_0,4161,6_8
5_11_6_63,5,11,6,63,56,4105,6_0,4160,6_5
5_11_7_94,5,11,7,94,43,4166,7_8,4208,7_1
5_11_13_267,5,11,13,267,271,5714,13_5,5995,13_5
5_11_13_285,5,11,13,285,57,5918,13_8,5974,13_4
5_11_14_112,5,11,14,112,79,5610,14_8,5710,14_8
5_11_14_113,5,11,14,113,234,5674,14_8,5916,14_8
5_13_2_10,5,13,2,10,50,211,2_2,265,2_2
5_13_2_11,5,13,2,11,136,241,2_2,379,2_0
5_13_2_21,5,13,2,21,202,1268,2_8,1497,2_8
5_13_2_39,5,13,2,39,30,1469,2_0,1498,2_2
5_13_3_6,5,13,3,6,122,112,3_0,234,3_5
5_13_3_10,5,13,3,10,29,174,3_5,202,3_5
5_13_4_65,5,13,4,65,36,1501,4_4,1536,4_6
5_13_4_68,5,13,4,68,49,1510,4_7,1558,4_6
5_13_6_58,5,13,6,58,65,1952,6_8,2016,6_0
5_13_6_59,5,13,6,59,60,1958,6_4,2017,6_0
5_13_6_107,5,13,6,107,43,4048,6_5,4091,6_0
5_13_6_117,5,13,6,117,71,4078,6_8,4150,6_0
5_13_6_125,5,13,6,125,28,4116,6_4,4143,6_0
5_13_6_126,5,13,6,126,149,4121,6_8,4269,6_0
5_13_6_171,5,13,6,171,56,4995,6_0,5050,6_8
5_13_6_176,5,13,6,176,34,5014,6_0,5049,6_5
5_13_7_61,5,13,7,61,35,1911,7_1,1945,7_8
5_13_7_63,5,13,7,63,25,1920,7_1,1944,7_8
5_13_7_89,5,13,7,89,33,4011,7_1,4043,7_8
5_13_7_94,5,13,7,94,34,4041,7_1,4074,7_8
5_13_7_96,5,13,7,96,37,4064,7_1,4100,7_8
5_13_7_100,5,13,7,100,36,4083,7_1,4118,7_8
5_13_7_141,5,13,7,141,41,5051,7_8,5091,7_1
5_13_7_142,5,13,7,142,28,5052,7_8,5079,7_1
5_13_9_49,5,13,9,49,90,1923,9_2,2014,9_0
5_13_9_63,5,13,9,63,126,2007,9_2,2148,9_0
5_13_9_129,5,13,9,129,33,4173,9_2,4205,9_2
5_13_9_130,5,13,9,130,26,4173,9_4,4221,9_2
5_13_10_72,5,13,10,72,87,1820,10_0,1920,10_5
5_13_10_76,5,13,10,76,113,1887,10_0,2006,10_5
5_13_10_159,5,13,10,159,86,4207,10_8,4294,10_4
5_13_10_167,5,13,10,167,40,4234,10_1,4290,10_4
5_15_6_2,5,15,6,2,52,119,6_0,170,6_8
5_15_6_3,5,15,6,3,60,124,6_0,183,6_8
5_15_6_4,5,15,6,4,62,126,6_0,187,6_5
5_15_6_36,5,15,6,36,132,1113,6_0,1252,6_8
5_15_6_38,5,15,6,38,80,1125,6_0,1204,6_8
5_15_7_4,5,15,7,4,28,177,7_8,204,7_1
5_15_7_5,5,15,7,5,190,187,7_8,376,7_6
5_15_7_9,5,15,7,9,193,193,7_7,393,7_6
5_15_7_31,5,15,7,31,46,1209,7_8,1282,7_1
5_15_7_34,5,15,7,34,26,1255,7_8,1280,7_8
5_17_5_68,5,17,5,68,48,5216,5_7,5264,5_2
5_17_5_69,5,17,5,69,38,5254,5_7,5291,5_2
5_17_6_83,5,17,6,83,62,5266,6_8,5327,6_3
5_17_6_87,5,17,6,87,158,5294,6_8,5452,6_0
6_9_6_89,6,9,6,89,633,3186,6_0,3824,6_5
6_9_6_110,6,9,6,110,58,3803,6_0,3860,6_8
6_9_7_73,6,9,7,73,244,3830,7_7,4075,7_6
6_9_7_77,6,9,7,77,29,3862,7_8,3890,7_1
6_9_9_66,6,9,9,66,152,3742,9_2,3897,9_0
6_9_9_70,6,9,9,70,135,3749,9_1,3901,9_0
6_9_9_80,6,9,9,80,85,5055,9_1,5139,9_0
6_9_9_87,6,9,9,87,98,5128,9_2,5236,9_0
6_9_9_90,6,9,9,90,104,5134,9_1,5247,9_0
6_9_10_74,6,9,10,74,141,3601,10_0,3741,10_5
6_9_10_76,6,9,10,76,127,3607,10_0,3738,10_5
6_9_10_109,6,9,10,109,97,4957,10_0,5053,10_5
6_9_10_112,6,9,10,112,115,5005,10_0,5127,10_5
6_9_10_114,6,9,10,114,99,5028,10_0,5126,10_5
6_9_12_42,6,9,12,42,25,2905,12_2,2929,12_7
6_9_12_44,6,9,12,44,95,2916,12_1,3022,12_0
6_9_12_64,6,9,12,64,28,4077,12_7,4104,12_2
6_9_13_40,6,9,13,40,327,2572,13_0,2898,13_5
6_9_13_52,6,9,13,52,48,2864,13_0,2911,13_8
6_9_13_62,6,9,13,62,58,4106,13_8,4163,13_0
6_11_3_50,6,11,3,50,37,2043,3_0,2079,3_5
6_11_3_67,6,11,3,67,24,3641,3_4,3664,3_0
6_11_4_42,6,11,4,42,256,2081,4_8,2336,4_8
6_11_4_66,6,11,4,66,92,3491,4_6,3625,4_8
6_11_6_112,6,11,6,112,105,5075,6_8,5189,6_0
6_11_6_118,6,11,6,118,105,5086,6_4,5190,6_0
6_11_7_103,6,11,7,103,60,5012,7_1,5071,7_8
6_11_7_104,6,11,7,104,50,5025,7_1,5074,7_8
6_13_2_8,6,13,2,8,104,1919,2_1,2026,2_0
6_13_2_11,6,13,2,11,148,1993,2_1,2140,2_0
6_13_2_21,6,13,2,21,65,2524,2_1,2588,2_0
6_13_2_23,6,13,2,23,168,2579,2_1,2747,2_0
6_13_2_51,6,13,2,51,76,3964,2_0,4039,2_2
6_13_2_52,6,13,2,52,73,3965,2_0,4037,2_2
6_13_3_64,6,13,3,64,36,4038,3_8,4073,3_0
6_13_3_66,6,13,3,66,28,4042,3_8,4069,3_0
6_13_4_6,6,13,4,6,111,1795,4_6,1914,4_8
6_13_4_10,6,13,4,10,84,1906,4_6,1989,4_5
6_13_4_16,6,13,4,16,146,2365,4_6,2520,4_8
6_13_4_21,6,13,4,21,95,2479,4_6,2573,4_5
6_13_6_47,6,13,6,47,83,1358,6_8,1440,6_0
6_13_6_48,6,13,6,48,71,1367,6_4,1437,6_0
6_13_7_15,6,13,7,15,41,1313,7_1,1354,7_8
6_13_7_16,6,13,7,16,30,1326,7_1,1355,7_8
6_15_5_36,6,15,5,36,43,2122,5_7,2164,5_1
6_15_6_17,6,15,6,17,62,509,6_4,570,6_0
6_15_6_21,6,15,6,21,39,594,6_4,632,6_3
6_15_6_83,6,15,6,83,361,2168,6_8,2528,6_0
6_15_7_8,6,15,7,8,35,464,7_1,498,7_8
6_15_7_10,6,15,7,10,104,484,7_6,587,7_8
6_15_9_5,6,15,9,5,128,561,9_2,689,9_0
6_15_9_6,6,15,9,6,143,563,9_1,705,9_0
6_15_10_6,6,15,10,6,126,428,10_0,560,10_5
6_15_10_9,6,15,10,9,118,441,10_0,559,10_5
6_15_13_68,6,15,13,68,43,1888,13_5,1948,13_0
6_15_13_74,6,15,13,74,78,1901,13_5,1978,13_0
6_15_13_79,6,15,13,79,84,1914,13_4,1997,13_0
6_15_14_50,6,15,14,50,38,1846,14_1,1884,14_8
6_15_14_54,6,15,14,54,29,1866,14_1,1894,14_8
6_15_14_55,6,15,14,55,34,1868,14_1,1901,14_8
6_17_2_58,6,17,2,58,180,4984,2_0,5165,2_2
6_17_2_76,6,17,2,76,100,5143,2_0,5242,2_5
6_17_3_11,6,17,3,11,54,1308,3_4,1380,3_0
6_17_3_20,6,17,3,20,198,1338,3_4,1581,3_0
6_17_3_111,6,17,3,111,52,5170,3_8,5221,3_0
6_17_4_22,6,17,4,22,93,1199,4_6,1294,4_8
6_17_4_28,6,17,4,28,47,1269,4_6,1324,4_8
6_17_4_89,6,17,4,89,97,5246,4_7,5360,4_6
6_17_9_19,6,17,9,19,50,1130,9_5,1179,9_2
6_17_10_54,6,17,10,54,718,1183,10_5,1921,10_1
6_17_12_8,6,17,12,8,130,1278,12_0,1448,12_2
6_17_12_73,6,17,12,73,171,4766,12_2,4953,12_0
6_17_12_74,6,17,12,74,183,4767,12_1,4949,12_0
6_17_13_30,6,17,13,30,147,1450,13_8,1596,13_1
6_17_13_115,6,17,13,115,30,4730,13_3,4759,13_5
6_17_13_116,6,17,13,116,29,4735,13_3,4763,13_8
6_19_5_24,6,19,5,24,56,834,5_0,889,5_5
6_19_5_29,6,19,5,29,37,887,5_6,923,5_1
6_19_6_19,6,19,6,19,59,925,6_8,983,6_0
6_19_6_22,6,19,6,22,92,934,6_8,1034,6_0
6_19_7_24,6,19,7,24,43,888,7_1,930,7_8
6_19_7_25,6,19,7,25,149,890,7_7,1039,7_6
6_19_12_34,6,19,12,34,443,485,12_2,927,12_5
6_19_12_43,6,19,12,43,32,898,12_7,929,12_5
6_19_13_2,6,19,13,2,417,67,13_4,483,13_8
6_19_13_5,6,19,13,5,36,139,13_8,182,13_3
6_19_13_7,6,19,13,7,109,144,13_8,252,13_1
6_19_13_43,6,19,13,43,108,939,13_5,1046,13_1
6_19_13_67,6,19,13,67,33,2036,13_5,2097,13_1
6_19_13_71,6,19,13,71,57,2044,13_8,2100,13_1
6_19_14_4,6,19,14,4,36,99,14_1,134,14_8
6_19_14_7,6,19,14,7,24,118,14_1,141,14_8
6_19_14_65,6,19,14,65,44,1990,14_1,2037,14_8
6_19_14_71,6,19,14,71,29,2002,14_1,2030,14_8
7_9_2_48,7,9,2,48,125,3378,2_0,3563,2_2
7_9_2_56,7,9,2,56,50,3516,2_0,3565,2_2
7_9_2_83,7,9,2,83,113,4813,2_0,4929,2_2
7_9_2_87,7,9,2,87,100,4831,2_0,4930,2_2
7_9_3_52,7,9,3,52,75,3567,3_8,3641,3_0
7_9_3_53,7,9,3,53,69,3570,3_5,3638,3_0
7_9_3_81,7,9,3,81,65,4936,3_8,5000,3_0
7_9_3_84,7,9,3,84,54,4945,3_4,4998,3_0
7_9_5_91,7,9,5,91,98,4739,5_0,4836,5_2
7_9_5_92,7,9,5,92,33,4777,5_7,4809,5_1
7_9_6_34,7,9,6,34,139,2860,6_8,3000,6_0
7_9_6_36,7,9,6,36,57,2880,6_5,2936,6_1
7_9_6_80,7,9,6,80,51,4813,6_8,4863,6_0
7_9_6_81,7,9,6,81,41,4837,6_8,4877,6_0
7_9_7_32,7,9,7,32,283,2529,7_6,2858,7_8
7_9_7_49,7,9,7,49,54,2826,7_6,2879,7_8
7_11_6_70,7,11,6,70,57,2392,6_4,2448,6_0
7_11_6_73,7,11,6,73,37,2417,6_4,2453,6_3
7_11_7_55,7,11,7,55,41,2340,7_0,2380,7_8
7_11_7_59,7,11,7,59,39,2369,7_0,2407,7_8
7_13_2_28,7,13,2,28,162,531,2_0,731,2_5
7_13_2_40,7,13,2,40,177,653,2_1,866,2_0
7_13_2_88,7,13,2,88,148,1871,2_1,2044,2_0
7_13_2_89,7,13,2,89,184,1877,2_4,2093,2_0
7_13_2_134,7,13,2,134,392,3666,2_1,4115,2_2
7_13_2_146,7,13,2,146,178,3875,2_0,4052,2_2
7_13_3_58,7,13,3,58,96,4056,3_8,4151,3_0
7_13_3_63,7,13,3,63,85,4116,3_5,4200,3_0
7_13_4_11,7,13,4,11,278,350,4_8,651,4_5
7_13_4_39,7,13,4,39,119,733,4_7,882,4_6
7_13_4_74,7,13,4,74,244,1587,4_6,1871,4_5
7_13_4_86,7,13,4,86,129,1740,4_6,1868,4_8
7_13_6_90,7,13,6,90,57,3666,6_0,3722,6_8
7_13_6_91,7,13,6,91,38,3689,6_0,3726,6_5
7_13_6_109,7,13,6,109,59,3935,6_8,3999,6_0
7_13_6_110,7,13,6,110,398,3944,6_1,4341,6_8
7_13_6_126,7,13,6,126,60,4287,6_0,4355,6_8
7_13_7_87,7,13,7,87,196,3725,7_8,4051,7_6
7_13_7_88,7,13,7,88,152,3730,7_7,3881,7_6
7_13_7_93,7,13,7,93,33,3898,7_1,3930,7_8
7_13_7_106,7,13,7,106,42,4343,7_8,4384,7_1
7_13_7_110,7,13,7,110,38,4358,7_8,4395,7_1
7_15_9_7,7,15,9,7,225,1288,9_0,1516,9_2
7_15_9_12,7,15,9,12,191,1327,9_0,1517,9_1
7_15_9_53,7,15,9,53,143,3746,9_0,3895,9_1
7_15_9_55,7,15,9,55,134,3765,9_0,3898,9_2
7_15_10_29,7,15,10,29,48,1522,10_8,1569,10_1
7_15_10_33,7,15,10,33,37,1524,10_5,1560,10_1
7_15_10_88,7,15,10,88,33,3901,10_5,3933,10_1
7_15_10_89,7,15,10,89,28,3902,10_5,3929,10_1
7_15_12_144,7,15,12,144,100,5447,12_2,5555,12_0
7_15_13_66,7,15,13,66,55,5382,13_0,5439,13_5
7_15_13_67,7,15,13,67,80,5389,13_8,5468,13_5
7_15_14_101,7,15,14,101,213,5469,14_8,5686,14_6
7_19_5_29,7,19,5,29,38,1865,5_7,1909,5_2
7_19_5_30,7,19,5,30,35,1872,5_7,1906,5_2
7_19_5_37,7,19,5,37,74,1998,5_1,2071,5_1
7_19_6_21,7,19,6,21,69,1918,6_4,1988,6_8
7_19_6_22,7,19,6,22,77,1920,6_4,1996,6_8
8_11_2_24,8,11,2,24,157,1871,2_0,2066,2_5
8_11_4_65,8,11,4,65,77,2067,4_7,2143,4_6
8_11_6_53,8,11,6,53,31,1803,6_3,1833,6_5
8_11_6_64,8,11,6,64,149,2312,6_5,2460,6_0
8_11_7_45,8,11,7,45,250,1835,7_7,2137,7_1
8_11_7_54,8,11,7,54,192,2116,7_6,2307,7_8
9_9_3_52,9,9,3,52,118,2099,3_4,2219,3_0
9_9_3_53,9,9,3,53,104,2185,3_8,2288,3_0
9_9_3_54,9,9,3,54,171,2196,3_5,2366,3_0
9_9_4_49,9,9,4,49,398,1792,4_8,2189,4_8
9_9_4_58,9,9,4,58,78,2012,4_8,2089,4_8
9_9_4_62,9,9,4,62,74,2109,4_7,2182,4_8
9_9_5_37,9,9,5,37,37,4706,5_7,4742,5_2
9_9_5_38,9,9,5,38,26,4713,5_7,4738,5_2
9_9_6_55,9,9,6,55,64,4743,6_8,4806,6_0
9_9_6_57,9,9,6,57,55,4751,6_4,4805,6_0
9_9_9_74,9,9,9,74,360,4910,9_0,5282,9_2
9_9_9_89,9,9,9,89,183,5107,9_0,5289,9_2
9_9_10_79,9,9,10,79,45,5287,10_8,5331,10_1
9_9_10_80,9,9,10,80,30,5296,10_5,5325,10_1
9_11_2_76,9,11,2,76,149,4498,2_0,4684,2_5
9_11_2_79,9,11,2,79,48,4525,2_2,4572,2_2
9_11_3_65,9,11,3,65,110,3173,3_4,3290,3_0
9_11_3_107,9,11,3,107,31,4578,3_8,4608,3_1
9_11_4_73,9,11,4,73,123,3033,4_6,3158,4_8
9_11_4_131,9,11,4,131,104,4686,4_7,4790,4_6
9_11_5_50,9,11,5,50,250,3556,5_0,3855,5_2
9_11_5_56,9,11,5,56,86,3654,5_1,3739,5_0
9_11_6_46,9,11,6,46,63,3667,6_5,3729,6_0
9_11_6_50,9,11,6,50,55,3861,6_5,3915,6_0
9_11_7_76,9,11,7,76,174,3478,7_6,3653,7_5
9_11_7_83,9,11,7,83,34,3627,7_1,3660,7_8
9_11_13_41,9,11,13,41,32,2573,13_8,2604,13_3
9_11_13_44,9,11,13,44,29,2580,13_4,2608,13_3
9_11_14_21,9,11,14,21,38,2532,14_1,2569,14_8
9_11_14_22,9,11,14,22,30,2540,14_1,2569,14_8
9_13_2_17,9,13,2,17,214,431,2_4,669,2_0
9_13_2_119,9,13,2,119,110,4223,2_4,4332,2_0
9_13_2_120,9,13,2,120,107,4223,2_1,4331,2_0
9_13_2_189,9,13,2,189,558,5254,2_1,5900,2_0
9_13_2_230,9,13,2,230,117,5771,2_4,5887,2_0
9_13_3_10,9,13,3,10,44,380,3_8,423,3_0
9_13_3_150,9,13,3,150,162,3918,3_8,4079,3_5
9_13_3_151,9,13,3,151,30,3975,3_1,4004,3_5
9_13_3_242,9,13,3,242,74,5301,3_8,5374,3_0
9_13_4_2,9,13,4,2,257,64,4_6,378,4_8
9_13_4_28,9,13,4,28,90,338,4_6,430,4_5
9_13_4_121,9,13,4,121,94,3821,4_6,3914,4_8
9_13_4_130,9,13,4,130,145,4009,4_8,4171,4_6
9_13_4_136,9,13,4,136,190,4031,4_8,4220,4_5
9_13_4_138,9,13,4,138,44,4080,4_8,4123,4_7
9_13_4_142,9,13,4,142,103,4116,4_6,4218,4_5
9_13_4_187,9,13,4,187,171,5042,4_6,5251,4_5
9_13_4_193,9,13,4,193,184,5113,4_8,5296,4_8
9_13_4_211,9,13,4,211,495,5236,4_6,5770,4_5
9_13_12_29,9,13,12,29,98,1047,12_2,1163,12_0
9_13_12_32,9,13,12,32,24,1084,12_2,1107,12_7
9_13_12_73,9,13,12,73,121,1539,12_1,1684,12_0
9_13_12_198,9,13,12,198,177,4672,12_0,4848,12_2
9_13_12_199,9,13,12,199,176,4672,12_0,4847,12_2
9_13_13_22,9,13,13,22,28,1014,13_3,1041,13_8
9_13_13_23,9,13,13,23,56,1023,13_0,1078,13_8
9_13_13_34,9,13,13,34,68,1487,13_1,1565,13_1
9_13_13_36,9,13,13,36,47,1514,13_8,1560,13_1
9_13_13_37,9,13,13,37,49,1521,13_8,1569,13_1
9_13_13_150,9,13,13,150,85,4849,13_8,4933,13_0
9_13_13_155,9,13,13,155,79,4853,13_5,4931,13_0
9_13_13_167,9,13,13,167,125,4893,13_8,5018,13_1
9_13_13_171,9,13,13,171,32,4909,13_4,4947,13_0
9_13_14_12,9,13,14,12,120,1411,14_6,1533,14_5
9_13_14_14,9,13,14,14,34,1441,14_1,1474,14_8
9_13_14_16,9,13,14,16,49,1460,14_1,1508,14_8
9_13_14_21,9,13,14,21,27,1493,14_7,1519,14_8
9_13_14_104,9,13,14,104,36,4856,14_1,4891,14_8
9_13_14_105,9,13,14,105,36,4865,14_1,4900,14_8
9_15_6_26,9,15,6,26,73,1968,6_0,2040,6_8
9_15_6_27,9,15,6,27,59,1977,6_0,2035,6_5
9_15_6_28,9,15,6,28,57,1984,6_0,2040,6_5
9_15_6_40,9,15,6,40,103,2215,6_4,2317,6_0
9_15_6_144,9,15,6,144,44,5463,6_8,5506,6_1
9_15_7_39,9,15,7,39,245,1931,7_6,2205,7_8
9_15_7_44,9,15,7,44,36,2037,7_7,2072,7_0
9_15_7_47,9,15,7,47,36,2042,7_8,2077,7_1
9_15_7_48,9,15,7,48,47,2043,7_8,2089,7_0
9_15_7_196,9,15,7,196,42,5417,7_7,5458,7_8
9_15_9_6,9,15,9,6,52,605,9_2,656,9_0
9_15_9_8,9,15,9,8,136,625,9_2,760,9_0
9_15_10_11,9,15,10,11,84,517,10_0,602,10_5
9_15_10_12,9,15,10,12,79,546,10_0,624,10_5
9_17_2_23,9,17,2,23,112,1046,2_4,1157,2_0
9_17_2_24,9,17,2,24,174,1048,2_1,1255,2_2
9_17_4_6,9,17,4,6,185,846,4_6,1043,4_2
9_17_4_17,9,17,4,17,95,946,4_6,1047,4_5
9_19_12_43,9,19,12,43,63,1109,12_7,1177,12_2
9_19_12_45,9,19,12,45,47,1127,12_7,1185,12_2
9_19_12_46,9,19,12,46,38,1146,12_7,1183,12_2
9_19_12_83,9,19,12,83,169,4326,12_1,4507,12_0
9_19_12_84,9,19,12,84,173,4326,12_2,4507,12_0
9_19_13_36,9,19,13,36,99,1180,13_5,1279,13_0
9_19_13_38,9,19,13,38,99,1188,13_8,1286,13_0
9_19_13_41,9,19,13,41,100,1189,13_8,1291,13_0
9_19_13_65,9,19,13,65,33,4289,13_1,4321,13_8
9_19_13_66,9,19,13,66,25,4294,13_1,4318,13_5
10_9_6_19,10,9,6,19,75,2520,6_8,2594,6_0
10_9_6_20,10,9,6,20,73,2522,6_5,2594,6_0
10_9_7_28,10,9,7,28,42,2476,7_1,2517,7_8
10_9_7_29,10,9,7,29,29,2486,7_1,2514,7_8
10_11_2_29,10,11,2,29,139,1961,2_0,2099,2_5
10_11_2_37,10,11,2,37,115,2091,2_0,2205,2_5
10_11_4_56,10,11,4,56,112,2105,4_4,2216,4_6
10_11_4_66,10,11,4,66,55,2212,4_7,2266,4_6
10_11_9_10,10,11,9,10,89,954,9_0,1064,9_2
10_11_9_12,10,11,9,12,71,990,9_0,1060,9_2
10_11_9_57,10,11,9,57,178,4976,9_2,5166,9_0
10_11_9_59,10,11,9,59,151,5017,9_2,5167,9_0
10_11_9_60,10,11,9,60,159,5018,9_2,5176,9_0
10_11_10_20,10,11,10,20,30,1061,10_5,1090,10_1
10_11_10_25,10,11,10,25,29,1067,10_5,1095,10_1
10_11_10_99,10,11,10,99,125,4886,10_0,5013,10_5
10_11_10_103,10,11,10,103,75,4898,10_0,4972,10_5
10_11_10_105,10,11,10,105,91,4914,10_0,5012,10_5
10_13_2_75,10,13,2,75,167,1986,2_1,2152,2_0
10_13_2_119,10,13,2,119,193,3147,2_0,3345,2_2
10_13_2_133,10,13,2,133,72,3339,2_0,3412,2_5
10_13_2_135,10,13,2,135,120,3391,2_0,3510,2_5
10_13_2_146,10,13,2,146,146,3677,2_1,3842,2_0
10_13_2_182,10,13,2,182,77,4742,2_0,4824,2_8
10_13_2_192,10,13,2,192,37,4793,2_0,4834,2_8
10_13_2_209,10,13,2,209,78,4838,2_1,4921,2_0
10_13_3_106,10,13,3,106,84,3348,3_8,3431,3_0
10_13_4_58,10,13,4,58,92,1891,4_8,1982,4_8
10_13_4_147,10,13,4,147,102,3414,4_7,3526,4_6
10_13_4_151,10,13,4,151,86,3512,4_4,3597,4_6
10_13_4_153,10,13,4,153,124,3521,4_6,3672,4_5
10_13_4_210,10,13,4,210,48,4772,4_6,4833,4_8
10_13_4_221,10,13,4,221,172,4825,4_4,5057,4_6
10_13_4_227,10,13,4,227,203,4835,4_4,5056,4_6
10_13_12_31,10,13,12,31,136,1682,12_0,1818,12_2
10_13_12_106,10,13,12,106,32,5177,12_7,5208,12_2
10_13_12_107,10,13,12,107,24,5184,12_7,5207,12_5
10_13_13_9,10,13,13,9,76,397,13_1,472,13_0
10_13_13_14,10,13,13,14,63,410,13_4,475,13_0
10_13_13_59,10,13,13,59,160,1826,13_4,1988,13_0
10_13_13_101,10,13,13,101,33,2248,13_3,2280,13_5
10_13_13_190,10,13,13,190,33,5212,13_5,5276,13_1
10_13_13_195,10,13,13,195,67,5217,13_5,5283,13_1
10_13_14_3,10,13,14,3,40,348,14_1,387,14_8
10_13_14_5,10,13,14,5,38,358,14_1,395,14_8
10_13_14_30,10,13,14,30,24,2285,14_8,2308,14_1
10_15_2_40,10,15,2,40,96,5507,2_0,5602,2_2
10_15_2_43,10,15,2,43,66,5598,2_0,5663,2_5
10_15_4_153,10,15,4,153,58,5605,4_7,5666,4_6
10_15_4_157,10,15,4,157,63,5665,4_7,5756,4_6
10_17_3_68,10,17,3,68,222,5664,3_4,5885,3_2
10_17_3_71,10,17,3,71,79,5719,3_4,5809,3_0
10_17_3_77,10,17,3,77,55,5757,3_8,5811,3_0
10_17_3_79,10,17,3,79,79,5764,3_4,5861,3_0
10_17_4_123,10,17,4,123,148,5456,4_6,5648,4_8
10_17_4_141,10,17,4,141,72,5634,4_6,5705,4_8
10_17_4_147,10,17,4,147,76,5655,4_6,5748,4_8
10_17_4_148,10,17,4,148,76,5674,4_6,5749,4_8
11_9_2_21,11,9,2,21,205,1992,2_0,2218,2_5
11_9_4_24,11,9,4,24,76,2219,4_7,2298,4_6
11_9_9_44,11,9,9,44,100,2622,9_0,2723,9_2
11_9_9_45,11,9,9,45,97,2623,9_0,2719,9_2
11_9_10_35,11,9,10,35,128,2721,10_8,2848,10_4
11_9_10_37,11,9,10,37,191,2726,10_5,2916,10_4
11_11_2_9,11,11,2,9,87,380,2_1,468,2_0
11_11_2_13,11,11,2,13,160,465,2_1,625,2_0
11_11_2_55,11,11,2,55,133,2372,2_0,2504,2_5
11_11_2_58,11,11,2,58,92,2412,2_0,2503,2_5
11_11_2_79,11,11,2,79,195,3305,2_0,3508,2_5
11_11_2_84,11,11,2,84,147,3359,2_0,3505,2_5
11_11_2_122,11,11,2,122,92,4816,2_4,4907,2_0
11_11_2_123,11,11,2,123,89,4816,2_1,4904,2_0
11_11_3_19,11,11,3,19,31,1609,3_8,1639,3_0
11_11_3_21,11,11,3,21,24,1612,3_4,1635,3_0
11_11_4_7,11,11,4,7,74,306,4_6,379,4_5
11_11_4_8,11,11,4,8,90,372,4_6,461,4_8
11_11_4_25,11,11,4,25,158,1407,4_6,1600,4_8
11_11_4_30,11,11,4,30,122,1476,4_6,1602,4_8
11_11_4_60,11,11,4,60,100,2508,4_4,2641,4_6
11_11_4_61,11,11,4,61,66,2508,4_7,2574,4_6
11_11_4_82,11,11,4,82,59,3508,4_7,3585,4_6
11_11_4_84,11,11,4,84,102,3511,4_7,3620,4_6
11_11_4_108,11,11,4,108,98,4716,4_6,4813,4_5
11_11_4_109,11,11,4,109,85,4723,4_6,4814,4_8
11_11_12_125,11,11,12,125,30,5576,12_7,5605,12_5
11_11_13_116,11,11,13,116,282,5615,13_5,5898,13_0
11_13_2_21,11,13,2,21,242,1452,2_4,1704,2_2
11_13_2_22,11,13,2,22,67,1455,2_1,1522,2_0
11_13_2_99,11,13,2,99,187,2916,2_0,3137,2_5
11_13_2_111,11,13,2,111,129,3217,2_0,3346,2_5
11_13_2_119,11,13,2,119,66,3290,2_0,3359,2_5
11_13_2_123,11,13,2,123,145,3686,2_0,3853,2_8
11_13_2_143,11,13,2,143,209,4056,2_0,4275,2_5
11_13_2_144,11,13,2,144,194,4061,2_0,4273,2_5
11_13_4_42,11,13,4,42,208,1219,4_6,1449,4_8
11_13_4_48,11,13,4,48,196,1252,4_6,1450,4_5
11_13_4_182,11,13,4,182,173,3139,4_7,3360,4_6
11_13_4_204,11,13,4,204,29,3348,4_7,3376,4_6
11_13_4_209,11,13,4,209,222,3362,4_4,3586,4_6
11_13_4_244,11,13,4,244,179,3854,4_4,4060,4_6
11_13_4_290,11,13,4,290,118,4277,4_7,4394,4_6
11_13_4_291,11,13,4,291,198,4278,4_7,4480,4_5
11_13_6_54,11,13,6,54,71,2033,6_4,2103,6_0
11_13_7_86,11,13,7,86,51,1962,7_0,2019,7_8
11_13_9_6,11,13,9,6,26,2083,9_2,2108,9_4
11_13_9_8,11,13,9,8,159,2091,9_1,2249,9_0
11_13_10_42,11,13,10,42,111,1974,10_0,2084,10_5
11_13_10_49,11,13,10,49,84,1994,10_0,2077,10_5
11_15_2_71,11,15,2,71,133,4683,2_0,4815,2_2
11_15_2_74,11,15,2,74,122,4688,2_0,4816,2_2
11_15_3_148,11,15,3,148,31,4816,3_8,4876,3_0
11_15_3_151,11,15,3,151,420,4834,3_4,5327,3_0
11_15_5_10,11,15,5,10,61,664,5_2,725,5_0
11_15_5_37,11,15,5,37,26,1938,5_2,1963,5_7
11_15_6_11,11,15,6,11,28,633,6_0,660,6_8
11_15_6_19,11,15,6,19,60,953,6_5,1012,6_0
11_15_6_22,11,15,6,22,87,991,6_5,1077,6_0
11_15_6_41,11,15,6,41,95,1840,6_0,1934,6_8
11_15_6_46,11,15,6,46,66,1863,6_0,1933,6_8
11_15_7_19,11,15,7,19,33,916,7_1,948,7_8
11_15_7_20,11,15,7,20,48,938,7_1,985,7_8
11_15_7_29,11,15,7,29,44,1936,7_8,1979,7_1
11_15_9_45,11,15,9,45,43,2465,9_2,2507,9_0
11_15_9_53,11,15,9,53,178,2562,9_2,2746,9_0
11_15_9_55,11,15,9,55,166,2567,9_1,2733,9_0
11_15_10_70,11,15,10,70,51,2414,10_0,2464,10_5
11_15_10_71,11,15,10,71,113,2428,10_0,2560,10_5
11_15_10_74,11,15,10,74,114,2434,10_0,2558,10_5
11_15_13_20,11,15,13,20,173,717,13_5,907,13_4
11_15_13_27,11,15,13,27,65,736,13_1,808,13_4
11_15_14_4,11,15,14,4,39,677,14_1,715,14_8
11_15_14_6,11,15,14,6,36,687,14_1,722,14_8
11_17_2_110,11,17,2,110,102,5608,2_0,5709,2_2
11_17_3_117,11,17,3,117,110,5726,3_4,5835,3_0
11_17_5_1,11,17,5,1,51,1,5_0,51,5_1
11_17_6_10,11,17,6,10,34,53,6_8,86,6_0
11_17_12_8,11,17,12,8,480,956,12_7,1512,12_2
11_17_12_41,11,17,12,41,28,1455,12_7,1482,12_2
11_17_13_26,11,17,13,26,63,1484,13_8,1546,13_0
11_17_13_28,11,17,13,28,97,1516,13_8,1612,13_1
11_19_5_2,11,19,5,2,39,161,5_6,199,5_1
11_19_5_3,11,19,5,3,28,169,5_7,201,5_1
11_19_6_9,11,19,6,9,76,202,6_8,287,6_3
11_19_6_11,11,19,6,11,52,206,6_8,260,6_3
12_9_12_148,12,9,12,148,108,4830,12_0,4959,12_2
12_9_13_157,12,9,13,157,72,4962,13_5,5033,13_1
12_11_2_42,12,11,2,42,97,2312,2_1,2408,2_0
12_11_2_72,12,11,2,72,172,4311,2_0,4482,2_2
12_11_2_73,12,11,2,73,138,4436,2_2,4573,2_2
12_11_3_82,12,11,3,82,37,4484,3_8,4520,3_0
12_11_3_87,12,11,3,87,164,4578,3_8,4754,3_0
12_11_4_28,12,11,4,28,84,2226,4_6,2309,4_5
12_11_6_134,12,11,6,134,50,5499,6_3,5548,6_5
12_11_6_137,12,11,6,137,44,5505,6_3,5548,6_8
12_11_7_95,12,11,7,95,201,5549,7_8,5777,7_6
12_11_7_98,12,11,7,98,214,5552,7_8,5777,7_6
12_11_12_19,12,11,12,19,189,1035,12_0,1224,12_5
12_11_12_39,12,11,12,39,97,1204,12_0,1306,12_2
12_11_12_66,12,11,12,66,54,2870,12_1,2949,12_0
12_11_12_69,12,11,12,69,130,2884,12_1,3013,12_0
12_11_12_123,12,11,12,123,73,4663,12_2,4735,12_5
12_11_12_156,12,11,12,156,170,5306,12_7,5475,12_2
12_11_12_200,12,11,12,200,130,5732,12_2,5861,12_0
12_11_13_24,12,11,13,24,124,1231,13_5,1354,13_1
12_11_13_30,12,11,13,30,24,1309,13_8,1340,13_1
12_11_13_95,12,11,13,95,268,4370,13_1,4657,13_8
12_11_13_127,12,11,13,127,198,5477,13_8,5674,13_5
12_11_13_141,12,11,13,141,69,5658,13_0,5726,13_8
12_11_14_35,12,11,14,35,71,2798,14_6,2868,14_8
12_11_14_36,12,11,14,36,51,2808,14_6,2880,14_5
12_13_2_141,12,13,2,141,91,3583,2_1,3673,2_0
12_13_2_143,12,13,2,143,80,3589,2_4,3688,2_0
12_13_2_190,12,13,2,190,94,5265,2_4,5382,2_0
12_13_2_191,12,13,2,191,35,5267,2_1,5301,2_0
12_13_2_194,12,13,2,194,117,5278,2_1,5404,2_0
12_13_2_203,12,13,2,203,151,5521,2_1,5671,2_0
12_13_3_152,12,13,3,152,57,5606,3_8,5662,3_0
12_13_3_155,12,13,3,155,32,5621,3_1,5652,3_3
12_13_4_201,12,13,4,201,196,3343,4_6,3579,4_5
12_13_4_211,12,13,4,211,165,3401,4_6,3581,4_2
12_13_4_321,12,13,4,321,247,4944,4_2,5259,4_5
12_13_4_341,12,13,4,341,95,5162,4_6,5259,4_8
12_13_4_343,12,13,4,343,68,5202,4_6,5272,4_5
12_13_4_354,12,13,4,354,168,5336,4_6,5513,4_5
12_13_4_364,12,13,4,364,110,5480,4_8,5605,4_8
12_13_4_369,12,13,4,369,82,5519,4_6,5600,4_8
12_15_3_13,12,15,3,13,50,1725,3_4,1776,3_0
12_15_3_16,12,15,3,16,27,1739,3_4,1765,3_0
12_15_4_40,12,15,4,40,68,1645,4_6,1712,4_8
12_15_4_43,12,15,4,43,34,1693,4_6,1726,4_8
12_15_12_2,12,15,12,2,138,126,12_0,263,12_2
12_15_12_4,12,15,12,4,129,129,12_0,266,12_2
12_15_12_58,12,15,12,58,148,3704,12_1,3851,12_0
12_15_12_96,12,15,12,96,36,4971,12_7,5006,12_2
12_15_13_8,12,15,13,8,78,265,13_8,342,13_0
12_15_13_10,12,15,13,10,71,270,13_5,340,13_0
12_15_13_57,12,15,13,57,504,3193,13_0,3698,13_8
12_15_13_123,12,15,13,123,76,5015,13_4,5093,13_0
12_17_6_4,12,17,6,4,39,585,6_8,623,6_0
12_17_6_9,12,17,6,9,188,675,6_4,862,6_0
12_17_6_45,12,17,6,45,56,2440,6_3,2495,6_8
12_17_7_9,12,17,7,9,169,416,7_6,584,7_8
12_17_7_17,12,17,7,17,80,584,7_1,663,7_8
12_17_7_50,12,17,7,50,35,2496,7_8,2530,7_1
12_19_2_75,12,19,2,75,111,2461,2_1,2575,2_0
12_19_2_80,12,19,2,80,88,2601,2_1,2702,2_0
12_19_4_44,12,19,4,44,85,2373,4_6,2457,4_8
12_19_4_57,12,19,4,57,115,2466,4_6,2593,4_8
12_19_5_33,12,19,5,33,28,2676,5_2,2703,5_7
12_19_5_34,12,19,5,34,33,2679,5_2,2711,5_7
12_19_6_12,12,19,6,12,72,1429,6_8,1511,6_3
12_19_6_16,12,19,6,16,60,1442,6_4,1501,6_3
12_19_6_25,12,19,6,25,77,2601,6_0,2677,6_8
12_19_6_26,12,19,6,26,72,2603,6_0,2674,6_5
12_19_7_6,12,19,7,6,43,1383,7_1,1425,7_8
12_19_7_7,12,19,7,7,40,1390,7_1,1429,7_8
12_19_9_29,12,19,9,29,154,2456,9_0,2609,9_2
12_19_9_35,12,19,9,35,139,2469,9_0,2607,9_2
12_19_10_36,12,19,10,36,113,2615,10_8,2755,10_0
12_19_10_41,12,19,10,41,129,2622,10_1,2758,10_0
13_9_2_103,13,9,2,103,228,5264,2_0,5503,2_2
13_9_2_112,13,9,2,112,77,5439,2_0,5515,2_5
13_9_2_133,13,9,2,133,90,5859,2_1,5948,2_0
13_9_2_137,13,9,2,137,70,5876,2_4,5953,2_0
13_9_3_105,13,9,3,105,176,5709,3_5,5890,3_0
13_9_4_94,13,9,4,94,194,5512,4_7,5705,4_8
13_9_4_95,13,9,4,95,56,5516,4_7,5575,4_7
13_9_4_100,13,9,4,100,169,5688,4_2,5856,4_8
13_9_4_109,13,9,4,109,62,5811,4_6,5872,4_5
13_11_5_58,13,11,5,58,34,3203,5_7,3237,5_2
13_11_5_60,13,11,5,60,33,3225,5_7,3263,5_1
13_11_5_63,13,11,5,63,34,3232,5_7,3265,5_2
13_11_6_38,13,11,6,38,107,3248,6_4,3378,6_0
13_11_6_44,13,11,6,44,134,3264,6_8,3397,6_0
13_11_6_47,13,11,6,47,151,3279,6_4,3449,6_8
13_11_12_71,13,11,12,71,139,2299,12_2,2438,12_0
13_11_12_72,13,11,12,72,136,2300,12_2,2435,12_0
13_11_13_67,13,11,13,67,39,2254,13_3,2292,13_8
13_11_13_68,13,11,13,68,34,2259,13_3,2292,13_8
13_13_2_50,13,13,2,50,214,2212,2_1,2465,2_2
13_13_2_51,13,13,2,51,72,2216,2_1,2287,2_0
13_13_2_57,13,13,2,57,78,2701,2_1,2793,2_0
13_13_2_59,13,13,2,59,100,2756,2_1,2861,2_0
13_13_2_67,13,13,2,67,103,3209,2_1,3311,2_0
13_13_2_72,13,13,2,72,145,3358,2_1,3535,2_0
13_13_2_81,13,13,2,81,29,3397,2_1,3425,2_0
13_13_2_82,13,13,2,82,125,3399,2_1,3529,2_0
13_13_2_129,13,13,2,129,50,4347,2_1,4396,2_0
13_13_2_132,13,13,2,132,110,4356,2_1,4465,2_0
13_13_2_139,13,13,2,139,98,4442,2_0,4539,2_5
13_13_2_152,13,13,2,152,81,4723,2_1,4807,2_0
13_13_2_163,13,13,2,163,26,4815,2_1,4840,2_0
13_13_2_168,13,13,2,168,174,4831,2_1,5054,2_0
13_13_2_169,13,13,2,169,152,4832,2_1,4992,2_0
13_13_2_212,13,13,2,212,146,5790,2_0,5945,2_5
13_13_2_218,13,13,2,218,35,5909,2_0,5957,2_5
13_13_3_137,13,13,3,137,75,1487,3_4,1582,3_0
13_13_3_138,13,13,3,138,72,1488,3_4,1559,3_0
13_13_4_39,13,13,4,39,145,1326,4_6,1477,4_8
13_13_4_40,13,13,4,40,146,1326,4_6,1472,4_8
13_13_4_74,13,13,4,74,70,2141,4_6,2210,4_5
13_13_4_76,13,13,4,76,69,2144,4_6,2212,4_8
13_13_4_87,13,13,4,87,140,2584,4_7,2755,4_8
13_13_4_91,13,13,4,91,60,2639,4_6,2698,4_8
13_13_4_110,13,13,4,110,54,3152,4_6,3206,4_8
13_13_4_111,13,13,4,111,162,3196,4_6,3357,4_8
13_13_4_115,13,13,4,115,118,3274,4_6,3392,4_5
13_13_4_116,13,13,4,116,113,3275,4_6,3396,4_5
13_13_4_157,13,13,4,157,190,4147,4_6,4343,4_5
13_13_4_158,13,13,4,158,138,4150,4_6,4355,4_5
13_13_4_183,13,13,4,183,137,4541,4_7,4678,4_5
13_13_4_193,13,13,4,193,56,4663,4_6,4719,4_5
13_13_4_199,13,13,4,199,100,4712,4_6,4811,4_5
13_13_4_201,13,13,4,201,83,4736,4_6,4830,4_5
13_13_4_204,13,13,4,204,67,4754,4_6,4830,4_8
13_13_4_248,13,13,4,248,53,5948,4_7,6000,4_6
13_13_4_252,13,13,4,252,27,5958,4_7,5995,4_6
13_13_5_15,13,13,5,15,29,673,5_7,701,5_2
13_13_5_17,13,13,5,17,26,691,5_7,716,5_2
13_13_5_27,13,13,5,27,37,1067,5_1,1103,5_7
13_13_5_47,13,13,5,47,33,1859,5_1,1891,5_7
13_13_5_49,13,13,5,49,44,1861,5_1,1905,5_7
13_13_5_55,13,13,5,55,29,1986,5_2,2014,5_7
13_13_5_56,13,13,5,56,36,1987,5_1,2022,5_7
13_13_6_15,13,13,6,15,71,702,6_5,772,6_0
13_13_6_26,13,13,6,26,61,717,6_5,777,6_0
13_13_6_36,13,13,6,36,142,887,6_0,1062,6_8
13_13_6_40,13,13,6,40,125,943,6_8,1067,6_8
13_13_6_42,13,13,6,42,84,966,6_5,1056,6_0
13_13_6_58,13,13,6,58,74,1088,6_5,1161,6_0
13_13_6_71,13,13,6,71,71,1783,6_0,1853,6_8
13_13_6_74,13,13,6,74,72,1789,6_0,1860,6_8
13_13_6_91,13,13,6,91,72,1909,6_0,1980,6_8
13_13_6_92,13,13,6,92,70,1910,6_0,1979,6_8
13_13_6_98,13,13,6,98,30,1952,6_0,1984,6_8
13_13_6_155,13,13,6,155,85,3618,6_8,3702,6_0
13_13_6_158,13,13,6,158,41,3656,6_5,3696,6_0
13_13_7_39,13,13,7,39,186,902,7_1,1087,7_8
13_13_7_43,13,13,7,43,36,925,7_1,960,7_8
13_13_7_48,13,13,7,48,30,1070,7_8,1099,7_1
13_13_7_88,13,13,7,88,26,1980,7_8,2005,7_1
13_13_7_173,13,13,7,173,69,3548,7_6,3616,7_8
13_13_7_177,13,13,7,177,73,3572,7_6,3652,7_8
13_13_9_5,13,13,9,5,130,183,9_2,321,9_0
13_13_9_29,13,13,9,29,81,743,9_0,862,9_2
13_13_9_35,13,13,9,35,117,760,9_2,886,9_2
13_13_9_47,13,13,9,47,50,798,9_0,847,9_2
13_13_9_55,13,13,9,55,124,871,9_0,994,9_2
13_13_9_93,13,13,9,93,123,1719,9_2,1841,9_0
13_13_9_94,13,13,9,94,81,1721,9_2,1810,9_0
13_13_9_100,13,13,9,100,42,1759,9_0,1800,9_2
13_13_9_104,13,13,9,104,27,1777,9_0,1803,9_2
13_13_9_109,13,13,9,109,83,1791,9_0,1873,9_2
13_13_9_115,13,13,9,115,86,1826,9_0,1911,9_2
13_13_9_154,13,13,9,154,123,2272,9_0,2397,9_2
13_13_9_161,13,13,9,161,111,2289,9_0,2407,9_2
13_13_9_166,13,13,9,166,40,2372,9_3,2411,9_2
13_13_9_192,13,13,9,192,80,4351,9_1,4434,9_0
13_13_9_200,13,13,9,200,127,5567,9_0,5701,9_2
13_13_10_2,13,13,10,2,166,1,10_0,182,10_5
13_13_10_63,13,13,10,63,53,850,10_8,902,10_1
13_13_10_69,13,13,10,69,84,864,10_8,957,10_1
13_13_10_79,13,13,10,79,179,906,10_1,1086,10_4
13_13_10_98,13,13,10,98,161,996,10_8,1156,10_0
13_13_10_122,13,13,10,122,127,1588,10_0,1716,10_5
13_13_10_129,13,13,10,129,86,1634,10_0,1719,10_5
13_13_10_160,13,13,10,160,136,1801,10_8,1936,10_4
13_13_10_166,13,13,10,166,198,1812,10_5,2046,10_0
13_13_10_175,13,13,10,175,93,1877,10_5,1973,10_0
13_13_10_189,13,13,10,189,53,1916,10_5,1980,10_0
13_13_10_214,13,13,10,214,40,2400,10_8,2441,10_0
13_13_10_223,13,13,10,223,154,2411,10_8,2578,10_0
13_13_10_227,13,13,10,227,41,2415,10_5,2455,10_0
13_13_10_323,13,13,10,323,183,4159,10_0,4349,10_5
13_13_10_417,13,13,10,417,30,5702,10_8,5731,10_1
13_13_12_22,13,13,12,22,227,179,12_0,448,12_2
13_13_12_32,13,13,12,32,70,362,12_0,444,12_2
13_13_12_141,13,13,12,141,88,1118,12_0,1226,12_2
13_13_12_153,13,13,12,153,39,1169,12_7,1207,12_2
13_13_12_350,13,13,12,350,124,2826,12_0,2971,12_2
13_13_12_465,13,13,12,465,108,4645,12_0,4752,12_2
13_13_12_467,13,13,12,467,94,4653,12_0,4750,12_2
13_13_13_54,13,13,13,54,24,447,13_8,470,13_1
13_13_13_58,13,13,13,58,26,451,13_8,476,13_1
13_13_13_95,13,13,13,95,130,1212,13_8,1350,13_4
13_13_13_99,13,13,13,99,273,1228,13_8,1516,13_8
13_13_13_115,13,13,13,115,84,1462,13_0,1547,13_5
13_13_13_126,13,13,13,126,90,1528,13_0,1617,13_5
13_13_13_165,13,13,13,165,109,1685,13_4,1806,13_4
13_13_13_293,13,13,13,293,60,2977,13_8,3036,13_1
13_13_13_396,13,13,13,396,44,4519,13_1,4562,13_1
13_13_13_412,13,13,13,412,64,4552,13_8,4615,13_1
13_13_13_420,13,13,13,420,74,4754,13_8,4835,13_1
13_13_13_421,13,13,13,421,81,4755,13_8,4839,13_1
13_13_14_119,13,13,14,119,32,1550,14_8,1598,14_6
13_13_14_132,13,13,14,132,47,1620,14_8,1666,14_6
13_13_14_133,13,13,14,133,37,1636,14_1,1672,14_8
13_13_14_295,13,13,14,295,132,4417,14_6,4549,14_8
13_13_14_297,13,13,14,297,29,4478,14_1,4506,14_8
13_19_6_92,13,19,6,92,64,5772,6_8,5835,6_3
13_19_6_96,13,19,6,96,36,5782,6_4,5817,6_3
13_19_7_83,13,19,7,83,41,5728,7_1,5768,7_8
13_19_7_90,13,19,7,90,26,5748,7_1,5773,7_8
13_19_9_50,13,19,9,50,154,3530,9_0,3716,9_2
13_19_9_55,13,19,9,55,125,3550,9_0,3701,9_2
13_19_9_57,13,19,9,57,76,3628,9_0,3709,9_2
13_19_9_65,13,19,9,65,45,3677,9_0,3727,9_1
13_19_10_76,13,19,10,76,29,3716,10_5,3744,10_1
13_19_10_80,13,19,10,80,40,3718,10_8,3757,10_1
13_19_10_83,13,19,10,83,26,3723,10_1,3748,10_1
13_19_10_92,13,19,10,92,31,3735,10_5,3765,10_1
14_9_3_45,14,9,3,45,172,5814,3_5,5991,3_0
14_9_4_72,14,9,4,72,398,5410,4_2,5807,4_8
14_13_2_64,14,13,2,64,164,1487,2_0,1656,2_5
14_13_2_66,14,13,2,66,131,1528,2_0,1658,2_5
14_13_2_83,14,13,2,83,171,1701,2_1,1874,2_5
14_13_2_92,14,13,2,92,136,1748,2_0,1883,2_5
14_13_4_76,14,13,4,76,101,1596,4_6,1696,4_5
14_13_4_82,14,13,4,82,91,1657,4_7,1777,4_6
14_13_4_83,14,13,4,83,98,1660,4_4,1777,4_6
14_13_4_110,14,13,4,110,91,1884,4_4,1997,4_6
14_13_9_30,14,13,9,30,148,2839,9_2,2986,9_0
14_13_9_31,14,13,9,31,141,2841,9_2,2981,9_0
14_13_10_87,14,13,10,87,195,2596,10_0,2836,10_5
14_13_10_89,14,13,10,89,133,2706,10_0,2838,10_5
14_13_12_102,14,13,12,102,156,3965,12_0,4130,12_2
14_13_12_106,14,13,12,106,37,4102,12_7,4140,12_2
14_13_13_122,14,13,13,122,52,4123,13_5,4201,13_0
14_13_13_126,14,13,13,126,71,4136,13_8,4212,13_1
14_13_13_129,14,13,13,129,33,4142,13_8,4176,13_0
14_13_13_131,14,13,13,131,37,4145,13_8,4181,13_0
14_13_14_51,14,13,14,51,25,4092,14_1,4116,14_8
14_13_14_52,14,13,14,52,39,4099,14_1,4137,14_8
14_15_2_50,14,15,2,50,115,3809,2_1,4005,2_0
14_15_2_51,14,15,2,51,77,3810,2_1,3905,2_0
14_15_4_38,14,15,4,38,111,3670,4_6,3803,4_8
14_15_4_46,14,15,4,46,94,3710,4_6,3803,4_5
14_15_6_16,14,15,6,16,48,818,6_0,865,6_5
14_15_6_17,14,15,6,17,77,824,6_0,900,6_8
14_15_7_23,14,15,7,23,119,870,7_7,1007,7_6
14_15_7_24,14,15,7,24,25,901,7_8,925,7_1
14_15_9_30,14,15,9,30,173,1215,9_0,1394,9_2
14_15_9_37,14,15,9,37,107,1257,9_0,1363,9_1
14_15_9_86,14,15,9,86,114,4669,9_2,4782,9_2
14_15_9_96,14,15,9,96,142,4767,9_0,4908,9_2
14_15_10_59,14,15,10,59,53,1368,10_5,1420,10_0
14_15_10_64,14,15,10,64,37,1396,10_5,1432,10_1
14_15_10_153,14,15,10,153,157,4784,10_8,4940,10_4
14_15_10_158,14,15,10,158,54,4911,10_8,4964,10_4
14_15_12_226,14,15,12,226,113,2736,12_0,2917,12_2
14_15_12_236,14,15,12,236,89,2893,12_0,2981,12_2
14_15_12_242,14,15,12,242,40,2957,12_0,2998,12_2
14_15_12_327,14,15,12,327,152,5111,12_0,5272,12_2
14_15_12_343,14,15,12,343,57,5177,12_0,5238,12_2
14_15_12_350,14,15,12,350,146,5304,12_2,5449,12_7
14_15_13_106,14,15,13,106,162,2493,13_1,2654,13_5
14_15_13_117,14,15,13,117,74,2922,13_5,2995,13_1
14_15_13_122,14,15,13,122,95,2990,13_4,3104,13_0
14_15_13_125,14,15,13,125,80,2999,13_8,3078,13_1
14_15_13_172,14,15,13,172,124,5179,13_0,5302,13_8
14_15_13_180,14,15,13,180,66,5239,13_5,5304,13_1
14_15_13_186,14,15,13,186,46,5273,13_5,5318,13_1
14_15_14_93,14,15,14,93,101,2658,14_8,2779,14_6
14_19_5_4,14,19,5,4,25,2016,5_1,2040,5_7
14_19_6_3,14,19,6,3,82,1922,6_3,2006,6_5
14_19_6_6,14,19,6,6,68,1939,6_3,2013,6_8
14_19_6_8,14,19,6,8,54,1962,6_3,2015,6_8
14_19_7_4,14,19,7,4,30,2013,7_7,2042,7_1
14_19_7_6,14,19,7,6,47,2017,7_8,2063,7_1
15_9_2_43,15,9,2,43,179,3560,2_0,3774,2_2
15_9_2_45,15,9,2,45,123,3626,2_0,3748,2_2
15_9_2_53,15,9,2,53,98,3751,2_0,3848,2_2
15_9_2_106,15,9,2,106,166,5439,2_4,5665,2_0
15_9_3_36,15,9,3,36,56,3753,3_5,3808,3_0
15_9_3_38,15,9,3,38,113,3775,3_8,3888,3_0
15_9_3_43,15,9,3,43,142,3849,3_8,3990,3_0
15_9_3_71,15,9,3,71,71,5534,3_5,5604,3_0
15_9_3_72,15,9,3,72,181,5536,3_8,5716,3_0
15_9_4_53,15,9,4,53,441,5090,4_5,5530,4_8
15_9_4_55,15,9,4,55,116,5320,4_6,5436,4_5
15_9_4_58,15,9,4,58,34,5494,4_8,5527,4_8
15_11_2_37,15,11,2,37,73,2096,2_4,2168,2_0
15_11_2_40,15,11,2,40,123,2151,2_1,2276,2_0
15_11_4_41,15,11,4,41,89,2003,4_6,2091,4_5
15_11_4_42,15,11,4,42,103,2031,4_7,2147,4_5
15_11_6_128,15,11,6,128,69,3548,6_5,3631,6_0
15_11_6_129,15,11,6,129,194,3556,6_8,3749,6_0
15_11_6_130,15,11,6,130,52,3557,6_4,3608,6_0
15_11_7_117,15,11,7,117,41,3502,7_1,3542,7_8
15_11_7_120,15,11,7,120,27,3515,7_0,3553,7_8
15_11_7_122,15,11,7,122,30,3521,7_1,3550,7_8
15_11_9_34,15,11,9,34,212,2074,9_1,2285,9_0
15_11_10_102,15,11,10,102,25,2049,10_1,2073,10_5
15_11_12_84,15,11,12,84,34,3975,12_7,4008,12_2
15_11_13_76,15,11,13,76,67,4011,13_5,4077,13_1
15_13_2_142,15,13,2,142,125,4283,2_0,4415,2_5
15_13_2_151,15,13,2,151,135,4446,2_0,4590,2_2
15_13_2_167,15,13,2,167,143,5167,2_1,5332,2_0
15_13_3_90,15,13,3,90,40,4591,3_8,4630,3_1
15_13_4_335,15,13,4,335,86,4416,4_7,4501,4_6
15_13_4_378,15,13,4,378,117,5021,4_6,5166,4_5
15_13_5_11,15,13,5,11,58,800,5_7,857,5_2
15_13_5_16,15,13,5,16,47,819,5_7,865,5_1
15_13_5_34,15,13,5,34,38,983,5_2,1020,5_8
15_13_6_24,15,13,6,24,112,871,6_8,983,6_7
15_13_6_26,15,13,6,26,93,871,6_4,979,6_5
15_13_6_32,15,13,6,32,122,883,6_4,1005,6_8
15_13_6_35,15,13,6,35,91,897,6_4,987,6_8
15_13_7_63,15,13,7,63,25,993,7_8,1017,7_7
15_13_7_68,15,13,7,68,169,1008,7_8,1180,7_6
15_13_12_90,15,13,12,90,143,3120,12_0,3267,12_2
15_13_12_91,15,13,12,91,133,3123,12_0,3268,12_2
15_13_13_15,15,13,13,15,101,747,13_8,847,13_0
15_13_13_17,15,13,13,17,73,751,13_5,847,13_0
15_13_13_94,15,13,13,94,80,3271,13_8,3350,13_0
15_13_13_97,15,13,13,97,73,3281,13_4,3353,13_0
15_13_13_108,15,13,13,108,37,3332,13_5,3368,13_3
15_13_13_110,15,13,13,110,41,3334,13_8,3374,13_3
15_13_14_1,15,13,14,1,40,705,14_1,744,14_8
15_13_14_2,15,13,14,2,32,711,14_1,742,14_8
15_13_14_39,15,13,14,39,42,3284,14_1,3325,14_8
15_13_14_41,15,13,14,41,30,3299,14_1,3328,14_8
15_15_6_54,15,15,6,54,355,1801,6_3,2155,6_5
15_15_6_56,15,15,6,56,350,1811,6_3,2160,6_5
15_15_7_34,15,15,7,34,116,2157,7_7,2286,7_6
15_15_7_35,15,15,7,35,167,2162,7_7,2331,7_6
15_15_12_30,15,15,12,30,69,2752,12_1,2823,12_0
15_15_12_33,15,15,12,33,109,2786,12_2,2897,12_0
15_15_12_38,15,15,12,38,175,2866,12_2,3067,12_0
15_15_12_42,15,15,12,42,166,2877,12_1,3042,12_2
15_15_12_43,15,15,12,43,255,2879,12_1,3143,12_0
15_15_13_68,15,15,13,68,26,2725,13_1,2750,13_8
15_15_13_69,15,15,13,69,33,2749,13_3,2781,13_8
15_15_13_74,15,15,13,74,58,2807,13_3,2864,13_8
15_15_13_88,15,15,13,88,33,2843,13_3,2875,13_8
15_15_13_93,15,15,13,93,168,3046,13_5,3213,13_1
15_19_13_50,15,19,13,50,75,3532,13_4,3606,13_8
15_19_13_51,15,19,13,51,24,3532,13_5,3556,13_0
15_19_13_55,15,19,13,55,50,3565,13_0,3614,13_5
15_19_14_72,15,19,14,72,40,3476,14_1,3517,14_8
15_19_14_75,15,19,14,75,45,3486,14_1,3530,14_8
15_19_14_88,15,19,14,88,143,3620,14_8,3824,14_6
16_11_2_24,16,11,2,24,229,3207,2_0,3474,2_5
16_11_2_25,16,11,2,25,137,3311,2_0,3474,2_2
16_11_4_27,16,11,4,27,97,3479,4_7,3584,4_6
16_11_4_28,16,11,4,28,132,3481,4_7,3667,4_6
16_11_6_20,16,11,6,20,148,4602,6_8,4749,6_0
16_11_6_24,16,11,6,24,115,4623,6_5,4740,6_0
16_11_6_31,16,11,6,31,102,4655,6_4,4756,6_0
16_11_7_27,16,11,7,27,27,4573,7_1,4599,7_8
16_11_7_28,16,11,7,28,30,4587,7_1,4616,7_8
16_11_7_32,16,11,7,32,35,4613,7_0,4647,7_8
16_13_2_56,16,13,2,56,194,3567,2_4,3796,2_0
16_13_2_58,16,13,2,58,149,3583,2_1,3778,2_0
16_13_4_36,16,13,4,36,190,3346,4_6,3564,4_5
16_13_4_44,16,13,4,44,84,3497,4_6,3580,4_5
16_13_13_27,16,13,13,27,107,3556,13_8,3662,13_1
16_13_13_28,16,13,13,28,100,3564,13_1,3666,13_1
16_13_14_14,16,13,14,14,40,3512,14_1,3551,14_8
16_13_14_15,16,13,14,15,35,3520,14_1,3554,14_8
16_15_9_44,16,15,9,44,158,5463,9_0,5623,9_2
16_15_10_57,16,15,10,57,134,5624,10_8,5757,10_4
16_15_13_25,16,15,13,25,70,3660,13_8,3734,13_1
16_15_13_28,16,15,13,28,70,3671,13_5,3740,13_1
16_15_13_36,16,15,13,36,46,5925,13_5,5972,13_3
16_15_13_38,16,15,13,38,27,5928,13_1,5954,13_0
16_15_13_41,16,15,13,41,51,5941,13_5,6005,13_4
16_15_13_56,16,15,13,56,42,5964,13_8,6005,13_1
16_15_14_10,16,15,14,10,36,3616,14_1,3654,14_8
16_15_14_11,16,15,14,11,47,3620,14_1,3668,14_8
16_15_14_44,16,15,14,44,38,5880,14_1,5917,14_8
16_15_14_46,16,15,14,46,38,5885,14_1,5922,14_8
16_15_14_47,16,15,14,47,40,5900,14_1,5939,14_8
16_15_14_55,16,15,14,55,36,5925,14_1,5960,14_8
16_17_12_20,16,17,12,20,275,4350,12_2,4652,12_2
16_17_12_30,16,17,12,30,160,4500,12_0,4659,12_2
16_17_13_80,16,17,13,80,55,4657,13_8,4711,13_3
16_17_13_86,16,17,13,86,36,4672,13_4,4707,13_4
18_9_2_28,18,9,2,28,179,4523,2_0,4750,2_2
18_9_2_29,18,9,2,29,171,4616,2_0,4786,2_2
18_9_3_48,18,9,3,48,58,4754,3_8,4811,3_0
18_9_4_42,18,9,4,42,126,4790,4_7,4915,4_7
18_9_5_50,18,9,5,50,46,3010,5_7,3055,5_1
18_9_5_52,18,9,5,52,40,3022,5_7,3061,5_2
18_9_6_39,18,9,6,39,79,3058,6_8,3136,6_0
18_9_6_41,18,9,6,41,77,3065,6_8,3141,6_0
18_9_13_51,18,9,13,51,67,4735,13_1,4818,13_0
18_9_13_52,18,9,13,52,90,4737,13_4,4826,13_0
18_9_14_36,18,9,14,36,35,4692,14_1,4726,14_8
18_9_14_37,18,9,14,37,28,4700,14_1,4727,14_8
18_11_12_41,18,11,12,41,233,3578,12_1,3839,12_0
18_11_12_45,18,11,12,45,211,3585,12_1,3806,12_0
18_11_13_59,18,11,13,59,46,3530,13_3,3575,13_8
18_11_13_62,18,11,13,62,41,3542,13_3,3582,13_8
18_13_2_37,18,13,2,37,59,1354,2_4,1412,2_2
18_13_2_87,18,13,2,87,144,2703,2_1,2846,2_0
18_13_2_92,18,13,2,92,126,2836,2_1,2991,2_0
18_13_2_94,18,13,2,94,72,2851,2_1,2926,2_0
18_13_3_40,18,13,3,40,32,1430,3_3,1461,3_5
18_13_3_97,18,13,3,97,145,3420,3_4,3587,3_8
18_13_4_60,18,13,4,60,78,1275,4_6,1352,4_5
18_13_4_77,18,13,4,77,44,1467,4_8,1510,4_8
18_13_4_146,18,13,4,146,105,2591,4_6,2699,4_5
18_13_4_158,18,13,4,158,112,2721,4_6,2832,4_5
18_13_4_166,18,13,4,166,46,2802,4_6,2847,4_5
18_13_4_203,18,13,4,203,101,3275,4_6,3409,4_8
18_13_5_4,18,13,5,4,48,501,5_7,548,5_1
18_13_5_5,18,13,5,5,39,514,5_7,552,5_1
18_13_6_31,18,13,6,31,56,551,6_8,613,6_3
18_13_6_35,18,13,6,35,68,555,6_8,625,6_3
18_13_12_36,18,13,12,36,242,2604,12_0,2881,12_2
18_13_12_44,18,13,12,44,175,2658,12_0,2883,12_2
18_13_13_78,18,13,13,78,30,2883,13_8,2920,13_1
18_13_13_80,18,13,13,80,96,2889,13_5,2984,13_1
18_15_2_16,18,15,2,16,121,1780,2_0,1900,2_5
18_15_2_19,18,15,2,19,96,1785,2_0,1899,2_2
18_15_2_66,18,15,2,66,99,5288,2_0,5386,2_2
18_15_2_74,18,15,2,74,77,5368,2_0,5444,2_2
18_15_3_74,18,15,3,74,32,5391,3_8,5422,3_0
18_15_3_79,18,15,3,79,29,5451,3_8,5479,3_1
18_15_4_30,18,15,4,30,103,1903,4_7,2064,4_6
18_15_4_31,18,15,4,31,154,1904,4_7,2081,4_6
18_15_6_96,18,15,6,96,67,3912,6_0,3978,6_8
18_15_6_100,18,15,6,100,36,3934,6_0,3969,6_5
18_15_7_52,18,15,7,52,33,3971,7_7,4003,7_0
18_15_7_54,18,15,7,54,84,3979,7_8,4065,7_6
18_17_2_87,18,17,2,87,187,4191,2_0,4392,2_2
18_17_2_94,18,17,2,94,136,4245,2_0,4386,2_2
18_17_2_133,18,17,2,133,176,5131,2_1,5306,2_2
18_17_2_134,18,17,2,134,51,5134,2_1,5198,2_0
18_17_3_18,18,17,3,18,241,1217,3_8,1463,3_5
18_17_3_20,18,17,3,20,117,1385,3_0,1501,3_5
18_17_3_31,18,17,3,31,188,1524,3_1,1711,3_8
18_17_3_59,18,17,3,59,52,2812,3_3,2863,3_5
18_17_3_88,18,17,3,88,113,3147,3_4,3259,3_0
18_17_3_131,18,17,3,131,40,4388,3_8,4427,3_0
18_17_3_135,18,17,3,135,67,4397,3_8,4463,3_0
18_17_3_145,18,17,3,145,47,5065,3_0,5111,3_5
18_17_3_151,18,17,3,151,38,5081,3_0,5118,3_5
18_17_4_14,18,17,4,14,44,1467,4_8,1510,4_8
18_17_4_16,18,17,4,16,87,1504,4_8,1590,4_2
18_17_4_49,18,17,4,49,155,2867,4_8,3029,4_6
18_17_4_51,18,17,4,51,149,2964,4_6,3135,4_8
18_17_12_49,18,17,12,49,36,1825,12_2,1860,12_8
18_17_12_84,18,17,12,84,108,4195,12_0,4302,12_2
18_17_12_88,18,17,12,88,35,4256,12_7,4290,12_2
18_17_12_96,18,17,12,96,162,4302,12_1,4465,12_0
18_17_12_112,18,17,12,112,154,4460,12_1,4613,12_0
18_17_13_40,18,17,13,40,185,1639,13_8,1823,13_8
18_17_13_107,18,17,13,107,26,4272,13_1,4297,13_8
18_17_13_110,18,17,13,110,155,4288,13_1,4455,13_8
18_17_13_112,18,17,13,112,66,4292,13_5,4360,13_0
18_17_13_120,18,17,13,120,58,4314,13_4,4385,13_0
18_19_2_89,18,19,2,89,109,5524,2_1,5695,2_0
18_19_2_93,18,19,2,93,46,5545,2_1,5608,2_0
18_19_4_180,18,19,4,180,119,5386,4_6,5522,4_8
18_19_4_185,18,19,4,185,73,5411,4_6,5536,4_8
19_9_2_72,19,9,2,72,98,3495,2_0,3603,2_5
19_9_2_73,19,9,2,73,103,3499,2_0,3603,2_8
19_9_4_90,19,9,4,90,99,3608,4_7,3716,4_6
19_9_4_91,19,9,4,91,87,3608,4_4,3711,4_6
19_9_12_34,19,9,12,34,26,2018,12_7,2043,12_5
19_9_12_36,19,9,12,36,25,2033,12_7,2057,12_2
19_9_12_47,19,9,12,47,115,2054,12_0,2193,12_2
19_9_13_13,19,9,13,13,85,2051,13_5,2135,13_1
19_9_13_17,19,9,13,17,90,2062,13_5,2151,13_1
19_9_13_39,19,9,13,39,56,2198,13_5,2253,13_0
19_13_2_2,19,13,2,2,106,407,2_0,512,2_5
19_13_2_3,19,13,2,3,80,495,2_0,574,2_5
19_13_2_14,19,13,2,14,83,596,2_1,685,2_0
19_13_2_16,19,13,2,16,92,601,2_1,692,2_0
19_13_2_17,19,13,2,17,72,661,2_0,732,2_5
19_13_2_23,19,13,2,23,97,688,2_0,792,2_8
19_13_2_119,19,13,2,119,113,3027,2_0,3139,2_2
19_13_2_128,19,13,2,128,41,3114,2_0,3154,2_2
19_13_2_173,19,13,2,173,108,5002,2_4,5109,2_0
19_13_2_180,19,13,2,180,141,5091,2_1,5256,2_0
19_13_3_35,19,13,3,35,77,825,3_8,901,3_0
19_13_3_87,19,13,3,87,34,3140,3_8,3173,3_0
19_13_3_91,19,13,3,91,34,3157,3_8,3190,3_0
19_13_4_17,19,13,4,17,115,483,4_6,597,4_5
19_13_4_24,19,13,4,24,47,513,4_7,559,4_6
19_13_4_25,19,13,4,25,52,540,4_6,591,4_8
19_13_4_30,19,13,4,30,73,577,4_4,656,4_6
19_13_4_60,19,13,4,60,34,733,4_4,766,4_6
19_13_4_61,19,13,4,61,85,733,4_6,821,4_8
19_13_4_76,19,13,4,76,134,799,4_4,940,4_6
19_13_4_286,19,13,4,286,105,4894,4_6,4999,4_5
19_13_4_299,19,13,4,299,100,4985,4_6,5087,4_5
19_13_6_40,19,13,6,40,37,3294,6_4,3330,6_3
19_13_6_41,19,13,6,41,32,3296,6_4,3327,6_3
19_13_7_96,19,13,7,96,56,3228,7_0,3283,7_8
19_13_7_103,19,13,7,103,32,3253,7_1,3284,7_8
19_13_9_132,19,13,9,132,173,5595,9_1,5767,9_0
19_13_10_223,19,13,10,223,48,5546,10_1,5593,10_5
19_13_12_80,19,13,12,80,71,605,12_0,675,12_2
19_13_13_36,19,13,13,36,301,683,13_4,993,13_0
19_17_2_37,19,17,2,37,39,1331,2_0,1381,2_2
19_17_2_98,19,17,2,98,145,5016,2_0,5160,2_2
19_17_3_56,19,17,3,56,184,1384,3_8,1567,3_0
19_17_3_172,19,17,3,172,95,4361,3_8,4455,3_0
19_17_3_173,19,17,3,173,95,4369,3_4,4463,3_0
19_17_3_210,19,17,3,210,95,5176,3_4,5270,3_0
19_17_4_119,19,17,4,119,87,4268,4_6,4354,4_8
19_17_4_120,19,17,4,120,88,4270,4_6,4357,4_8
19_17_5_89,19,17,5,89,80,4830,5_7,4909,5_2
19_17_5_91,19,17,5,91,37,4858,5_7,4894,5_1
19_17_6_73,19,17,6,73,93,4896,6_8,4988,6_0
19_17_6_79,19,17,6,79,53,4915,6_5,4968,6_3
19_17_12_88,19,17,12,88,29,1474,12_2,1504,12_0
19_17_12_90,19,17,12,90,132,1487,12_2,1621,12_0
19_17_12_91,19,17,12,91,124,1488,12_2,1638,12_0
19_17_12_106,19,17,12,106,158,1565,12_0,1733,12_2
19_17_12_132,19,17,12,132,130,1831,12_0,1990,12_2
19_17_12_160,19,17,12,160,33,2237,12_7,2269,12_5
19_17_12_161,19,17,12,161,144,2244,12_0,2428,12_2
19_17_12_298,19,17,12,298,78,5234,12_2,5311,12_7
19_17_12_299,19,17,12,299,73,5239,12_2,5314,12_0
19_17_13_71,19,17,13,71,86,1395,13_2,1480,13_5
19_17_13_79,19,17,13,79,59,1417,13_2,1478,13_5
19_17_13_84,19,17,13,84,27,1444,13_0,1470,13_8
19_17_13_99,19,17,13,99,37,1736,13_8,1772,13_1
19_17_13_105,19,17,13,105,74,1991,13_8,2064,13_1
19_17_13_113,19,17,13,113,69,2277,13_5,2345,13_0
19_17_13_125,19,17,13,125,132,2433,13_8,2631,13_5
19_17_13_207,19,17,13,207,105,5123,13_0,5227,13_5
19_17_13_212,19,17,13,212,96,5139,13_0,5234,13_8
19_19_5_2,19,19,5,2,37,1207,5_2,1243,5_7
19_19_5_3,19,19,5,3,32,1215,5_1,1246,5_6
19_19_6_8,19,19,6,8,77,1130,6_0,1206,6_8
19_19_6_9,19,19,6,9,79,1130,6_0,1208,6_8
20_9_2_3,20,9,2,3,124,330,2_0,453,2_5
20_9_3_38,20,9,3,38,100,4453,3_8,4598,3_0
20_9_3_39,20,9,3,39,134,4456,3_8,4589,3_0
20_9_4_9,20,9,4,9,52,457,4_7,508,4_6
20_9_4_62,20,9,4,62,574,3880,4_5,4453,4_8
20_9_4_75,20,9,4,75,101,4347,4_8,4450,4_8
20_9_6_53,20,9,6,53,61,4624,6_0,4684,6_8
20_9_6_54,20,9,6,54,61,4632,6_0,4692,6_8
20_9_7_98,20,9,7,98,30,4689,7_8,4718,7_1
20_9_7_100,20,9,7,100,38,4699,7_8,4736,7_1
20_9_12_7,20,9,12,7,131,153,12_1,285,12_0
20_9_12_8,20,9,12,8,132,155,12_1,286,12_0
20_9_14_2,20,9,14,2,151,1,14_6,151,14_5
20_9_14_6,20,9,14,6,141,11,14_6,151,14_8
20_11_2_67,20,11,2,67,130,2378,2_0,2508,2_2
20_11_2_73,20,11,2,73,61,2473,2_0,2536,2_5
20_11_2_117,20,11,2,117,274,4146,2_5,4449,2_5
20_11_2_119,20,11,2,119,166,4300,2_0,4485,2_5
20_11_2_127,20,11,2,127,76,4449,2_0,4524,2_5
20_11_2_130,20,11,2,130,59,4466,2_0,4525,2_5
20_11_2_136,20,11,2,136,190,5171,2_2,5467,2_5
20_11_2_142,20,11,2,142,100,5239,2_0,5338,2_5
20_11_3_54,20,11,3,54,286,2509,3_8,2797,3_8
20_11_4_100,20,11,4,100,121,2540,4_7,2693,4_6
20_11_4_144,20,11,4,144,50,4451,4_7,4500,4_6
20_11_4_147,20,11,4,147,48,4488,4_7,4538,4_6
20_11_4_153,20,11,4,153,66,4526,4_7,4592,4_6
20_11_4_154,20,11,4,154,54,4527,4_4,4588,4_6
20_11_4_178,20,11,4,178,76,5340,4_4,5428,4_6
20_11_4_187,20,11,4,187,90,5468,4_4,5559,4_6
20_11_5_77,20,11,5,77,38,3555,5_7,3592,5_2
20_11_5_78,20,11,5,78,36,3566,5_7,3601,5_2
20_11_6_147,20,11,6,147,37,3593,6_8,3629,6_0
20_11_6_148,20,11,6,148,57,3600,6_3,3656,6_8
20_11_6_153,20,11,6,153,69,3614,6_4,3682,6_0
20_11_7_132,20,11,7,132,33,3663,7_8,3695,7_1
20_11_9_9,20,11,9,9,172,1749,9_1,1923,9_0
20_11_9_12,20,11,9,12,168,1753,9_2,1921,9_0
20_11_9_78,20,11,9,78,126,3743,9_1,3868,9_0
20_11_10_37,20,11,10,37,159,1586,10_4,1744,10_5
20_11_10_48,20,11,10,48,101,1648,10_0,1748,10_5
20_11_10_118,20,11,10,118,97,3645,10_0,3741,10_5
20_11_12_60,20,11,12,60,34,2597,12_2,2634,12_2
20_11_13_71,20,11,13,71,75,2500,13_0,2574,13_5
20_11_13_72,20,11,13,72,83,2507,13_0,2589,13_8
20_11_13_81,20,11,13,81,30,2634,13_8,2663,13_1
20_11_13_84,20,11,13,84,166,2645,13_5,2810,13_0
20_11_14_52,20,11,14,52,62,2579,14_8,2640,14_8
20_11_14_53,20,11,14,53,36,2594,14_8,2629,14_8
20_13_2_37,20,13,2,37,178,1387,2_4,1568,2_0
20_13_2_38,20,13,2,38,160,1389,2_1,1564,2_0
20_13_2_60,20,13,2,60,113,2061,2_0,2176,2_5
20_13_2_69,20,13,2,69,79,2188,2_4,2290,2_0
20_13_2_71,20,13,2,71,111,2207,2_1,2336,2_0
20_13_2_106,20,13,2,106,66,4079,2_1,4147,2_0
20_13_2_111,20,13,2,111,108,4122,2_1,4229,2_0
20_13_3_44,20,13,3,44,107,1289,3_8,1395,3_0
20_13_4_81,20,13,4,81,78,1211,4_6,1288,4_8
20_13_4_82,20,13,4,82,85,1298,4_6,1385,4_5
20_13_4_83,20,13,4,83,87,1299,4_6,1385,4_2
20_13_4_125,20,13,4,125,74,2105,4_6,2185,4_5
20_13_4_126,20,13,4,126,59,2140,4_7,2205,4_5
20_13_4_131,20,13,4,131,86,2178,4_7,2264,4_6
20_13_4_177,20,13,4,177,142,3976,4_6,4117,4_5
20_13_4_178,20,13,4,178,99,3976,4_6,4074,4_5
20_13_5_82,20,13,5,82,48,2536,5_7,2583,5_2
20_13_5_85,20,13,5,85,25,2556,5_7,2580,5_2
20_13_6_73,20,13,6,73,30,2582,6_8,2611,6_3
20_13_6_80,20,13,6,80,75,2594,6_4,2693,6_0
20_13_12_62,20,13,12,62,35,2131,12_7,2165,12_2
20_13_13_80,20,13,13,80,60,2174,13_4,2233,13_0
20_15_2_10,20,15,2,10,147,1081,2_0,1234,2_5
20_15_2_19,20,15,2,19,52,1184,2_0,1235,2_5
20_15_4_35,20,15,4,35,97,1237,4_4,1341,4_6
20_15_4_36,20,15,4,36,101,1239,4_7,1341,4_6
20_15_5_34,20,15,5,34,28,1519,5_2,1546,5_7
20_15_5_82,20,15,5,82,29,3431,5_2,3459,5_7
20_15_6_50,20,15,6,50,71,1445,6_0,1515,6_8
20_15_6_51,20,15,6,51,75,1449,6_0,1526,6_8
20_15_6_115,20,15,6,115,49,3379,6_0,3427,6_5
20_15_6_163,20,15,6,163,167,4538,6_8,4706,6_0
20_15_6_164,20,15,6,164,70,4541,6_1,4610,6_5
20_15_6_165,20,15,6,165,42,4542,6_4,4583,6_0
20_15_7_46,20,15,7,46,25,1529,7_8,1553,7_1
20_15_7_136,20,15,7,136,61,4470,7_0,4530,7_8
20_15_7_144,20,15,7,144,32,4502,7_1,4533,7_8
20_15_7_147,20,15,7,147,36,4612,7_7,4650,7_0
20_15_9_20,20,15,9,20,103,1343,9_0,1446,9_2
20_15_9_21,20,15,9,21,82,1373,9_0,1454,9_1
20_15_10_45,20,15,10,45,77,1449,10_5,1525,10_0
20_15_10_52,20,15,10,52,381,1461,10_5,1865,10_4
20_17_2_106,20,17,2,106,52,5240,2_1,5291,2_0
20_17_4_114,20,17,4,114,133,5104,4_6,5236,4_5
20_17_5_50,20,17,5,50,107,2821,5_8,2927,5_1
20_17_5_61,20,17,5,61,275,2889,5_2,3163,5_2
20_17_6_3,20,17,6,3,65,223,6_8,290,6_0
20_17_6_9,20,17,6,9,210,234,6_8,443,6_0
20_17_6_20,20,17,6,20,32,346,6_4,377,6_3
20_17_6_60,20,17,6,60,131,2933,6_8,3079,6_0
20_17_6_71,20,17,6,71,97,3166,6_8,3279,6_3
20_17_7_9,20,17,7,9,42,177,7_0,218,7_8
20_17_7_14,20,17,7,14,39,192,7_0,230,7_8
20_17_7_17,20,17,7,17,105,228,7_6,335,7_8
20_17_9_49,20,17,9,49,240,2497,9_0,2778,9_2
20_17_9_63,20,17,9,63,120,2635,9_0,2774,9_2
20_17_10_85,20,17,10,85,135,2775,10_8,2909,10_0
20_17_10_88,20,17,10,88,108,2783,10_5,2926,10_0
20_17_12_92,20,17,12,92,115,4234,12_1,4350,12_0
20_17_12_93,20,17,12,93,142,4235,12_1,4443,12_0
20_17_13_100,20,17,13,100,51,4176,13_8,4226,13_8
20_17_13_104,20,17,13,104,49,4184,13_4,4232,13_8
20_19_2_73,20,19,2,73,96,3455,2_4,3553,2_0
20_19_2_74,20,19,2,74,98,3456,2_1,3612,2_0
20_19_4_70,20,19,4,70,75,3376,4_6,3454,4_5
20_19_4_76,20,19,4,76,38,3412,4_6,3454,4_5
20_19_5_63,20,19,5,63,76,4688,5_1,4765,5_0
20_19_6_50,20,19,6,50,83,4742,6_5,4824,6_3
20_19_7_153,20,19,7,153,73,4622,7_0,4737,7_8
20_19_7_154,20,19,7,154,62,4624,7_6,4685,7_5
20_19_9_7,20,19,9,7,46,422,9_1,467,9_0
20_19_9_9,20,19,9,9,88,437,9_2,529,9_0
20_19_9_13,20,19,9,13,28,446,9_1,473,9_0
20_19_10_7,20,19,10,7,120,299,10_0,418,10_5
20_19_10_16,20,19,10,16,53,380,10_0,437,10_5
20_19_10_21,20,19,10,21,38,399,10_0,436,10_5
