camera_dep,camera_ent,day,dep_cam_part_dep,dep_cam_part_ent,dep_frame_dep,dep_frame_ent,ent_cam_part_dep,ent_cam_part_ent,ent_frame_dep,ent_frame_ent,hour,id_dep,id_ent,t_delta,track_dep,track_ent,track_len_dep,track_len_ent,transit
2.0,4.0,13.0,2_5,4_6,5945.0,6000.0,2_0,4_7,5790.0,5948.0,13.0,13_13_2_212,13_13_4_248,0.027027027027027195,212.0,248.0,146.0,53.0,3.0
2.0,4.0,11.0,2_5,4_5,4275.0,4480.0,2_0,4_7,4056.0,4278.0,13.0,11_13_2_143,11_13_4_291,0.027027027027027195,143.0,291.0,209.0,198.0,3.0
2.0,4.0,11.0,2_5,4_6,3505.0,3585.0,2_0,4_7,3359.0,3508.0,11.0,11_11_2_84,11_11_4_82,0.027027027027027195,84.0,82.0,147.0,59.0,3.0
2.0,4.0,11.0,2_5,4_6,3508.0,3620.0,2_0,4_7,3305.0,3511.0,11.0,11_11_2_79,11_11_4_84,0.027027027027027195,79.0,84.0,195.0,102.0,3.0
2.0,4.0,20.0,2_5,4_6,4485.0,4538.0,2_0,4_7,4300.0,4488.0,11.0,20_11_2_119,20_11_4_147,0.027027027027027195,119.0,147.0,166.0,48.0,3.0
2.0,4.0,4.0,2_5,4_6,1543.0,1659.0,2_0,4_7,1446.0,1546.0,11.0,4_11_2_35,4_11_4_40,0.027027027027027195,35.0,40.0,98.0,112.0,3.0
2.0,4.0,18.0,2_5,4_6,1900.0,2064.0,2_0,4_7,1780.0,1903.0,15.0,18_15_2_16,18_15_4_30,0.027027027027027195,16.0,30.0,121.0,103.0,3.0
14.0,13.0,16.0,14_8,13_1,3551.0,3666.0,14_1,13_1,3512.0,3564.0,13.0,16_13_14_14,16_13_13_28,0.02857142857142847,14.0,28.0,40.0,100.0,13.0
14.0,13.0,13.0,14_8,13_1,4506.0,4562.0,14_1,13_1,4478.0,4519.0,13.0,13_13_14_297,13_13_13_396,0.02857142857142847,297.0,396.0,29.0,44.0,13.0
14.0,13.0,9.0,14_8,13_1,1474.0,1565.0,14_1,13_1,1441.0,1487.0,13.0,9_13_14_14,9_13_13_34,0.02857142857142847,14.0,34.0,34.0,68.0,13.0
4.0,3.0,12.0,4_8,3_3,5605.0,5652.0,4_8,3_1,5480.0,5621.0,13.0,12_13_4_364,12_13_3_155,0.07142857142857117,364.0,155.0,110.0,32.0,16.0
4.0,3.0,19.0,4_8,3_0,821.0,901.0,4_6,3_8,733.0,825.0,13.0,19_13_4_61,19_13_3_35,0.07142857142857117,61.0,35.0,85.0,77.0,4.0
4.0,3.0,19.0,4_8,3_0,4357.0,4455.0,4_6,3_8,4270.0,4361.0,17.0,19_17_4_120,19_17_3_172,0.07142857142857117,120.0,172.0,88.0,95.0,4.0
4.0,3.0,9.0,4_8,3_5,3914.0,4079.0,4_6,3_8,3821.0,3918.0,13.0,9_13_4_121,9_13_3_150,0.07142857142857117,121.0,150.0,94.0,162.0,4.0
5.0,6.0,2.0,5_2,6_0,4866.0,4900.0,5_0,6_5,4770.0,4870.0,9.0,2_9_5_51,2_9_6_53,0.08000000000000007,51.0,53.0,96.0,31.0,4.0
5.0,6.0,1.0,5_2,6_0,2996.0,3328.0,5_7,6_5,2971.0,3000.0,13.0,1_13_5_104,1_13_6_134,0.08000000000000007,104.0,134.0,24.0,305.0,4.0
13.0,12.0,19.0,13_5,12_7,5227.0,5311.0,13_0,12_2,5123.0,5234.0,17.0,19_17_13_207,19_17_12_298,0.08333333333333304,207.0,298.0,105.0,78.0,7.0
13.0,12.0,6.0,13_5,12_7,2898.0,2929.0,13_0,12_2,2572.0,2905.0,9.0,6_9_13_40,6_9_12_42,0.08333333333333304,40.0,42.0,327.0,25.0,7.0
13.0,12.0,6.0,13_5,12_0,4759.0,4953.0,13_3,12_2,4730.0,4766.0,17.0,6_17_13_115,6_17_12_73,0.08333333333333304,115.0,73.0,30.0,171.0,7.0
13.0,12.0,1.0,13_5,12_7,4472.0,4512.0,13_0,12_2,4379.0,4479.0,13.0,1_13_13_157,1_13_12_117,0.08333333333333304,157.0,117.0,92.0,33.0,7.0
13.0,12.0,19.0,13_5,12_0,1480.0,1621.0,13_2,12_2,1395.0,1487.0,17.0,19_17_13_71,19_17_12_90,0.08333333333333304,71.0,90.0,86.0,132.0,7.0
2.0,3.0,10.0,2_2,3_0,3345.0,3431.0,2_0,3_8,3147.0,3348.0,13.0,10_13_2_119,10_13_3_106,0.08333333333333348,119.0,106.0,193.0,84.0,3.0
2.0,3.0,19.0,2_2,3_0,3154.0,3190.0,2_0,3_8,3114.0,3157.0,13.0,19_13_2_128,19_13_3_91,0.08333333333333348,128.0,91.0,41.0,34.0,3.0
2.0,3.0,19.0,2_2,3_0,1381.0,1567.0,2_0,3_8,1331.0,1384.0,17.0,19_17_2_37,19_17_3_56,0.08333333333333348,37.0,56.0,39.0,184.0,3.0
2.0,3.0,6.0,2_2,3_0,4039.0,4069.0,2_0,3_8,3964.0,4042.0,13.0,6_13_2_51,6_13_3_66,0.08333333333333348,51.0,66.0,76.0,28.0,3.0
2.0,3.0,2.0,2_2,3_0,3155.0,3196.0,2_0,3_8,3098.0,3158.0,13.0,2_13_2_87,2_13_3_137,0.08333333333333348,87.0,137.0,57.0,39.0,3.0
2.0,3.0,3.0,2_2,3_0,1814.0,1920.0,2_0,3_8,1721.0,1817.0,11.0,3_11_2_54,3_11_3_73,0.08333333333333348,54.0,73.0,94.0,81.0,3.0
3.0,2.0,18.0,3_5,2_2,5111.0,5306.0,3_0,2_1,5065.0,5131.0,17.0,18_17_3_145,18_17_2_133,0.09090909090908994,145.0,133.0,47.0,176.0,20.0
2.0,4.0,16.0,2_2,4_6,3474.0,3667.0,2_0,4_7,3311.0,3481.0,11.0,16_11_2_25,16_11_4_28,0.0952380952380949,25.0,28.0,137.0,132.0,7.0
7.0,6.0,11.0,7_8,6_0,948.0,1012.0,7_1,6_5,916.0,953.0,15.0,11_15_7_19,11_15_6_19,0.11538461538461497,19.0,19.0,33.0,60.0,5.0
7.0,6.0,20.0,7_8,6_3,4737.0,4824.0,7_0,6_5,4622.0,4742.0,19.0,20_19_7_153,20_19_6_50,0.11538461538461497,153.0,50.0,73.0,83.0,5.0
7.0,6.0,5.0,7_8,6_0,4043.0,4091.0,7_1,6_5,4011.0,4048.0,13.0,5_13_7_89,5_13_6_107,0.11538461538461497,89.0,107.0,33.0,43.0,5.0
7.0,6.0,10.0,7_8,6_0,2517.0,2594.0,7_1,6_5,2476.0,2522.0,9.0,10_9_7_28,10_9_6_20,0.11538461538461497,28.0,20.0,42.0,73.0,5.0
7.0,6.0,8.0,7_8,6_0,2307.0,2460.0,7_6,6_5,2116.0,2312.0,11.0,8_11_7_54,8_11_6_64,0.11538461538461497,54.0,64.0,192.0,149.0,5.0
4.0,2.0,19.0,4_5,2_0,4999.0,5109.0,4_6,2_4,4894.0,5002.0,13.0,19_13_4_286,19_13_2_173,0.11538461538461542,286.0,173.0,105.0,108.0,3.0
4.0,2.0,20.0,4_5,2_0,2185.0,2290.0,4_6,2_4,2105.0,2188.0,13.0,20_13_4_125,20_13_2_69,0.11538461538461542,125.0,69.0,74.0,79.0,3.0
4.0,2.0,16.0,4_5,2_0,3564.0,3796.0,4_6,2_4,3346.0,3567.0,13.0,16_13_4_36,16_13_2_56,0.11538461538461542,36.0,56.0,190.0,194.0,3.0
4.0,2.0,9.0,4_5,2_0,4220.0,4332.0,4_8,2_4,4031.0,4223.0,13.0,9_13_4_136,9_13_2_119,0.11538461538461542,136.0,119.0,190.0,110.0,3.0
4.0,2.0,15.0,4_5,2_0,5436.0,5665.0,4_6,2_4,5320.0,5439.0,9.0,15_9_4_55,15_9_2_106,0.11538461538461542,55.0,106.0,116.0,166.0,3.0
4.0,2.0,11.0,4_5,2_0,4813.0,4907.0,4_6,2_4,4716.0,4816.0,11.0,11_11_4_108,11_11_2_122,0.11538461538461542,108.0,122.0,98.0,92.0,3.0
14.0,12.0,2.0,14_5,12_0,3079.0,3231.0,14_6,12_1,2899.0,3082.0,13.0,2_13_14_88,2_13_12_103,0.125,88.0,103.0,181.0,142.0,3.0
12.0,13.0,4.0,12_2,13_0,5376.0,5439.0,12_7,13_4,5351.0,5388.0,13.0,4_13_12_111,4_13_13_256,0.14285714285714235,111.0,256.0,26.0,52.0,12.0
12.0,13.0,18.0,12_2,13_0,4302.0,4385.0,12_0,13_4,4195.0,4314.0,17.0,18_17_12_84,18_17_13_120,0.14285714285714235,84.0,120.0,108.0,58.0,12.0
5.0,6.0,5.0,5_2,6_0,5291.0,5452.0,5_7,6_8,5254.0,5294.0,17.0,5_17_5_69,5_17_6_87,0.15384615384615374,69.0,87.0,38.0,158.0,3.0
5.0,6.0,1.0,5_2,6_3,88.0,129.0,5_7,6_8,60.0,91.0,13.0,1_13_5_8,1_13_6_11,0.15384615384615374,8.0,11.0,29.0,39.0,3.0
5.0,6.0,20.0,5_2,6_3,3163.0,3279.0,5_2,6_8,2889.0,3166.0,17.0,20_17_5_61,20_17_6_71,0.15384615384615374,61.0,71.0,275.0,97.0,3.0
13.0,14.0,14.0,13_5,14_6,2654.0,2779.0,13_1,14_8,2493.0,2658.0,15.0,14_15_13_106,14_15_14_93,0.1578947368421053,106.0,93.0,162.0,101.0,4.0
9.0,10.0,14.0,9_2,10_4,4782.0,4940.0,9_2,10_8,4669.0,4784.0,15.0,14_15_9_86,14_15_10_153,0.18181818181818188,86.0,153.0,114.0,157.0,2.0
9.0,10.0,4.0,9_2,10_4,4401.0,4702.0,9_2,10_8,4349.0,4403.0,19.0,4_19_9_44,4_19_10_53,0.18181818181818188,44.0,53.0,53.0,300.0,2.0
9.0,10.0,13.0,9_2,10_1,3716.0,3757.0,9_0,10_8,3530.0,3718.0,19.0,13_19_9_50,13_19_10_80,0.18181818181818188,50.0,80.0,154.0,40.0,2.0
9.0,10.0,11.0,9_2,10_4,2719.0,2848.0,9_0,10_8,2623.0,2721.0,9.0,11_9_9_45,11_9_10_35,0.18181818181818188,45.0,35.0,97.0,128.0,2.0
9.0,10.0,5.0,9_2,10_4,4205.0,4294.0,9_2,10_8,4173.0,4207.0,13.0,5_13_9_129,5_13_10_159,0.18181818181818188,129.0,159.0,33.0,86.0,2.0
9.0,10.0,2.0,9_2,10_0,5681.0,5800.0,9_0,10_8,5525.0,5683.0,11.0,2_11_9_104,2_11_10_78,0.18181818181818188,104.0,78.0,157.0,116.0,2.0
9.0,10.0,13.0,9_2,10_0,994.0,1156.0,9_0,10_8,871.0,996.0,13.0,13_13_9_55,13_13_10_98,0.18181818181818188,55.0,98.0,124.0,161.0,2.0
9.0,10.0,13.0,9_2,10_1,862.0,957.0,9_0,10_8,743.0,864.0,13.0,13_13_9_29,13_13_10_69,0.18181818181818188,29.0,69.0,81.0,84.0,2.0
2.0,4.0,20.0,2_5,4_6,1234.0,1341.0,2_0,4_4,1081.0,1237.0,15.0,20_15_2_10,20_15_4_35,0.1923076923076925,10.0,35.0,147.0,97.0,3.0
2.0,4.0,19.0,2_5,4_6,574.0,656.0,2_0,4_4,495.0,577.0,13.0,19_13_2_3,19_13_4_30,0.1923076923076925,3.0,30.0,80.0,73.0,3.0
2.0,4.0,20.0,2_5,4_6,4524.0,4588.0,2_0,4_4,4449.0,4527.0,11.0,20_11_2_127,20_11_4_154,0.1923076923076925,127.0,154.0,76.0,54.0,3.0
2.0,4.0,11.0,2_5,4_6,3359.0,3586.0,2_0,4_4,3290.0,3362.0,13.0,11_13_2_119,11_13_4_209,0.1923076923076925,119.0,209.0,66.0,222.0,3.0
3.0,4.0,1.0,3_5,4_5,5076.0,5109.0,3_0,4_8,4986.0,5081.0,17.0,1_17_3_141,1_17_4_92,0.19354838709677402,141.0,92.0,91.0,29.0,5.0
3.0,4.0,9.0,3_5,4_6,4004.0,4171.0,3_1,4_8,3975.0,4009.0,13.0,9_13_3_151,9_13_4_130,0.19354838709677402,151.0,130.0,30.0,145.0,5.0
2.0,4.0,4.0,2_8,4_6,2417.0,2448.0,2_0,4_4,2221.0,2419.0,13.0,4_13_2_94,4_13_4_155,0.20000000000000018,94.0,155.0,194.0,30.0,2.0
6.0,5.0,2.0,6_8,5_7,5575.0,5606.0,6_3,5_2,5519.0,5577.0,17.0,2_17_6_123,2_17_5_84,0.2142857142857142,123.0,84.0,57.0,30.0,2.0
6.0,5.0,12.0,6_8,5_7,2677.0,2711.0,6_0,5_2,2601.0,2679.0,19.0,12_19_6_25,12_19_5_34,0.2142857142857142,25.0,34.0,77.0,33.0,2.0
6.0,5.0,13.0,6_8,5_7,1984.0,2014.0,6_0,5_2,1952.0,1986.0,13.0,13_13_6_98,13_13_5_55,0.2142857142857142,98.0,55.0,30.0,29.0,2.0
6.0,5.0,1.0,6_8,5_0,4532.0,4665.0,6_3,5_2,4474.0,4534.0,19.0,1_19_6_33,1_19_5_79,0.2142857142857142,33.0,79.0,59.0,127.0,2.0
4.0,2.0,20.0,4_5,2_0,1385.0,1564.0,4_6,2_1,1298.0,1389.0,13.0,20_13_4_82,20_13_2_38,0.23684210526315796,82.0,38.0,85.0,160.0,4.0
4.0,2.0,13.0,4_5,2_0,4811.0,4840.0,4_6,2_1,4712.0,4815.0,13.0,13_13_4_199,13_13_2_163,0.23684210526315796,199.0,163.0,100.0,26.0,4.0
4.0,2.0,19.0,4_5,2_0,5087.0,5256.0,4_6,2_1,4985.0,5091.0,13.0,19_13_4_299,19_13_2_180,0.23684210526315796,299.0,180.0,100.0,141.0,4.0
4.0,2.0,19.0,4_5,2_0,597.0,692.0,4_6,2_1,483.0,601.0,13.0,19_13_4_17,19_13_2_16,0.23684210526315796,17.0,16.0,115.0,92.0,4.0
4.0,2.0,6.0,4_5,2_0,1989.0,2140.0,4_6,2_1,1906.0,1993.0,13.0,6_13_4_10,6_13_2_11,0.23684210526315796,10.0,11.0,84.0,148.0,4.0
4.0,2.0,18.0,4_5,2_0,2847.0,2926.0,4_6,2_1,2802.0,2851.0,13.0,18_13_4_166,18_13_2_94,0.23684210526315796,166.0,94.0,46.0,72.0,4.0
4.0,2.0,18.0,4_5,2_0,2832.0,2991.0,4_6,2_1,2721.0,2836.0,13.0,18_13_4_158,18_13_2_92,0.23684210526315796,158.0,92.0,112.0,126.0,4.0
4.0,2.0,13.0,4_5,2_0,4719.0,4807.0,4_6,2_1,4663.0,4723.0,13.0,13_13_4_193,13_13_2_152,0.23684210526315796,193.0,152.0,56.0,81.0,4.0
4.0,2.0,13.0,4_5,2_0,4343.0,4396.0,4_6,2_1,4147.0,4347.0,13.0,13_13_4_157,13_13_2_129,0.23684210526315796,157.0,129.0,190.0,50.0,4.0
4.0,2.0,15.0,4_5,2_0,2147.0,2276.0,4_7,2_1,2031.0,2151.0,11.0,15_11_4_42,15_11_2_40,0.23684210526315796,42.0,40.0,103.0,123.0,4.0
4.0,2.0,18.0,4_5,2_0,2699.0,2846.0,4_6,2_1,2591.0,2703.0,13.0,18_13_4_146,18_13_2_87,0.23684210526315796,146.0,87.0,105.0,144.0,4.0
4.0,2.0,12.0,4_5,2_0,3579.0,3673.0,4_6,2_1,3343.0,3583.0,13.0,12_13_4_201,12_13_2_141,0.23684210526315796,201.0,141.0,196.0,91.0,4.0
4.0,2.0,20.0,4_5,2_0,5236.0,5291.0,4_6,2_1,5104.0,5240.0,17.0,20_17_4_114,20_17_2_106,0.23684210526315796,114.0,106.0,133.0,52.0,4.0
12.0,13.0,10.0,12_2,13_1,5208.0,5276.0,12_7,13_5,5177.0,5212.0,13.0,10_13_12_106,10_13_13_190,0.2571428571428571,106.0,190.0,32.0,33.0,4.0
12.0,13.0,12.0,12_2,13_0,266.0,340.0,12_0,13_5,129.0,270.0,15.0,12_15_12_4,12_15_13_10,0.2571428571428571,4.0,10.0,129.0,71.0,4.0
12.0,13.0,15.0,12_2,13_1,3042.0,3213.0,12_1,13_5,2877.0,3046.0,15.0,15_15_12_42,15_15_13_93,0.2571428571428571,42.0,93.0,166.0,168.0,4.0
13.0,12.0,20.0,13_8,12_0,4232.0,4443.0,13_4,12_1,4184.0,4235.0,17.0,20_17_13_104,20_17_12_93,0.2666666666666666,104.0,93.0,49.0,142.0,3.0
13.0,12.0,5.0,13_8,12_0,675.0,800.0,13_1,12_1,651.0,678.0,9.0,5_9_13_18,5_9_12_21,0.2666666666666666,18.0,21.0,24.0,123.0,3.0
13.0,12.0,1.0,13_8,12_7,2369.0,2417.0,13_1,12_1,2334.0,2372.0,13.0,1_13_13_55,1_13_12_32,0.2666666666666666,55.0,32.0,36.0,46.0,3.0
13.0,12.0,18.0,13_8,12_0,3575.0,3839.0,13_3,12_1,3530.0,3578.0,11.0,18_11_13_59,18_11_12_41,0.2666666666666666,59.0,41.0,46.0,233.0,3.0
13.0,12.0,18.0,13_8,12_0,3582.0,3806.0,13_3,12_1,3542.0,3585.0,11.0,18_11_13_62,18_11_12_45,0.2666666666666666,62.0,45.0,41.0,211.0,3.0
14.0,13.0,15.0,14_8,13_0,742.0,847.0,14_1,13_8,711.0,747.0,13.0,15_13_14_2,15_13_13_15,0.2727272727272725,2.0,15.0,32.0,101.0,5.0
2.0,3.0,15.0,2_2,3_0,3748.0,3808.0,2_0,3_5,3626.0,3753.0,9.0,15_9_2_45,15_9_3_36,0.2727272727272725,45.0,36.0,123.0,56.0,5.0
14.0,13.0,20.0,14_8,13_1,2629.0,2663.0,14_8,13_8,2594.0,2634.0,11.0,20_11_14_53,20_11_13_81,0.2727272727272725,53.0,81.0,36.0,30.0,5.0
2.0,3.0,7.0,2_2,3_0,3565.0,3638.0,2_0,3_5,3516.0,3570.0,9.0,7_9_2_56,7_9_3_53,0.2727272727272725,56.0,53.0,50.0,69.0,5.0
14.0,13.0,14.0,14_8,13_0,4137.0,4176.0,14_1,13_8,4099.0,4142.0,13.0,14_13_14_52,14_13_13_129,0.2727272727272725,52.0,129.0,39.0,33.0,5.0
14.0,13.0,6.0,14_8,13_3,134.0,182.0,14_1,13_8,99.0,139.0,19.0,6_19_14_4,6_19_13_5,0.2727272727272725,4.0,5.0,36.0,36.0,5.0
4.0,3.0,10.0,4_8,3_0,5705.0,5809.0,4_6,3_4,5634.0,5719.0,17.0,10_17_4_141,10_17_3_71,0.27999999999999936,141.0,71.0,72.0,79.0,14.0
4.0,3.0,4.0,4_8,3_3,4241.0,4278.0,4_8,3_4,4040.0,4255.0,9.0,4_9_4_79,4_9_3_80,0.27999999999999936,79.0,80.0,202.0,24.0,14.0
4.0,3.0,6.0,4_8,3_0,1324.0,1581.0,4_6,3_4,1269.0,1338.0,17.0,6_17_4_28,6_17_3_20,0.27999999999999936,28.0,20.0,47.0,198.0,14.0
4.0,3.0,6.0,4_8,3_0,1294.0,1380.0,4_6,3_4,1199.0,1308.0,17.0,6_17_4_22,6_17_3_11,0.27999999999999936,22.0,11.0,93.0,54.0,14.0
9.0,10.0,20.0,9_2,10_0,2778.0,2926.0,9_0,10_5,2497.0,2783.0,17.0,20_17_9_49,20_17_10_88,0.2941176470588234,49.0,88.0,240.0,108.0,5.0
9.0,10.0,3.0,9_2,10_0,1380.0,1752.0,9_0,10_5,1224.0,1385.0,11.0,3_11_9_42,3_11_10_62,0.2941176470588234,42.0,62.0,157.0,368.0,5.0
9.0,10.0,13.0,9_2,10_0,1911.0,1980.0,9_0,10_5,1826.0,1916.0,13.0,13_13_9_115,13_13_10_189,0.2941176470588234,115.0,189.0,86.0,53.0,5.0
2.0,3.0,11.0,2_2,3_0,5709.0,5835.0,2_0,3_4,5608.0,5726.0,17.0,11_17_2_110,11_17_3_117,0.3000000000000007,110.0,117.0,102.0,110.0,17.0
7.0,6.0,3.0,7_8,6_0,3434.0,3534.0,7_1,6_8,3395.0,3438.0,17.0,3_17_7_62,3_17_6_80,0.3076923076923075,62.0,80.0,40.0,90.0,4.0
7.0,6.0,12.0,7_8,6_3,1425.0,1511.0,7_1,6_8,1383.0,1429.0,19.0,12_19_7_6,12_19_6_12,0.3076923076923075,6.0,12.0,43.0,72.0,4.0
7.0,6.0,2.0,7_8,6_3,3068.0,3157.0,7_1,6_8,3042.0,3072.0,19.0,2_19_7_55,2_19_6_31,0.3076923076923075,55.0,31.0,26.0,84.0,4.0
7.0,6.0,13.0,7_8,6_3,5768.0,5835.0,7_1,6_8,5728.0,5772.0,19.0,13_19_7_83,13_19_6_92,0.3076923076923075,83.0,92.0,41.0,64.0,4.0
7.0,6.0,6.0,7_8,6_0,930.0,1034.0,7_1,6_8,888.0,934.0,19.0,6_19_7_24,6_19_6_22,0.3076923076923075,24.0,22.0,43.0,92.0,4.0
7.0,6.0,6.0,7_8,6_0,1354.0,1440.0,7_1,6_8,1313.0,1358.0,13.0,6_13_7_15,6_13_6_47,0.3076923076923075,15.0,47.0,41.0,83.0,4.0
7.0,6.0,20.0,7_8,6_0,230.0,443.0,7_0,6_8,192.0,234.0,17.0,20_17_7_14,20_17_6_9,0.3076923076923075,14.0,9.0,39.0,210.0,4.0
7.0,6.0,6.0,7_8,6_0,5071.0,5189.0,7_1,6_8,5012.0,5075.0,11.0,6_11_7_103,6_11_6_112,0.3076923076923075,103.0,112.0,60.0,105.0,4.0
7.0,6.0,5.0,7_8,6_0,4074.0,4150.0,7_1,6_8,4041.0,4078.0,13.0,5_13_7_94,5_13_6_117,0.3076923076923075,94.0,117.0,34.0,71.0,4.0
14.0,13.0,6.0,14_8,13_0,1884.0,1948.0,14_1,13_5,1846.0,1888.0,15.0,6_15_14_50,6_15_13_68,0.33333333333333304,50.0,68.0,38.0,43.0,4.0
14.0,13.0,5.0,14_8,13_5,5710.0,5995.0,14_8,13_5,5610.0,5714.0,11.0,5_11_14_112,5_11_13_267,0.33333333333333304,112.0,267.0,79.0,271.0,4.0
14.0,13.0,15.0,14_8,13_3,3328.0,3368.0,14_1,13_5,3299.0,3332.0,13.0,15_13_14_41,15_13_13_108,0.33333333333333304,41.0,108.0,30.0,37.0,4.0
4.0,2.0,9.0,4_2,2_0,1043.0,1157.0,4_6,2_4,846.0,1046.0,17.0,9_17_4_6,9_17_2_23,0.3333333333333335,6.0,23.0,185.0,112.0,3.0
5.0,6.0,7.0,5_2,6_8,1906.0,1988.0,5_7,6_4,1872.0,1918.0,19.0,7_19_5_30,7_19_6_21,0.3333333333333339,30.0,21.0,35.0,69.0,12.0
4.0,2.0,6.0,4_8,2_0,2520.0,2588.0,4_6,2_1,2365.0,2524.0,13.0,6_13_4_16,6_13_2_21,0.35294117647058787,16.0,21.0,146.0,65.0,4.0
4.0,2.0,10.0,4_8,2_0,1982.0,2152.0,4_8,2_1,1891.0,1986.0,13.0,10_13_4_58,10_13_2_75,0.35294117647058787,58.0,75.0,92.0,167.0,4.0
4.0,2.0,11.0,4_8,2_0,461.0,625.0,4_6,2_1,372.0,465.0,11.0,11_11_4_8,11_11_2_13,0.35294117647058787,8.0,13.0,90.0,160.0,4.0
4.0,2.0,12.0,4_8,2_0,2457.0,2575.0,4_6,2_1,2373.0,2461.0,19.0,12_19_4_44,12_19_2_75,0.35294117647058787,44.0,75.0,85.0,111.0,4.0
4.0,2.0,13.0,4_8,2_0,2212.0,2287.0,4_6,2_1,2144.0,2216.0,13.0,13_13_4_76,13_13_2_51,0.35294117647058787,76.0,51.0,69.0,72.0,4.0
5.0,6.0,18.0,5_1,6_3,548.0,613.0,5_7,6_8,501.0,551.0,13.0,18_13_5_4,18_13_6_31,0.36363636363636376,4.0,31.0,48.0,56.0,3.0
5.0,6.0,2.0,5_1,6_3,1415.0,1452.0,5_7,6_8,1391.0,1418.0,15.0,2_15_5_40,2_15_6_53,0.36363636363636376,40.0,53.0,25.0,35.0,3.0
5.0,6.0,18.0,5_1,6_0,3055.0,3136.0,5_7,6_8,3010.0,3058.0,9.0,18_9_5_50,18_9_6_39,0.36363636363636376,50.0,39.0,46.0,79.0,3.0
5.0,6.0,18.0,5_1,6_3,552.0,625.0,5_7,6_8,514.0,555.0,13.0,18_13_5_5,18_13_6_35,0.36363636363636376,5.0,35.0,39.0,68.0,3.0
5.0,6.0,11.0,5_1,6_3,199.0,287.0,5_6,6_8,161.0,202.0,19.0,11_19_5_2,11_19_6_9,0.36363636363636376,2.0,9.0,39.0,76.0,3.0
12.0,13.0,3.0,12_2,13_0,2859.0,2943.0,12_7,13_8,2817.0,2863.0,13.0,3_13_12_72,3_13_13_63,0.37037037037037024,72.0,63.0,43.0,81.0,4.0
12.0,13.0,13.0,12_2,13_1,4750.0,4835.0,12_0,13_8,4653.0,4754.0,13.0,13_13_12_467,13_13_13_420,0.37037037037037024,467.0,420.0,94.0,74.0,4.0
12.0,13.0,4.0,12_2,13_1,3294.0,3322.0,12_0,13_8,3258.0,3298.0,17.0,4_17_12_79,4_17_13_101,0.37037037037037024,79.0,101.0,35.0,25.0,4.0
12.0,13.0,9.0,12_2,13_0,1185.0,1291.0,12_7,13_8,1127.0,1189.0,19.0,9_19_12_45,9_19_13_41,0.37037037037037024,45.0,41.0,47.0,100.0,4.0
12.0,13.0,11.0,12_2,13_1,1512.0,1612.0,12_7,13_8,956.0,1516.0,17.0,11_17_12_8,11_17_13_28,0.37037037037037024,8.0,28.0,480.0,97.0,4.0
12.0,13.0,15.0,12_2,13_0,3267.0,3350.0,12_0,13_8,3120.0,3271.0,13.0,15_13_12_90,15_13_13_94,0.37037037037037024,90.0,94.0,143.0,80.0,4.0
12.0,13.0,4.0,12_2,13_0,5501.0,5577.0,12_0,13_8,5449.0,5505.0,13.0,4_13_12_122,4_13_13_275,0.37037037037037024,122.0,275.0,53.0,73.0,4.0
3.0,2.0,5.0,3_5,2_0,234.0,379.0,3_0,2_2,112.0,241.0,13.0,5_13_3_6,5_13_2_11,0.375,6.0,11.0,122.0,136.0,7.0
6.0,5.0,2.0,6_8,5_7,3667.0,3698.0,6_3,5_1,3633.0,3669.0,13.0,2_13_6_125,2_13_5_122,0.3999999999999999,125.0,122.0,35.0,30.0,2.0
6.0,5.0,2.0,6_8,5_7,5599.0,5627.0,6_3,5_1,5530.0,5601.0,17.0,2_17_6_125,2_17_5_99,0.3999999999999999,125.0,99.0,46.0,27.0,2.0
6.0,5.0,3.0,6_8,5_7,3693.0,3725.0,6_8,5_1,3411.0,3695.0,15.0,3_15_6_78,3_15_5_53,0.3999999999999999,78.0,53.0,283.0,31.0,2.0
6.0,5.0,7.0,6_8,5_1,1996.0,2071.0,6_4,5_1,1920.0,1998.0,19.0,7_19_6_22,7_19_5_37,0.3999999999999999,22.0,37.0,77.0,74.0,2.0
6.0,7.0,14.0,6_8,7_1,2013.0,2063.0,6_3,7_8,1939.0,2017.0,19.0,14_19_6_6,14_19_7_6,0.3999999999999999,6.0,6.0,68.0,47.0,4.0
6.0,5.0,1.0,6_8,5_7,4252.0,4291.0,6_3,5_1,4179.0,4254.0,11.0,1_11_6_107,1_11_5_46,0.3999999999999999,107.0,46.0,74.0,38.0,2.0
6.0,7.0,12.0,6_8,7_6,5548.0,5777.0,6_3,7_8,5505.0,5552.0,11.0,12_11_6_137,12_11_7_98,0.3999999999999999,137.0,98.0,44.0,214.0,4.0
6.0,7.0,5.0,6_8,7_6,183.0,376.0,6_0,7_8,124.0,187.0,15.0,5_15_6_3,5_15_7_5,0.3999999999999999,3.0,5.0,60.0,190.0,4.0
10.0,9.0,11.0,10_5,9_0,2558.0,2746.0,10_0,9_2,2434.0,2562.0,15.0,11_15_10_74,11_15_9_53,0.42222222222222205,74.0,53.0,114.0,178.0,4.0
10.0,9.0,6.0,10_5,9_0,3738.0,3897.0,10_0,9_2,3607.0,3742.0,9.0,6_9_10_76,6_9_9_66,0.42222222222222205,76.0,66.0,127.0,152.0,4.0
10.0,9.0,3.0,10_5,9_0,3052.0,3239.0,10_0,9_2,2883.0,3056.0,9.0,3_9_10_59,3_9_9_66,0.42222222222222205,59.0,66.0,160.0,176.0,4.0
10.0,9.0,10.0,10_5,9_0,4972.0,5166.0,10_0,9_2,4898.0,4976.0,11.0,10_11_10_103,10_11_9_57,0.42222222222222205,103.0,57.0,75.0,178.0,4.0
10.0,9.0,10.0,10_5,9_0,5013.0,5167.0,10_0,9_2,4886.0,5017.0,11.0,10_11_10_99,10_11_9_59,0.42222222222222205,99.0,59.0,125.0,151.0,4.0
10.0,9.0,4.0,10_5,9_0,4913.0,5036.0,10_0,9_2,4781.0,4917.0,9.0,4_9_10_59,4_9_9_53,0.42222222222222205,59.0,53.0,133.0,111.0,4.0
13.0,12.0,1.0,13_8,12_7,4473.0,4517.0,13_0,12_2,4266.0,4477.0,13.0,1_13_13_144,1_13_12_115,0.44444444444444464,144.0,115.0,201.0,41.0,4.0
13.0,12.0,4.0,13_8,12_0,4876.0,5044.0,13_1,12_2,4837.0,4880.0,11.0,4_11_13_186,4_11_12_139,0.44444444444444464,186.0,139.0,40.0,165.0,4.0
13.0,12.0,19.0,13_8,12_0,1470.0,1504.0,13_0,12_2,1444.0,1474.0,17.0,19_17_13_84,19_17_12_88,0.44444444444444464,84.0,88.0,27.0,29.0,4.0
13.0,12.0,2.0,13_8,12_0,4460.0,4569.0,13_4,12_2,4284.0,4464.0,13.0,2_13_13_230,2_13_12_133,0.44444444444444464,230.0,133.0,160.0,105.0,4.0
9.0,10.0,14.0,9_1,10_0,1363.0,1420.0,9_0,10_5,1257.0,1368.0,15.0,14_15_9_37,14_15_10_59,0.4615384615384617,37.0,59.0,107.0,53.0,5.0
4.0,3.0,9.0,4_8,3_0,2189.0,2366.0,4_8,3_5,1792.0,2196.0,9.0,9_9_4_49,9_9_3_54,0.47058823529411775,49.0,54.0,398.0,171.0,7.0
4.0,3.0,14.0,4_8,3_0,5807.0,5991.0,4_2,3_5,5410.0,5814.0,9.0,14_9_4_72,14_9_3_45,0.47058823529411775,72.0,45.0,398.0,172.0,7.0
4.0,3.0,15.0,4_8,3_0,5527.0,5604.0,4_8,3_5,5494.0,5534.0,9.0,15_9_4_58,15_9_3_71,0.47058823529411775,58.0,71.0,34.0,71.0,7.0
6.0,7.0,9.0,6_5,7_1,2040.0,2077.0,6_0,7_8,1984.0,2042.0,15.0,9_15_6_28,9_15_7_47,0.47368421052631593,28.0,47.0,57.0,36.0,2.0
6.0,7.0,5.0,6_5,7_1,5049.0,5091.0,6_0,7_8,5014.0,5051.0,13.0,5_13_6_176,5_13_7_141,0.47368421052631593,176.0,141.0,34.0,41.0,2.0
10.0,9.0,4.0,10_5,9_0,4914.0,5026.0,10_0,9_1,4778.0,4919.0,9.0,4_9_10_58,4_9_9_54,0.47826086956521774,58.0,54.0,137.0,105.0,5.0
10.0,9.0,20.0,10_5,9_0,1744.0,1923.0,10_4,9_1,1586.0,1749.0,11.0,20_11_10_37,20_11_9_9,0.47826086956521774,37.0,9.0,159.0,172.0,5.0
7.0,6.0,19.0,7_8,6_3,3283.0,3330.0,7_0,6_4,3228.0,3294.0,13.0,19_13_7_96,19_13_6_40,0.4871794871794872,96.0,40.0,56.0,37.0,11.0
7.0,6.0,6.0,7_8,6_0,498.0,570.0,7_1,6_4,464.0,509.0,15.0,6_15_7_8,6_15_6_17,0.4871794871794872,8.0,17.0,35.0,62.0,11.0
7.0,6.0,20.0,7_8,6_3,335.0,377.0,7_6,6_4,228.0,346.0,17.0,20_17_7_17,20_17_6_20,0.4871794871794872,17.0,20.0,105.0,32.0,11.0
7.0,6.0,6.0,7_8,6_0,1355.0,1437.0,7_1,6_4,1326.0,1367.0,13.0,6_13_7_16,6_13_6_48,0.5128205128205128,16.0,48.0,30.0,71.0,12.0
7.0,6.0,20.0,7_8,6_0,4530.0,4583.0,7_0,6_4,4470.0,4542.0,15.0,20_15_7_136,20_15_6_165,0.5128205128205128,136.0,165.0,61.0,42.0,12.0
7.0,6.0,6.0,7_8,6_0,5074.0,5190.0,7_1,6_4,5025.0,5086.0,11.0,6_11_7_104,6_11_6_118,0.5128205128205128,104.0,118.0,50.0,105.0,12.0
7.0,6.0,19.0,7_8,6_3,3284.0,3327.0,7_1,6_4,3253.0,3296.0,13.0,19_13_7_103,19_13_6_41,0.5128205128205128,103.0,41.0,32.0,32.0,12.0
7.0,6.0,3.0,7_8,6_3,5733.0,5789.0,7_1,6_4,5332.0,5745.0,15.0,3_15_7_117,3_15_6_169,0.5128205128205128,117.0,169.0,392.0,43.0,12.0
7.0,6.0,12.0,7_8,6_0,663.0,862.0,7_1,6_4,584.0,675.0,17.0,12_17_7_17,12_17_6_9,0.5128205128205128,17.0,9.0,80.0,188.0,12.0
7.0,6.0,3.0,7_8,6_3,3829.0,3869.0,7_6,6_4,3691.0,3841.0,15.0,3_15_7_62,3_15_6_99,0.5128205128205128,62.0,99.0,113.0,29.0,12.0
7.0,6.0,7.0,7_8,6_0,2380.0,2448.0,7_0,6_4,2340.0,2392.0,11.0,7_11_7_55,7_11_6_70,0.5128205128205128,55.0,70.0,41.0,57.0,12.0
10.0,9.0,20.0,10_5,9_0,418.0,467.0,10_0,9_1,299.0,422.0,19.0,20_19_10_7,20_19_9_7,0.5217391304347823,7.0,7.0,120.0,46.0,4.0
10.0,9.0,6.0,10_5,9_0,559.0,705.0,10_0,9_1,441.0,563.0,15.0,6_15_10_9,6_15_9_6,0.5217391304347823,9.0,6.0,118.0,143.0,4.0
6.0,7.0,4.0,6_5,7_1,2310.0,2378.0,6_3,7_8,2242.0,2313.0,15.0,4_15_6_52,4_15_7_44,0.5263157894736841,52.0,44.0,69.0,53.0,3.0
6.0,7.0,1.0,6_5,7_1,1340.0,1387.0,6_0,7_8,1286.0,1343.0,13.0,1_13_6_61,1_13_7_55,0.5263157894736841,61.0,55.0,55.0,35.0,3.0
4.0,3.0,4.0,4_8,3_0,3507.0,3549.0,4_6,3_5,3377.0,3515.0,13.0,4_13_4_212,4_13_3_111,0.5294117647058822,212.0,111.0,131.0,35.0,8.0
4.0,3.0,2.0,4_8,3_0,4859.0,4893.0,4_6,3_5,4733.0,4867.0,13.0,2_13_4_180,2_13_3_216,0.5294117647058822,180.0,216.0,98.0,27.0,8.0
9.0,10.0,7.0,9_1,10_1,3895.0,3933.0,9_0,10_5,3746.0,3901.0,15.0,7_15_9_53,7_15_10_88,0.5384615384615383,53.0,88.0,143.0,33.0,6.0
9.0,10.0,3.0,9_1,10_0,1378.0,1496.0,9_0,10_5,1210.0,1384.0,11.0,3_11_9_41,3_11_10_61,0.5384615384615383,41.0,61.0,160.0,66.0,6.0
12.0,13.0,19.0,12_5,13_0,2269.0,2345.0,12_7,13_5,2237.0,2277.0,17.0,19_17_12_160,19_17_13_113,0.545454545454545,160.0,113.0,33.0,69.0,8.0
12.0,13.0,19.0,12_5,13_1,2043.0,2135.0,12_7,13_5,2018.0,2051.0,9.0,19_9_12_34,19_9_13_13,0.545454545454545,34.0,13.0,26.0,85.0,8.0
7.0,5.0,20.0,7_5,5_0,4685.0,4765.0,7_6,5_1,4624.0,4688.0,19.0,20_19_7_154,20_19_5_63,0.5454545454545454,154.0,63.0,62.0,76.0,3.0
10.0,9.0,14.0,10_5,9_0,2838.0,2981.0,10_0,9_2,2706.0,2841.0,13.0,14_13_10_89,14_13_9_31,0.577777777777778,89.0,31.0,133.0,141.0,3.0
10.0,9.0,9.0,10_5,9_0,602.0,656.0,10_0,9_2,517.0,605.0,15.0,9_15_10_11,9_15_9_6,0.577777777777778,11.0,6.0,84.0,52.0,3.0
10.0,9.0,5.0,10_5,9_0,1920.0,2014.0,10_0,9_2,1820.0,1923.0,13.0,5_13_10_72,5_13_9_49,0.577777777777778,72.0,49.0,87.0,90.0,3.0
10.0,9.0,13.0,10_5,9_0,1716.0,1841.0,10_0,9_2,1588.0,1719.0,13.0,13_13_10_122,13_13_9_93,0.577777777777778,122.0,93.0,127.0,123.0,3.0
10.0,9.0,1.0,10_5,9_0,5530.0,5669.0,10_0,9_2,5402.0,5533.0,15.0,1_15_10_96,1_15_9_80,0.577777777777778,96.0,80.0,121.0,126.0,3.0
10.0,9.0,14.0,10_5,9_0,2836.0,2986.0,10_0,9_2,2596.0,2839.0,13.0,14_13_10_87,14_13_9_30,0.577777777777778,87.0,30.0,195.0,148.0,3.0
6.0,7.0,11.0,6_8,7_1,1933.0,1979.0,6_0,7_8,1863.0,1936.0,15.0,11_15_6_46,11_15_7_29,0.6000000000000001,46.0,29.0,66.0,44.0,3.0
6.0,7.0,9.0,6_8,7_0,2040.0,2089.0,6_0,7_8,1968.0,2043.0,15.0,9_15_6_26,9_15_7_48,0.6000000000000001,26.0,48.0,73.0,47.0,3.0
6.0,7.0,7.0,6_8,7_1,4355.0,4395.0,6_0,7_8,4287.0,4358.0,13.0,7_13_6_126,7_13_7_110,0.6000000000000001,126.0,110.0,60.0,38.0,3.0
6.0,7.0,5.0,6_8,7_8,1252.0,1280.0,6_0,7_8,1113.0,1255.0,15.0,5_15_6_36,5_15_7_34,0.6000000000000001,36.0,34.0,132.0,26.0,3.0
6.0,7.0,5.0,6_8,7_8,3981.0,4416.0,6_8,7_8,3936.0,3984.0,9.0,5_9_6_45,5_9_7_93,0.6000000000000001,45.0,93.0,43.0,343.0,3.0
6.0,7.0,13.0,6_8,7_1,1067.0,1099.0,6_8,7_8,943.0,1070.0,13.0,13_13_6_40,13_13_7_48,0.6000000000000001,40.0,48.0,125.0,30.0,3.0
6.0,7.0,15.0,6_8,7_6,1005.0,1180.0,6_4,7_8,883.0,1008.0,13.0,15_13_6_32,15_13_7_68,0.6000000000000001,32.0,68.0,122.0,169.0,3.0
6.0,7.0,20.0,6_8,7_1,1526.0,1553.0,6_0,7_8,1449.0,1529.0,15.0,20_15_6_51,20_15_7_46,0.6000000000000001,51.0,46.0,75.0,25.0,3.0
6.0,7.0,2.0,6_8,7_1,3647.0,3677.0,6_3,7_8,3606.0,3650.0,13.0,2_13_6_120,2_13_7_136,0.6000000000000001,120.0,136.0,42.0,28.0,3.0
6.0,7.0,3.0,6_8,7_1,5911.0,5950.0,6_3,7_8,5833.0,5914.0,15.0,3_15_6_174,3_15_7_130,0.6000000000000001,174.0,130.0,51.0,37.0,3.0
6.0,7.0,7.0,6_8,7_6,3722.0,4051.0,6_0,7_8,3666.0,3725.0,13.0,7_13_6_90,7_13_7_87,0.6000000000000001,90.0,87.0,57.0,196.0,3.0
12.0,13.0,2.0,12_2,13_0,4722.0,4790.0,12_7,13_8,4695.0,4725.0,13.0,2_13_12_151,2_13_13_255,0.6296296296296298,151.0,255.0,28.0,66.0,3.0
12.0,13.0,13.0,12_2,13_1,448.0,476.0,12_0,13_8,179.0,451.0,13.0,13_13_12_22,13_13_13_58,0.6296296296296298,22.0,58.0,227.0,26.0,3.0
12.0,13.0,13.0,12_2,13_1,4752.0,4839.0,12_0,13_8,4645.0,4755.0,13.0,13_13_12_465,13_13_13_421,0.6296296296296298,465.0,421.0,108.0,81.0,3.0
12.0,13.0,19.0,12_2,13_1,1733.0,1772.0,12_0,13_8,1565.0,1736.0,17.0,19_17_12_106,19_17_13_99,0.6296296296296298,106.0,99.0,158.0,37.0,3.0
12.0,13.0,4.0,12_2,13_1,4958.0,5120.0,12_4,13_8,4770.0,4961.0,17.0,4_17_12_102,4_17_13_165,0.6296296296296298,102.0,165.0,189.0,153.0,3.0
12.0,13.0,12.0,12_2,13_1,1306.0,1340.0,12_0,13_8,1204.0,1309.0,11.0,12_11_12_39,12_11_13_30,0.6296296296296298,39.0,30.0,97.0,24.0,3.0
12.0,13.0,13.0,12_2,13_1,444.0,470.0,12_0,13_8,362.0,447.0,13.0,13_13_12_32,13_13_13_54,0.6296296296296298,32.0,54.0,70.0,24.0,3.0
5.0,6.0,1.0,5_1,6_0,2556.0,2698.0,5_0,6_8,2487.0,2558.0,15.0,1_15_5_39,1_15_6_92,0.6363636363636362,39.0,92.0,70.0,141.0,2.0
5.0,6.0,6.0,5_1,6_0,923.0,983.0,5_6,6_8,887.0,925.0,19.0,6_19_5_29,6_19_6_19,0.6363636363636362,29.0,19.0,37.0,59.0,2.0
5.0,6.0,11.0,5_1,6_0,51.0,86.0,5_0,6_8,1.0,53.0,17.0,11_17_5_1,11_17_6_10,0.6363636363636362,1.0,10.0,51.0,34.0,2.0
5.0,6.0,19.0,5_1,6_0,4894.0,4988.0,5_7,6_8,4858.0,4896.0,17.0,19_17_5_91,19_17_6_73,0.6363636363636362,91.0,73.0,37.0,93.0,2.0
4.0,2.0,19.0,4_8,2_0,591.0,685.0,4_6,2_1,540.0,596.0,13.0,19_13_4_25,19_13_2_14,0.6470588235294121,25.0,14.0,52.0,83.0,5.0
4.0,2.0,10.0,4_8,2_0,4833.0,4921.0,4_6,2_1,4772.0,4838.0,13.0,10_13_4_210,10_13_2_209,0.6470588235294121,210.0,209.0,48.0,78.0,5.0
4.0,2.0,6.0,4_8,2_0,1914.0,2026.0,4_6,2_1,1795.0,1919.0,13.0,6_13_4_6,6_13_2_8,0.6470588235294121,6.0,8.0,111.0,104.0,5.0
5.0,6.0,7.0,5_2,6_8,1909.0,1996.0,5_7,6_4,1865.0,1920.0,19.0,7_19_5_29,7_19_6_22,0.6666666666666661,29.0,22.0,38.0,77.0,11.0
5.0,6.0,20.0,5_2,6_0,2583.0,2693.0,5_7,6_4,2536.0,2594.0,13.0,20_13_5_82,20_13_6_80,0.6666666666666661,82.0,80.0,48.0,75.0,11.0
5.0,6.0,13.0,5_2,6_0,3237.0,3378.0,5_7,6_4,3203.0,3248.0,11.0,13_11_5_58,13_11_6_38,0.6666666666666661,58.0,38.0,34.0,107.0,11.0
6.0,5.0,5.0,6_5,5_7,4160.0,4198.0,6_0,5_2,4105.0,4164.0,11.0,5_11_6_63,5_11_5_54,0.6666666666666665,63.0,54.0,56.0,35.0,4.0
6.0,5.0,15.0,6_5,5_8,979.0,1020.0,6_4,5_2,871.0,983.0,13.0,15_13_6_26,15_13_5_34,0.6666666666666665,26.0,34.0,93.0,38.0,4.0
6.0,5.0,20.0,6_5,5_7,3427.0,3459.0,6_0,5_2,3379.0,3431.0,15.0,20_15_6_115,20_15_5_82,0.6666666666666665,115.0,82.0,49.0,29.0,4.0
14.0,13.0,20.0,14_8,13_0,2640.0,2810.0,14_8,13_5,2579.0,2645.0,11.0,20_11_14_52,20_11_13_84,0.666666666666667,52.0,84.0,62.0,166.0,5.0
7.0,6.0,15.0,7_8,6_0,3553.0,3749.0,7_0,6_8,3515.0,3556.0,11.0,15_11_7_120,15_11_6_129,0.6923076923076925,120.0,129.0,27.0,194.0,3.0
7.0,6.0,5.0,7_8,6_0,4118.0,4269.0,7_1,6_8,4083.0,4121.0,13.0,5_13_7_100,5_13_6_126,0.6923076923076925,100.0,126.0,36.0,149.0,3.0
7.0,6.0,2.0,7_8,6_0,3056.0,3098.0,7_0,6_8,3004.0,3059.0,19.0,2_19_7_50,2_19_6_26,0.6923076923076925,50.0,26.0,53.0,40.0,3.0
7.0,6.0,16.0,7_8,6_0,4599.0,4749.0,7_1,6_8,4573.0,4602.0,11.0,16_11_7_27,16_11_6_20,0.6923076923076925,27.0,20.0,27.0,148.0,3.0
2.0,3.0,19.0,2_2,3_0,5160.0,5270.0,2_0,3_4,5016.0,5176.0,17.0,19_17_2_98,19_17_3_210,0.6999999999999993,98.0,210.0,145.0,95.0,16.0
2.0,3.0,7.0,2_2,3_0,4929.0,4998.0,2_0,3_4,4813.0,4945.0,9.0,7_9_2_83,7_9_3_84,0.6999999999999993,83.0,84.0,113.0,54.0,16.0
2.0,3.0,1.0,2_2,3_0,5175.0,5303.0,2_0,3_4,4976.0,5191.0,13.0,1_13_2_150,1_13_3_172,0.6999999999999993,150.0,172.0,177.0,113.0,16.0
9.0,10.0,7.0,9_2,10_1,3898.0,3929.0,9_0,10_5,3765.0,3902.0,15.0,7_15_9_55,7_15_10_89,0.7058823529411766,55.0,89.0,134.0,28.0,4.0
9.0,10.0,6.0,9_2,10_1,1179.0,1921.0,9_5,10_5,1130.0,1183.0,17.0,6_17_9_19,6_17_10_54,0.7058823529411766,19.0,54.0,50.0,718.0,4.0
9.0,10.0,13.0,9_2,10_0,1873.0,1973.0,9_0,10_5,1791.0,1877.0,13.0,13_13_9_109,13_13_10_175,0.7058823529411766,109.0,175.0,83.0,93.0,4.0
9.0,10.0,13.0,9_2,10_0,2411.0,2455.0,9_3,10_5,2372.0,2415.0,13.0,13_13_9_166,13_13_10_227,0.7058823529411766,166.0,227.0,40.0,41.0,4.0
4.0,3.0,10.0,4_8,3_0,5749.0,5861.0,4_6,3_4,5674.0,5764.0,17.0,10_17_4_148,10_17_3_79,0.7200000000000006,148.0,79.0,76.0,79.0,15.0
4.0,3.0,9.0,4_8,3_0,3158.0,3290.0,4_6,3_4,3033.0,3173.0,11.0,9_11_4_73,9_11_3_65,0.7200000000000006,73.0,65.0,123.0,110.0,15.0
4.0,3.0,19.0,4_8,3_0,4354.0,4463.0,4_6,3_4,4268.0,4369.0,17.0,19_17_4_119,19_17_3_173,0.7200000000000006,119.0,173.0,87.0,95.0,15.0
4.0,3.0,13.0,4_8,3_0,1472.0,1582.0,4_6,3_4,1326.0,1487.0,13.0,13_13_4_40,13_13_3_137,0.7200000000000006,40.0,137.0,146.0,75.0,15.0
4.0,3.0,3.0,4_8,3_0,1555.0,1593.0,4_6,3_4,1474.0,1570.0,11.0,3_11_4_33,3_11_3_59,0.7200000000000006,33.0,59.0,82.0,24.0,15.0
2.0,3.0,4.0,2_2,3_0,3102.0,3160.0,2_0,3_5,2842.0,3106.0,13.0,4_13_2_128,4_13_3_93,0.7272727272727275,128.0,93.0,222.0,55.0,4.0
14.0,13.0,16.0,14_8,13_1,5960.0,6005.0,14_1,13_8,5925.0,5964.0,15.0,16_15_14_55,16_15_13_56,0.7272727272727275,55.0,56.0,36.0,42.0,4.0
14.0,13.0,9.0,14_8,13_3,2569.0,2604.0,14_1,13_8,2540.0,2573.0,11.0,9_11_14_22,9_11_13_41,0.7272727272727275,22.0,41.0,30.0,32.0,4.0
14.0,13.0,4.0,14_8,13_0,5152.0,5236.0,14_1,13_8,5116.0,5156.0,9.0,4_9_14_55,4_9_13_95,0.7272727272727275,55.0,95.0,37.0,81.0,4.0
2.0,3.0,3.0,2_2,3_0,5061.0,5099.0,2_0,3_5,4931.0,5065.0,13.0,3_13_2_158,3_13_3_153,0.7272727272727275,158.0,153.0,130.0,35.0,4.0
13.0,12.0,4.0,13_8,12_0,3502.0,3734.0,13_0,12_1,3466.0,3506.0,15.0,4_15_13_61,4_15_12_74,0.7333333333333334,61.0,74.0,37.0,229.0,4.0
13.0,12.0,6.0,13_8,12_0,4763.0,4949.0,13_3,12_1,4735.0,4767.0,17.0,6_17_13_116,6_17_12_74,0.7333333333333334,116.0,74.0,29.0,183.0,4.0
13.0,12.0,15.0,13_8,12_0,2875.0,3143.0,13_3,12_1,2843.0,2879.0,15.0,15_15_13_88,15_15_12_43,0.7333333333333334,88.0,43.0,33.0,255.0,4.0
12.0,13.0,3.0,12_2,13_0,3975.0,4060.0,12_8,13_5,3940.0,3980.0,17.0,3_17_12_79,3_17_13_119,0.7428571428571429,79.0,119.0,36.0,81.0,5.0
12.0,13.0,2.0,12_2,13_3,933.0,1045.0,12_0,13_5,808.0,938.0,13.0,2_13_12_33,2_13_13_79,0.7428571428571429,33.0,79.0,126.0,85.0,5.0
12.0,13.0,9.0,12_2,13_0,4848.0,4931.0,12_0,13_5,4672.0,4853.0,13.0,9_13_12_198,9_13_13_155,0.7428571428571429,198.0,155.0,177.0,79.0,5.0
12.0,13.0,19.0,12_2,13_0,2193.0,2253.0,12_0,13_5,2054.0,2198.0,9.0,19_9_12_47,19_9_13_39,0.7428571428571429,47.0,39.0,115.0,56.0,5.0
12.0,13.0,19.0,12_2,13_1,2057.0,2151.0,12_7,13_5,2033.0,2062.0,9.0,19_9_12_36,19_9_13_17,0.7428571428571429,36.0,17.0,25.0,90.0,5.0
12.0,13.0,14.0,12_2,13_1,2917.0,2995.0,12_0,13_5,2736.0,2922.0,15.0,14_15_12_226,14_15_13_117,0.7428571428571429,226.0,117.0,113.0,74.0,5.0
4.0,2.0,16.0,4_5,2_0,3580.0,3778.0,4_6,2_1,3497.0,3583.0,13.0,16_13_4_44,16_13_2_58,0.763157894736842,44.0,58.0,84.0,149.0,3.0
4.0,2.0,1.0,4_5,2_0,3880.0,4061.0,4_7,2_1,3853.0,3883.0,13.0,1_13_4_105,1_13_2_123,0.763157894736842,105.0,123.0,26.0,178.0,3.0
4.0,2.0,13.0,4_5,2_0,3396.0,3529.0,4_6,2_1,3275.0,3399.0,13.0,13_13_4_116,13_13_2_82,0.763157894736842,116.0,82.0,113.0,125.0,3.0
4.0,2.0,1.0,4_5,2_2,5102.0,5442.0,4_8,2_1,5069.0,5105.0,17.0,1_17_4_91,1_17_2_65,0.763157894736842,91.0,65.0,34.0,322.0,3.0
4.0,2.0,12.0,4_5,2_0,2309.0,2408.0,4_6,2_1,2226.0,2312.0,11.0,12_11_4_28,12_11_2_42,0.763157894736842,28.0,42.0,84.0,97.0,3.0
4.0,2.0,9.0,4_5,2_0,5251.0,5900.0,4_6,2_1,5042.0,5254.0,13.0,9_13_4_187,9_13_2_189,0.763157894736842,187.0,189.0,171.0,558.0,3.0
6.0,5.0,19.0,6_8,5_7,1206.0,1243.0,6_0,5_2,1130.0,1207.0,19.0,19_19_6_8,19_19_5_2,0.7857142857142858,8.0,2.0,77.0,37.0,1.0
6.0,5.0,1.0,6_8,5_7,4555.0,4595.0,6_0,5_2,4496.0,4556.0,11.0,1_11_6_128,1_11_5_61,0.7857142857142858,128.0,61.0,60.0,40.0,1.0
3.0,4.0,18.0,3_5,4_8,1463.0,1510.0,3_8,4_8,1217.0,1467.0,17.0,18_17_3_18,18_17_4_14,0.806451612903226,18.0,14.0,241.0,44.0,4.0
3.0,4.0,1.0,3_5,4_5,5058.0,5095.0,3_0,4_8,4991.0,5062.0,17.0,1_17_3_142,1_17_4_89,0.806451612903226,142.0,89.0,68.0,34.0,4.0
3.0,4.0,18.0,3_5,4_6,2863.0,3029.0,3_3,4_8,2812.0,2867.0,17.0,18_17_3_59,18_17_4_49,0.806451612903226,59.0,49.0,52.0,155.0,4.0
2.0,4.0,2.0,2_5,4_6,490.0,651.0,2_2,4_4,284.0,492.0,13.0,2_13_2_9,2_13_4_18,0.8076923076923075,9.0,18.0,160.0,116.0,2.0
2.0,4.0,14.0,2_5,4_6,1658.0,1777.0,2_0,4_4,1528.0,1660.0,13.0,14_13_2_66,14_13_4_83,0.8076923076923075,66.0,83.0,131.0,98.0,2.0
2.0,4.0,10.0,2_5,4_6,3510.0,3597.0,2_0,4_4,3391.0,3512.0,13.0,10_13_2_135,10_13_4_151,0.8076923076923075,135.0,151.0,120.0,86.0,2.0
2.0,4.0,20.0,2_5,4_6,5338.0,5428.0,2_0,4_4,5239.0,5340.0,11.0,20_11_2_142,20_11_4_178,0.8076923076923075,142.0,178.0,100.0,76.0,2.0
9.0,10.0,20.0,9_2,10_0,2774.0,2909.0,9_0,10_8,2635.0,2775.0,17.0,20_17_9_63,20_17_10_85,0.8181818181818181,63.0,85.0,120.0,135.0,1.0
9.0,10.0,13.0,9_2,10_4,1800.0,1936.0,9_0,10_8,1759.0,1801.0,13.0,13_13_9_100,13_13_10_160,0.8181818181818181,100.0,160.0,42.0,136.0,1.0
9.0,10.0,13.0,9_2,10_1,5701.0,5731.0,9_0,10_8,5567.0,5702.0,13.0,13_13_9_200,13_13_10_417,0.8181818181818181,200.0,417.0,127.0,30.0,1.0
9.0,10.0,16.0,9_2,10_4,5623.0,5757.0,9_0,10_8,5463.0,5624.0,15.0,16_15_9_44,16_15_10_57,0.8181818181818181,44.0,57.0,158.0,134.0,1.0
6.0,7.0,8.0,6_5,7_1,1833.0,2137.0,6_3,7_7,1803.0,1835.0,11.0,8_11_6_53,8_11_7_45,0.8235294117647061,53.0,45.0,31.0,250.0,2.0
6.0,7.0,9.0,6_5,7_0,2035.0,2072.0,6_0,7_7,1977.0,2037.0,15.0,9_15_6_27,9_15_7_44,0.8235294117647061,27.0,44.0,59.0,36.0,2.0
6.0,7.0,15.0,6_5,7_6,2160.0,2331.0,6_3,7_7,1811.0,2162.0,15.0,15_15_6_56,15_15_7_35,0.8235294117647061,56.0,35.0,350.0,167.0,2.0
6.0,7.0,18.0,6_5,7_0,3969.0,4003.0,6_0,7_7,3934.0,3971.0,15.0,18_15_6_100,18_15_7_52,0.8235294117647061,100.0,52.0,36.0,33.0,2.0
6.0,7.0,20.0,6_5,7_0,4610.0,4650.0,6_1,7_7,4541.0,4612.0,15.0,20_15_6_164,20_15_7_147,0.8235294117647061,164.0,147.0,70.0,36.0,2.0
6.0,7.0,15.0,6_5,7_6,2155.0,2286.0,6_3,7_7,1801.0,2157.0,15.0,15_15_6_54,15_15_7_34,0.8235294117647061,54.0,34.0,355.0,116.0,2.0
13.0,14.0,13.0,13_5,14_6,1617.0,1666.0,13_0,14_8,1528.0,1620.0,13.0,13_13_13_126,13_13_14_132,0.8421052631578947,126.0,132.0,90.0,47.0,3.0
13.0,14.0,13.0,13_5,14_6,1547.0,1598.0,13_0,14_8,1462.0,1550.0,13.0,13_13_13_115,13_13_14_119,0.8421052631578947,115.0,119.0,84.0,32.0,3.0
5.0,6.0,18.0,5_2,6_0,3061.0,3141.0,5_7,6_8,3022.0,3065.0,9.0,18_9_5_52,18_9_6_41,0.8461538461538463,52.0,41.0,40.0,77.0,4.0
14.0,12.0,20.0,14_5,12_0,151.0,285.0,14_6,12_1,1.0,153.0,9.0,20_9_14_2,20_9_12_7,0.875,2.0,7.0,151.0,131.0,2.0
14.0,12.0,3.0,14_5,12_0,3331.0,3366.0,14_6,12_1,3166.0,3333.0,9.0,3_9_14_58,3_9_12_76,0.875,58.0,76.0,137.0,29.0,2.0
14.0,12.0,4.0,14_5,12_0,5181.0,5321.0,14_6,12_1,5009.0,5183.0,9.0,4_9_14_46,4_9_12_71,0.875,46.0,71.0,173.0,139.0,2.0
4.0,2.0,13.0,4_5,2_0,5872.0,5953.0,4_6,2_4,5811.0,5876.0,9.0,13_9_4_109,13_9_2_137,0.8846153846153846,109.0,137.0,62.0,70.0,4.0
7.0,6.0,13.0,7_8,6_0,960.0,1056.0,7_1,6_5,925.0,966.0,13.0,13_13_7_43,13_13_6_42,0.884615384615385,43.0,42.0,36.0,84.0,6.0
7.0,6.0,15.0,7_8,6_0,3542.0,3631.0,7_1,6_5,3502.0,3548.0,11.0,15_11_7_117,15_11_6_128,0.884615384615385,117.0,128.0,41.0,69.0,6.0
7.0,6.0,11.0,7_8,6_0,985.0,1077.0,7_1,6_5,938.0,991.0,15.0,11_15_7_20,11_15_6_22,0.884615384615385,20.0,22.0,48.0,87.0,6.0
2.0,4.0,1.0,2_2,4_6,580.0,706.0,2_0,4_7,381.0,588.0,19.0,1_19_2_8,1_19_4_19,0.9047619047619051,8.0,19.0,200.0,108.0,8.0
2.0,3.0,4.0,2_2,3_0,3100.0,3185.0,2_0,3_8,2936.0,3104.0,13.0,4_13_2_134,4_13_3_91,0.9166666666666665,134.0,91.0,144.0,82.0,4.0
2.0,3.0,7.0,2_2,3_0,3563.0,3641.0,2_0,3_8,3378.0,3567.0,9.0,7_9_2_48,7_9_3_52,0.9166666666666665,48.0,52.0,125.0,75.0,4.0
2.0,3.0,7.0,2_2,3_0,4052.0,4151.0,2_0,3_8,3875.0,4056.0,13.0,7_13_2_146,7_13_3_58,0.9166666666666665,146.0,58.0,178.0,96.0,4.0
2.0,3.0,18.0,2_2,3_0,4750.0,4811.0,2_0,3_8,4523.0,4754.0,9.0,18_9_2_28,18_9_3_48,0.9166666666666665,28.0,48.0,179.0,58.0,4.0
13.0,12.0,9.0,13_5,12_0,4318.0,4507.0,13_1,12_2,4294.0,4326.0,19.0,9_19_13_66,9_19_12_84,0.916666666666667,66.0,84.0,25.0,173.0,8.0
13.0,12.0,7.0,13_5,12_0,5439.0,5555.0,13_0,12_2,5382.0,5447.0,15.0,7_15_13_66,7_15_12_144,0.916666666666667,66.0,144.0,55.0,100.0,8.0
4.0,3.0,2.0,4_8,3_2,4925.0,5075.0,4_6,3_8,4851.0,4930.0,13.0,2_13_4_188,2_13_3_219,0.9285714285714288,188.0,219.0,75.0,146.0,5.0
4.0,3.0,9.0,4_8,3_0,5296.0,5374.0,4_8,3_8,5113.0,5301.0,13.0,9_13_4_193,9_13_3_242,0.9285714285714288,193.0,242.0,184.0,74.0,5.0
14.0,13.0,18.0,14_8,13_0,4726.0,4826.0,14_1,13_4,4692.0,4737.0,9.0,18_9_14_36,18_9_13_52,0.9629629629629637,36.0,52.0,35.0,90.0,11.0
14.0,13.0,9.0,14_8,13_3,2569.0,2608.0,14_1,13_4,2532.0,2580.0,11.0,9_11_14_21,9_11_13_44,0.9629629629629637,21.0,44.0,38.0,29.0,11.0
14.0,13.0,2.0,14_8,13_3,3065.0,3210.0,14_1,13_1,3036.0,3077.0,13.0,2_13_14_98,2_13_13_173,0.9714285714285715,98.0,173.0,30.0,109.0,12.0
2.0,4.0,7.0,2_5,4_6,731.0,882.0,2_0,4_7,531.0,733.0,13.0,7_13_2_28,7_13_4_39,0.9729729729729728,28.0,39.0,162.0,119.0,2.0
2.0,4.0,4.0,2_5,4_6,2415.0,2530.0,2_0,4_7,2301.0,2417.0,13.0,4_13_2_100,4_13_4_154,0.9729729729729728,100.0,154.0,111.0,53.0,2.0
2.0,4.0,4.0,2_5,4_6,299.0,485.0,2_0,4_7,166.0,301.0,13.0,4_13_2_9,4_13_4_21,0.9729729729729728,9.0,21.0,134.0,134.0,2.0
2.0,4.0,9.0,2_5,4_6,4684.0,4790.0,2_0,4_7,4498.0,4686.0,11.0,9_11_2_76,9_11_4_131,0.9729729729729728,76.0,131.0,149.0,104.0,2.0
2.0,4.0,10.0,2_5,4_6,3412.0,3526.0,2_0,4_7,3339.0,3414.0,13.0,10_13_2_133,10_13_4_147,0.9729729729729728,133.0,147.0,72.0,102.0,2.0
2.0,4.0,10.0,2_5,4_6,5663.0,5756.0,2_0,4_7,5598.0,5665.0,15.0,10_15_2_43,10_15_4_157,0.9729729729729728,43.0,157.0,66.0,63.0,2.0
2.0,4.0,11.0,2_5,4_6,3137.0,3360.0,2_0,4_7,2916.0,3139.0,13.0,11_13_2_99,11_13_4_182,0.9729729729729728,99.0,182.0,187.0,173.0,2.0
2.0,4.0,11.0,2_5,4_6,3346.0,3376.0,2_0,4_7,3217.0,3348.0,13.0,11_13_2_111,11_13_4_204,0.9729729729729728,111.0,204.0,129.0,29.0,2.0
2.0,4.0,20.0,2_5,4_6,2176.0,2264.0,2_0,4_7,2061.0,2178.0,13.0,20_13_2_60,20_13_4_131,0.9729729729729728,60.0,131.0,113.0,86.0,2.0
2.0,4.0,20.0,2_5,4_6,4449.0,4500.0,2_5,4_7,4146.0,4451.0,11.0,20_11_2_117,20_11_4_144,0.9729729729729728,117.0,144.0,274.0,50.0,2.0
2.0,4.0,13.0,2_5,4_5,4539.0,4678.0,2_0,4_7,4442.0,4541.0,13.0,13_13_2_139,13_13_4_183,0.9729729729729728,139.0,183.0,98.0,137.0,2.0
2.0,4.0,6.0,2_5,4_6,5242.0,5360.0,2_0,4_7,5143.0,5246.0,17.0,6_17_2_76,6_17_4_89,1.0270270270270272,76.0,89.0,100.0,97.0,4.0
2.0,4.0,20.0,2_5,4_6,1235.0,1341.0,2_0,4_7,1184.0,1239.0,15.0,20_15_2_19,20_15_4_36,1.0270270270270272,19.0,36.0,52.0,101.0,4.0
2.0,4.0,20.0,2_5,4_6,2536.0,2693.0,2_0,4_7,2473.0,2540.0,11.0,20_11_2_73,20_11_4_100,1.0270270270270272,73.0,100.0,61.0,121.0,4.0
2.0,4.0,11.0,2_5,4_6,2504.0,2574.0,2_0,4_7,2372.0,2508.0,11.0,11_11_2_55,11_11_4_61,1.0270270270270272,55.0,61.0,133.0,66.0,4.0
2.0,4.0,11.0,2_5,4_6,4273.0,4394.0,2_0,4_7,4061.0,4277.0,13.0,11_13_2_144,11_13_4_290,1.0270270270270272,144.0,290.0,194.0,118.0,4.0
2.0,4.0,2.0,2_5,4_6,490.0,561.0,2_0,4_7,360.0,494.0,13.0,2_13_2_13,2_13_4_19,1.0270270270270272,13.0,19.0,103.0,68.0,4.0
2.0,4.0,20.0,2_5,4_6,453.0,508.0,2_0,4_7,330.0,457.0,9.0,20_9_2_3,20_9_4_9,1.0270270270270272,3.0,9.0,124.0,52.0,4.0
14.0,13.0,11.0,14_8,13_4,722.0,808.0,14_1,13_1,687.0,736.0,15.0,11_15_14_6,11_15_13_27,1.0285714285714285,6.0,27.0,36.0,65.0,14.0
14.0,13.0,6.0,14_8,13_0,1901.0,1997.0,14_1,13_4,1868.0,1914.0,15.0,6_15_14_55,6_15_13_79,1.0370370370370363,55.0,79.0,34.0,84.0,13.0
14.0,13.0,13.0,14_8,13_4,1672.0,1806.0,14_1,13_4,1636.0,1685.0,13.0,13_13_14_133,13_13_13_165,1.0370370370370363,133.0,165.0,37.0,109.0,13.0
14.0,13.0,4.0,14_8,13_0,3896.0,4034.0,14_1,13_4,3862.0,3909.0,9.0,4_9_14_34,4_9_13_43,1.0370370370370363,34.0,43.0,34.0,108.0,13.0
4.0,3.0,20.0,4_8,3_0,4450.0,4598.0,4_8,3_8,4347.0,4453.0,9.0,20_9_4_75,20_9_3_38,1.0714285714285712,75.0,38.0,101.0,100.0,3.0
4.0,3.0,3.0,4_8,3_0,1558.0,1595.0,4_7,3_8,1502.0,1561.0,11.0,3_11_4_34,3_11_3_56,1.0714285714285712,34.0,56.0,57.0,35.0,3.0
4.0,3.0,9.0,4_8,3_0,2182.0,2288.0,4_7,3_8,2109.0,2185.0,9.0,9_9_4_62,9_9_3_53,1.0714285714285712,62.0,53.0,74.0,104.0,3.0
4.0,3.0,20.0,4_8,3_0,4453.0,4589.0,4_5,3_8,3880.0,4456.0,9.0,20_9_4_62,20_9_3_39,1.0714285714285712,62.0,39.0,574.0,134.0,3.0
4.0,3.0,3.0,4_8,3_0,2298.0,2360.0,4_8,3_8,2061.0,2301.0,11.0,3_11_4_67,3_11_3_117,1.0714285714285712,67.0,117.0,212.0,60.0,3.0
2.0,3.0,18.0,2_2,3_0,4386.0,4427.0,2_0,3_8,4245.0,4388.0,17.0,18_17_2_94,18_17_3_131,1.0833333333333335,94.0,131.0,136.0,40.0,2.0
2.0,3.0,3.0,2_2,3_0,5064.0,5103.0,2_0,3_8,4902.0,5066.0,13.0,3_13_2_151,3_13_3_154,1.0833333333333335,151.0,154.0,138.0,38.0,2.0
2.0,3.0,12.0,2_2,3_0,4482.0,4520.0,2_0,3_8,4311.0,4484.0,11.0,12_11_2_72,12_11_3_82,1.0833333333333335,72.0,82.0,172.0,37.0,2.0
14.0,12.0,20.0,14_8,12_0,151.0,286.0,14_6,12_1,11.0,155.0,9.0,20_9_14_6,20_9_12_8,1.0909090909090908,6.0,8.0,141.0,132.0,4.0
7.0,6.0,2.0,7_8,6_0,3175.0,3244.0,7_0,6_5,3133.0,3179.0,9.0,2_9_7_42,2_9_6_39,1.115384615384615,42.0,39.0,43.0,58.0,4.0
7.0,6.0,13.0,7_8,6_0,3652.0,3696.0,7_6,6_5,3572.0,3656.0,13.0,13_13_7_177,13_13_6_158,1.115384615384615,177.0,158.0,73.0,41.0,4.0
4.0,2.0,18.0,4_5,2_2,1352.0,1412.0,4_6,2_4,1275.0,1354.0,13.0,18_13_4_60,18_13_2_37,1.1153846153846154,60.0,37.0,78.0,59.0,2.0
4.0,2.0,11.0,4_5,2_2,1450.0,1704.0,4_6,2_4,1252.0,1452.0,13.0,11_13_4_48,11_13_2_21,1.1153846153846154,48.0,21.0,196.0,242.0,2.0
14.0,12.0,12.0,14_5,12_0,2880.0,3013.0,14_6,12_1,2808.0,2884.0,11.0,12_11_14_36,12_11_12_69,1.125,36.0,69.0,51.0,130.0,4.0
12.0,13.0,16.0,12_2,13_4,4659.0,4707.0,12_0,13_4,4500.0,4672.0,17.0,16_17_12_30,16_17_13_86,1.1428571428571423,30.0,86.0,160.0,36.0,13.0
12.0,13.0,15.0,12_2,13_0,3268.0,3353.0,12_0,13_4,3123.0,3281.0,13.0,15_13_12_91,15_13_13_97,1.1428571428571423,91.0,97.0,133.0,73.0,13.0
5.0,6.0,5.0,5_2,6_3,5264.0,5327.0,5_7,6_8,5216.0,5266.0,17.0,5_17_5_68,5_17_6_83,1.1538461538461537,68.0,83.0,48.0,62.0,2.0
5.0,6.0,20.0,5_2,6_3,2580.0,2611.0,5_7,6_8,2556.0,2582.0,13.0,20_13_5_85,20_13_6_73,1.1538461538461537,85.0,73.0,25.0,30.0,2.0
13.0,14.0,20.0,13_5,14_8,2574.0,2640.0,13_0,14_8,2500.0,2579.0,11.0,20_11_13_71,20_11_14_52,1.1578947368421053,71.0,52.0,75.0,62.0,5.0
13.0,14.0,10.0,13_5,14_1,2280.0,2308.0,13_3,14_8,2248.0,2285.0,13.0,10_13_13_101,10_13_14_30,1.1578947368421053,101.0,30.0,33.0,24.0,5.0
6.0,7.0,7.0,6_5,7_6,3726.0,3881.0,6_0,7_7,3689.0,3730.0,13.0,7_13_6_91,7_13_7_88,1.176470588235294,91.0,88.0,38.0,152.0,4.0
9.0,10.0,13.0,9_2,10_0,2397.0,2441.0,9_0,10_8,2272.0,2400.0,13.0,13_13_9_154,13_13_10_214,1.1818181818181819,154.0,214.0,123.0,40.0,3.0
9.0,10.0,14.0,9_2,10_4,4908.0,4964.0,9_0,10_8,4767.0,4911.0,15.0,14_15_9_96,14_15_10_158,1.1818181818181819,96.0,158.0,142.0,54.0,3.0
9.0,10.0,13.0,9_2,10_1,847.0,902.0,9_0,10_8,798.0,850.0,13.0,13_13_9_47,13_13_10_63,1.1818181818181819,47.0,63.0,50.0,53.0,3.0
2.0,4.0,3.0,2_5,4_6,5167.0,5288.0,2_0,4_4,5076.0,5171.0,11.0,3_11_2_154,3_11_4_150,1.1923076923076925,154.0,150.0,92.0,95.0,4.0
3.0,4.0,18.0,3_5,4_8,1461.0,1510.0,3_3,4_8,1430.0,1467.0,13.0,18_13_3_40,18_13_4_77,1.193548387096774,40.0,77.0,32.0,44.0,6.0
2.0,4.0,11.0,2_8,4_6,3853.0,4060.0,2_0,4_4,3686.0,3854.0,13.0,11_13_2_123,11_13_4_244,1.2000000000000002,123.0,244.0,145.0,179.0,1.0
2.0,4.0,10.0,2_8,4_6,4824.0,5057.0,2_0,4_4,4742.0,4825.0,13.0,10_13_2_182,10_13_4_221,1.2000000000000002,182.0,221.0,77.0,172.0,1.0
2.0,4.0,10.0,2_8,4_6,4834.0,5056.0,2_0,4_4,4793.0,4835.0,13.0,10_13_2_192,10_13_4_227,1.2000000000000002,192.0,227.0,37.0,203.0,1.0
4.0,2.0,20.0,4_5,2_0,4117.0,4229.0,4_6,2_1,3976.0,4122.0,13.0,20_13_4_177,20_13_2_111,1.236842105263158,177.0,111.0,142.0,108.0,5.0
4.0,2.0,14.0,4_5,2_5,1696.0,1874.0,4_6,2_1,1596.0,1701.0,13.0,14_13_4_76,14_13_2_83,1.236842105263158,76.0,83.0,101.0,171.0,5.0
4.0,2.0,13.0,4_5,2_0,3392.0,3425.0,4_6,2_1,3274.0,3397.0,13.0,13_13_4_115,13_13_2_81,1.236842105263158,115.0,81.0,118.0,29.0,5.0
4.0,2.0,20.0,4_5,2_0,4074.0,4147.0,4_6,2_1,3976.0,4079.0,13.0,20_13_4_178,20_13_2_106,1.236842105263158,178.0,106.0,99.0,66.0,5.0
4.0,2.0,9.0,4_5,2_0,4218.0,4331.0,4_6,2_1,4116.0,4223.0,13.0,9_13_4_142,9_13_2_120,1.236842105263158,142.0,120.0,103.0,107.0,5.0
4.0,2.0,10.0,4_5,2_0,3672.0,3842.0,4_6,2_1,3521.0,3677.0,13.0,10_13_4_153,10_13_2_146,1.236842105263158,153.0,146.0,124.0,146.0,5.0
4.0,2.0,3.0,4_5,2_0,753.0,871.0,4_6,2_1,651.0,758.0,19.0,3_19_4_19,3_19_2_17,1.236842105263158,19.0,17.0,100.0,110.0,5.0
12.0,13.0,9.0,12_2,13_0,1177.0,1279.0,12_7,13_5,1109.0,1180.0,19.0,9_19_12_43,9_19_13_36,1.2571428571428571,43.0,36.0,63.0,99.0,3.0
12.0,13.0,12.0,12_2,13_1,4959.0,5033.0,12_0,13_5,4830.0,4962.0,9.0,12_9_12_148,12_9_13_157,1.2571428571428571,148.0,157.0,108.0,72.0,3.0
12.0,13.0,15.0,12_2,13_1,4008.0,4077.0,12_7,13_5,3975.0,4011.0,11.0,15_11_12_84,15_11_13_76,1.2571428571428571,84.0,76.0,34.0,67.0,3.0
13.0,12.0,15.0,13_8,12_0,2750.0,2823.0,13_1,12_1,2725.0,2752.0,15.0,15_15_13_68,15_15_12_30,1.2666666666666666,68.0,30.0,26.0,69.0,2.0
14.0,13.0,9.0,14_8,13_1,1508.0,1560.0,14_1,13_8,1460.0,1514.0,13.0,9_13_14_16,9_13_13_36,1.2727272727272725,16.0,36.0,49.0,47.0,6.0
2.0,3.0,3.0,2_2,3_0,4669.0,4702.0,2_0,3_5,4586.0,4675.0,15.0,3_15_2_53,3_15_3_314,1.2727272727272725,53.0,314.0,82.0,28.0,6.0
14.0,13.0,16.0,14_8,13_1,3654.0,3734.0,14_1,13_8,3616.0,3660.0,15.0,16_15_14_10,16_15_13_25,1.2727272727272725,10.0,25.0,36.0,70.0,6.0
2.0,3.0,4.0,2_2,3_0,315.0,414.0,2_0,3_5,270.0,321.0,13.0,4_13_2_24,4_13_3_6,1.2727272727272725,24.0,6.0,45.0,94.0,6.0
4.0,3.0,12.0,4_8,3_0,1726.0,1765.0,4_6,3_4,1693.0,1739.0,15.0,12_15_4_43,12_15_3_16,1.2799999999999994,43.0,16.0,34.0,27.0,13.0
4.0,3.0,12.0,4_8,3_0,1712.0,1776.0,4_6,3_4,1645.0,1725.0,15.0,12_15_4_40,12_15_3_13,1.2799999999999994,40.0,13.0,68.0,50.0,13.0
2.0,3.0,11.0,2_2,3_0,4816.0,5327.0,2_0,3_4,4688.0,4834.0,15.0,11_15_2_74,11_15_3_151,1.3000000000000007,74.0,151.0,122.0,420.0,18.0
7.0,6.0,20.0,7_8,6_0,218.0,290.0,7_0,6_8,177.0,223.0,17.0,20_17_7_9,20_17_6_3,1.3076923076923075,9.0,3.0,42.0,65.0,5.0
7.0,6.0,20.0,7_8,6_0,4533.0,4706.0,7_1,6_8,4502.0,4538.0,15.0,20_15_7_144,20_15_6_163,1.3076923076923075,144.0,163.0,32.0,167.0,5.0
7.0,6.0,7.0,7_8,6_0,3930.0,3999.0,7_1,6_8,3898.0,3935.0,13.0,7_13_7_93,7_13_6_109,1.3076923076923075,93.0,109.0,33.0,59.0,5.0
7.0,6.0,9.0,7_8,6_1,5458.0,5506.0,7_7,6_8,5417.0,5463.0,15.0,9_15_7_196,9_15_6_144,1.3076923076923075,196.0,144.0,42.0,44.0,5.0
14.0,13.0,16.0,14_8,13_1,3668.0,3740.0,14_1,13_5,3620.0,3671.0,15.0,16_15_14_11,16_15_13_28,1.333333333333333,11.0,28.0,47.0,70.0,3.0
14.0,13.0,16.0,14_8,13_3,5922.0,5972.0,14_1,13_5,5885.0,5925.0,15.0,16_15_14_46,16_15_13_36,1.333333333333333,46.0,36.0,38.0,46.0,3.0
6.0,5.0,12.0,6_5,5_7,2674.0,2703.0,6_0,5_2,2603.0,2676.0,19.0,12_19_6_26,12_19_5_33,1.3333333333333335,26.0,33.0,72.0,28.0,2.0
4.0,2.0,20.0,4_2,2_0,1385.0,1568.0,4_6,2_4,1299.0,1387.0,13.0,20_13_4_83,20_13_2_37,1.3333333333333335,83.0,37.0,87.0,178.0,2.0
5.0,6.0,9.0,5_2,6_0,4738.0,4805.0,5_7,6_4,4713.0,4751.0,9.0,9_9_5_38,9_9_6_57,1.333333333333334,38.0,57.0,26.0,55.0,13.0
5.0,6.0,2.0,5_2,6_0,2839.0,2934.0,5_8,6_4,2754.0,2852.0,15.0,2_15_5_69,2_15_6_107,1.333333333333334,69.0,107.0,78.0,75.0,13.0
5.0,6.0,20.0,5_2,6_0,3601.0,3682.0,5_7,6_4,3566.0,3614.0,11.0,20_11_5_78,20_11_6_153,1.333333333333334,78.0,153.0,36.0,69.0,13.0
4.0,2.0,13.0,4_8,2_0,5856.0,5948.0,4_2,2_1,5688.0,5859.0,9.0,13_9_4_100,13_9_2_133,1.3529411764705879,100.0,133.0,169.0,90.0,3.0
4.0,2.0,7.0,4_8,2_0,1868.0,2044.0,4_6,2_1,1740.0,1871.0,13.0,7_13_4_86,7_13_2_88,1.3529411764705879,86.0,88.0,129.0,148.0,3.0
4.0,2.0,13.0,4_8,2_0,2698.0,2793.0,4_6,2_1,2639.0,2701.0,13.0,13_13_4_91,13_13_2_57,1.3529411764705879,91.0,57.0,60.0,78.0,3.0
4.0,2.0,13.0,4_8,2_0,3206.0,3311.0,4_6,2_1,3152.0,3209.0,13.0,13_13_4_110,13_13_2_67,1.3529411764705879,110.0,67.0,54.0,103.0,3.0
5.0,6.0,1.0,5_1,6_0,2995.0,3061.0,5_7,6_8,2961.0,2999.0,13.0,1_13_5_103,1_13_6_133,1.3636363636363638,103.0,133.0,35.0,63.0,4.0
5.0,6.0,7.0,5_1,6_0,4809.0,4863.0,5_7,6_8,4777.0,4813.0,9.0,7_9_5_92,7_9_6_80,1.3636363636363638,92.0,80.0,33.0,51.0,4.0
5.0,6.0,4.0,5_1,6_3,3442.0,3489.0,5_7,6_8,3416.0,3446.0,15.0,4_15_5_70,4_15_6_95,1.3636363636363638,70.0,95.0,27.0,44.0,4.0
5.0,6.0,6.0,5_1,6_0,2164.0,2528.0,5_7,6_8,2122.0,2168.0,15.0,6_15_5_36,6_15_6_83,1.3636363636363638,36.0,83.0,43.0,361.0,4.0
12.0,13.0,14.0,12_2,13_0,4140.0,4181.0,12_7,13_8,4102.0,4145.0,13.0,14_13_12_106,14_13_13_131,1.3703703703703702,106.0,131.0,37.0,37.0,5.0
12.0,13.0,16.0,12_2,13_3,4652.0,4711.0,12_2,13_8,4350.0,4657.0,17.0,16_17_12_20,16_17_13_80,1.3703703703703702,20.0,80.0,275.0,55.0,5.0
12.0,13.0,19.0,12_2,13_5,2428.0,2631.0,12_0,13_8,2244.0,2433.0,17.0,19_17_12_161,19_17_13_125,1.3703703703703702,161.0,125.0,144.0,132.0,5.0
12.0,13.0,13.0,12_2,13_4,1207.0,1350.0,12_7,13_8,1169.0,1212.0,13.0,13_13_12_153,13_13_13_95,1.3703703703703702,153.0,95.0,39.0,130.0,5.0
12.0,13.0,9.0,12_2,13_0,1183.0,1286.0,12_7,13_8,1146.0,1188.0,19.0,9_19_12_46,9_19_13_38,1.3703703703703702,46.0,38.0,38.0,99.0,5.0
3.0,2.0,4.0,3_5,2_0,5558.0,5623.0,3_0,2_2,5489.0,5564.0,13.0,4_13_3_172,4_13_2_244,1.375,172.0,244.0,70.0,53.0,6.0
3.0,2.0,4.0,3_5,2_0,5545.0,5583.0,3_0,2_2,5466.0,5551.0,13.0,4_13_3_169,4_13_2_240,1.375,169.0,240.0,80.0,33.0,6.0
9.0,10.0,4.0,9_2,10_4,4092.0,4246.0,9_0,10_1,3954.0,4108.0,17.0,4_17_9_67,4_17_10_96,1.375,67.0,96.0,108.0,114.0,16.0
6.0,7.0,20.0,6_8,7_1,4684.0,4718.0,6_0,7_8,4624.0,4689.0,9.0,20_9_6_53,20_9_7_98,1.4,53.0,98.0,61.0,30.0,5.0
6.0,7.0,5.0,6_8,7_1,4161.0,4208.0,6_0,7_8,4102.0,4166.0,11.0,5_11_6_62,5_11_7_94,1.4,62.0,94.0,60.0,43.0,5.0
6.0,5.0,2.0,6_8,5_7,3593.0,3617.0,6_3,5_1,3537.0,3594.0,9.0,2_9_6_44,2_9_5_43,1.4,44.0,43.0,57.0,24.0,1.0
6.0,5.0,13.0,6_8,5_7,1860.0,1905.0,6_0,5_1,1789.0,1861.0,13.0,13_13_6_74,13_13_5_49,1.4,74.0,49.0,72.0,44.0,1.0
6.0,5.0,14.0,6_8,5_7,2015.0,2040.0,6_3,5_1,1962.0,2016.0,19.0,14_19_6_8,14_19_5_4,1.4,8.0,4.0,54.0,25.0,1.0
6.0,7.0,5.0,6_8,7_1,1204.0,1282.0,6_0,7_8,1125.0,1209.0,15.0,5_15_6_38,5_15_7_31,1.4,38.0,31.0,80.0,46.0,5.0
10.0,9.0,20.0,10_5,9_0,1748.0,1921.0,10_0,9_2,1648.0,1753.0,11.0,20_11_10_48,20_11_9_12,1.422222222222222,48.0,12.0,101.0,168.0,5.0
10.0,9.0,1.0,10_5,9_0,5411.0,5551.0,10_1,9_2,5377.0,5416.0,15.0,1_15_10_94,1_15_9_72,1.422222222222222,94.0,72.0,35.0,136.0,5.0
13.0,12.0,5.0,13_8,12_7,315.0,350.0,13_0,12_2,228.0,320.0,9.0,5_9_13_3,5_9_12_12,1.4444444444444446,3.0,12.0,73.0,31.0,5.0
13.0,12.0,19.0,13_8,12_0,5234.0,5314.0,13_0,12_2,5139.0,5239.0,17.0,19_17_13_212,19_17_12_299,1.4444444444444446,212.0,299.0,96.0,73.0,5.0
13.0,12.0,15.0,13_8,12_0,2781.0,2897.0,13_3,12_2,2749.0,2786.0,15.0,15_15_13_69,15_15_12_33,1.4444444444444446,69.0,33.0,33.0,109.0,5.0
13.0,12.0,1.0,13_8,12_7,2371.0,2408.0,13_1,12_2,2327.0,2376.0,13.0,1_13_13_54,1_13_12_33,1.4444444444444446,54.0,33.0,45.0,33.0,5.0
7.0,5.0,9.0,7_5,5_0,3653.0,3739.0,7_6,5_1,3478.0,3654.0,11.0,9_11_7_76,9_11_5_56,1.4545454545454546,76.0,56.0,174.0,86.0,1.0
12.0,13.0,11.0,12_5,13_0,5605.0,5898.0,12_7,13_5,5576.0,5615.0,11.0,11_11_12_125,11_11_13_116,1.454545454545455,125.0,116.0,30.0,282.0,10.0
12.0,13.0,6.0,12_5,13_1,929.0,1046.0,12_7,13_5,898.0,939.0,19.0,6_19_12_43,6_19_13_43,1.454545454545455,43.0,43.0,32.0,108.0,10.0
12.0,13.0,10.0,12_5,13_1,5207.0,5283.0,12_7,13_5,5184.0,5217.0,13.0,10_13_12_107,10_13_13_195,1.454545454545455,107.0,195.0,24.0,67.0,10.0
6.0,7.0,2.0,6_5,7_1,1477.0,1512.0,6_0,7_8,1412.0,1478.0,15.0,2_15_6_49,2_15_7_47,1.473684210526316,49.0,47.0,66.0,35.0,1.0
6.0,7.0,12.0,6_5,7_6,5548.0,5777.0,6_3,7_8,5499.0,5549.0,11.0,12_11_6_134,12_11_7_95,1.473684210526316,134.0,95.0,50.0,201.0,1.0
6.0,7.0,3.0,6_5,7_1,3418.0,3452.0,6_0,7_8,3369.0,3419.0,15.0,3_15_6_74,3_15_7_59,1.473684210526316,74.0,59.0,50.0,34.0,1.0
6.0,7.0,1.0,6_5,7_1,4252.0,4287.0,6_3,7_8,4199.0,4253.0,11.0,1_11_6_113,1_11_7_66,1.473684210526316,113.0,66.0,54.0,35.0,1.0
7.0,6.0,7.0,7_8,6_3,2407.0,2453.0,7_0,6_4,2369.0,2417.0,11.0,7_11_7_59,7_11_6_73,1.4871794871794872,59.0,73.0,39.0,37.0,10.0
7.0,6.0,3.0,7_8,6_3,1047.0,1089.0,7_6,6_4,914.0,1057.0,17.0,3_17_7_10,3_17_6_25,1.4871794871794872,10.0,25.0,128.0,33.0,10.0
7.0,6.0,4.0,7_8,6_3,5282.0,5318.0,7_6,6_4,5214.0,5292.0,17.0,4_17_7_191,4_17_6_91,1.4871794871794872,191.0,91.0,56.0,27.0,10.0
7.0,6.0,3.0,7_8,6_0,932.0,1122.0,7_1,6_4,899.0,942.0,17.0,3_17_7_7,3_17_6_19,1.4871794871794872,7.0,19.0,34.0,181.0,10.0
7.0,6.0,9.0,7_8,6_0,2205.0,2317.0,7_6,6_4,1931.0,2215.0,15.0,9_15_7_39,9_15_6_40,1.4871794871794872,39.0,40.0,245.0,103.0,10.0
7.0,6.0,5.0,7_8,6_0,1945.0,2017.0,7_1,6_4,1911.0,1958.0,13.0,5_13_7_61,5_13_6_59,1.5128205128205128,61.0,59.0,35.0,60.0,13.0
7.0,6.0,4.0,7_8,6_0,1031.0,1111.0,7_1,6_4,998.0,1044.0,15.0,4_15_7_24,4_15_6_28,1.5128205128205128,24.0,28.0,34.0,68.0,13.0
7.0,6.0,12.0,7_8,6_3,1429.0,1501.0,7_1,6_4,1390.0,1442.0,19.0,12_19_7_7,12_19_6_16,1.5128205128205128,7.0,16.0,40.0,60.0,13.0
9.0,10.0,20.0,9_1,10_4,1454.0,1865.0,9_0,10_5,1373.0,1461.0,15.0,20_15_9_21,20_15_10_52,1.5384615384615383,21.0,52.0,82.0,381.0,7.0
9.0,10.0,7.0,9_1,10_1,1517.0,1560.0,9_0,10_5,1327.0,1524.0,15.0,7_15_9_12,7_15_10_33,1.5384615384615383,12.0,33.0,191.0,37.0,7.0
12.0,13.0,1.0,12_5,13_8,2495.0,2713.0,12_7,13_5,2472.0,2502.0,13.0,1_13_12_49,1_13_13_62,1.545454545454545,49.0,62.0,24.0,212.0,7.0
12.0,13.0,12.0,12_5,13_1,1224.0,1354.0,12_0,13_5,1035.0,1231.0,11.0,12_11_12_19,12_11_13_24,1.545454545454545,19.0,24.0,189.0,124.0,7.0
13.0,12.0,15.0,13_8,12_0,2864.0,3067.0,13_3,12_2,2807.0,2866.0,15.0,15_15_13_74,15_15_12_38,1.5555555555555554,74.0,38.0,58.0,175.0,2.0
13.0,12.0,6.0,13_8,12_5,483.0,927.0,13_4,12_2,67.0,485.0,19.0,6_19_13_2,6_19_12_34,1.5555555555555554,2.0,34.0,417.0,443.0,2.0
13.0,12.0,4.0,13_8,12_4,4868.0,4896.0,13_1,12_2,4829.0,4870.0,11.0,4_11_13_182,4_11_12_135,1.5555555555555554,182.0,135.0,40.0,26.0,2.0
13.0,12.0,2.0,13_8,12_7,4434.0,4461.0,13_4,12_2,4291.0,4436.0,13.0,2_13_13_232,2_13_12_132,1.5555555555555554,232.0,132.0,127.0,26.0,2.0
13.0,12.0,2.0,13_8,12_7,5022.0,5097.0,13_0,12_2,4967.0,5024.0,11.0,2_11_13_119,2_11_12_102,1.5555555555555554,119.0,102.0,56.0,74.0,2.0
13.0,12.0,2.0,13_8,12_7,4865.0,4902.0,13_0,12_2,4785.0,4867.0,11.0,2_11_13_102,2_11_12_81,1.5555555555555554,102.0,81.0,81.0,36.0,2.0
13.0,12.0,1.0,13_8,12_7,2382.0,2430.0,13_1,12_2,2345.0,2384.0,13.0,1_13_13_57,1_13_12_35,1.5555555555555554,57.0,35.0,38.0,47.0,2.0
13.0,12.0,14.0,13_8,12_7,5302.0,5449.0,13_0,12_2,5179.0,5304.0,15.0,14_15_13_172,14_15_12_350,1.5555555555555554,172.0,350.0,124.0,146.0,2.0
13.0,12.0,18.0,13_8,12_8,1823.0,1860.0,13_8,12_2,1639.0,1825.0,17.0,18_17_13_40,18_17_12_49,1.5555555555555554,40.0,49.0,185.0,36.0,2.0
10.0,9.0,1.0,10_5,9_2,3560.0,4166.0,10_0,9_2,1881.0,3562.0,17.0,1_17_10_17,1_17_9_43,1.577777777777778,17.0,43.0,1551.0,597.0,2.0
10.0,9.0,4.0,10_5,9_0,1098.0,1179.0,10_0,9_2,950.0,1100.0,15.0,4_15_10_20,4_15_9_7,1.577777777777778,20.0,7.0,147.0,80.0,2.0
10.0,9.0,6.0,10_5,9_0,5126.0,5236.0,10_0,9_2,5028.0,5128.0,9.0,6_9_10_114,6_9_9_87,1.577777777777778,114.0,87.0,99.0,98.0,2.0
10.0,9.0,13.0,10_5,9_0,1719.0,1810.0,10_0,9_2,1634.0,1721.0,13.0,13_13_10_129,13_13_9_94,1.577777777777778,129.0,94.0,86.0,81.0,2.0
6.0,7.0,7.0,6_8,7_1,4341.0,4384.0,6_1,7_8,3944.0,4343.0,13.0,7_13_6_110,7_13_7_106,1.6,110.0,106.0,398.0,42.0,2.0
6.0,5.0,3.0,6_8,5_7,5932.0,5965.0,6_0,5_1,5894.0,5936.0,15.0,3_15_6_182,3_15_5_93,1.6,182.0,93.0,39.0,30.0,4.0
6.0,7.0,6.0,6_8,7_1,3860.0,3890.0,6_0,7_8,3803.0,3862.0,9.0,6_9_6_110,6_9_7_77,1.6,110.0,77.0,58.0,29.0,2.0
6.0,7.0,5.0,6_8,7_1,5050.0,5079.0,6_0,7_8,4995.0,5052.0,13.0,5_13_6_171,5_13_7_142,1.6,171.0,142.0,56.0,28.0,2.0
6.0,5.0,2.0,6_8,5_7,5578.0,5619.0,6_3,5_1,5544.0,5582.0,17.0,2_17_6_127,2_17_5_88,1.6,127.0,88.0,35.0,38.0,4.0
6.0,5.0,1.0,6_8,5_7,1343.0,1388.0,6_0,5_1,1280.0,1347.0,13.0,1_13_6_60,1_13_5_51,1.6,60.0,51.0,64.0,42.0,4.0
3.0,2.0,5.0,3_5,2_2,202.0,265.0,3_5,2_2,174.0,211.0,13.0,5_13_3_10,5_13_2_10,1.625,10.0,10.0,29.0,50.0,9.0
12.0,13.0,6.0,12_2,13_1,1448.0,1596.0,12_0,13_8,1278.0,1450.0,17.0,6_17_12_8,6_17_13_30,1.6296296296296298,8.0,30.0,130.0,147.0,2.0
12.0,13.0,3.0,12_2,13_1,3121.0,3369.0,12_0,13_8,2948.0,3123.0,9.0,3_9_12_56,3_9_13_83,1.6296296296296298,56.0,83.0,165.0,247.0,2.0
12.0,13.0,18.0,12_2,13_1,2881.0,2920.0,12_0,13_8,2604.0,2883.0,13.0,18_13_12_36,18_13_13_78,1.6296296296296298,36.0,78.0,242.0,30.0,2.0
12.0,13.0,12.0,12_2,13_5,5475.0,5674.0,12_7,13_8,5306.0,5477.0,11.0,12_11_12_156,12_11_13_127,1.6296296296296298,156.0,127.0,170.0,198.0,2.0
12.0,13.0,9.0,12_2,13_0,4847.0,4933.0,12_0,13_8,4672.0,4849.0,13.0,9_13_12_199,9_13_13_150,1.6296296296296298,199.0,150.0,176.0,85.0,2.0
12.0,13.0,6.0,12_2,13_0,4104.0,4163.0,12_7,13_8,4077.0,4106.0,9.0,6_9_12_64,6_9_13_62,1.6296296296296298,64.0,62.0,28.0,58.0,2.0
12.0,13.0,12.0,12_2,13_0,263.0,342.0,12_0,13_8,126.0,265.0,15.0,12_15_12_2,12_15_13_8,1.6296296296296298,2.0,8.0,138.0,78.0,2.0
12.0,13.0,13.0,12_2,13_8,1226.0,1516.0,12_0,13_8,1118.0,1228.0,13.0,13_13_12_141,13_13_13_99,1.6296296296296298,141.0,99.0,88.0,273.0,2.0
12.0,13.0,11.0,12_2,13_0,1482.0,1546.0,12_7,13_8,1455.0,1484.0,17.0,11_17_12_41,11_17_13_26,1.6296296296296298,41.0,26.0,28.0,63.0,2.0
5.0,6.0,13.0,5_1,6_0,3263.0,3397.0,5_7,6_8,3225.0,3264.0,11.0,13_11_5_60,13_11_6_44,1.6363636363636362,60.0,44.0,33.0,134.0,1.0
5.0,6.0,2.0,5_1,6_0,4864.0,4907.0,5_0,6_8,4775.0,4865.0,9.0,2_9_5_53,2_9_6_49,1.6363636363636362,53.0,49.0,75.0,43.0,1.0
5.0,6.0,2.0,5_1,6_5,1444.0,1689.0,5_7,6_8,1414.0,1445.0,15.0,2_15_5_41,2_15_6_55,1.6363636363636362,41.0,55.0,31.0,225.0,1.0
4.0,2.0,2.0,4_8,2_0,1022.0,1106.0,4_6,2_1,911.0,1028.0,13.0,2_13_4_50,2_13_2_38,1.6470588235294121,50.0,38.0,106.0,78.0,6.0
4.0,2.0,14.0,4_8,2_0,3803.0,4005.0,4_6,2_1,3670.0,3809.0,15.0,14_15_4_38,14_15_2_50,1.6470588235294121,38.0,50.0,111.0,115.0,6.0
4.0,2.0,11.0,4_8,2_0,1449.0,1522.0,4_6,2_1,1219.0,1455.0,13.0,11_13_4_42,11_13_2_22,1.6470588235294121,42.0,22.0,208.0,67.0,6.0
5.0,6.0,1.0,5_2,6_3,99.0,178.0,5_6,6_4,68.0,109.0,13.0,1_13_5_11,1_13_6_21,1.666666666666666,11.0,21.0,32.0,70.0,10.0
6.0,5.0,3.0,6_5,5_1,2897.0,3168.0,6_5,5_2,2773.0,2902.0,11.0,3_11_6_108,3_11_5_187,1.6666666666666665,108.0,187.0,125.0,267.0,5.0
6.0,5.0,1.0,6_5,5_2,5476.0,5801.0,6_0,5_2,5451.0,5481.0,17.0,1_17_6_110,1_17_5_116,1.6666666666666665,110.0,116.0,26.0,316.0,5.0
14.0,13.0,6.0,14_8,13_1,2030.0,2097.0,14_1,13_5,2002.0,2036.0,19.0,6_19_14_71,6_19_13_67,1.666666666666667,71.0,67.0,29.0,33.0,6.0
7.0,6.0,13.0,7_8,6_0,3616.0,3702.0,7_6,6_8,3548.0,3618.0,13.0,13_13_7_173,13_13_6_155,1.6923076923076925,173.0,155.0,69.0,85.0,2.0
7.0,6.0,7.0,7_8,6_0,2858.0,3000.0,7_6,6_8,2529.0,2860.0,9.0,7_9_7_32,7_9_6_34,1.6923076923076925,32.0,34.0,283.0,139.0,2.0
9.0,10.0,11.0,9_2,10_4,2723.0,2916.0,9_0,10_5,2622.0,2726.0,9.0,11_9_9_44,11_9_10_37,1.7058823529411766,44.0,37.0,100.0,191.0,3.0
9.0,10.0,20.0,9_2,10_0,1446.0,1525.0,9_0,10_5,1343.0,1449.0,15.0,20_15_9_20,20_15_10_45,1.7058823529411766,20.0,45.0,103.0,77.0,3.0
9.0,10.0,10.0,9_2,10_1,1064.0,1095.0,9_0,10_5,954.0,1067.0,11.0,10_11_9_10,10_11_10_25,1.7058823529411766,10.0,25.0,89.0,29.0,3.0
4.0,3.0,10.0,4_8,3_2,5648.0,5885.0,4_6,3_4,5456.0,5664.0,17.0,10_17_4_123,10_17_3_68,1.7200000000000006,123.0,68.0,148.0,222.0,16.0
4.0,3.0,6.0,4_8,3_0,3625.0,3664.0,4_6,3_4,3491.0,3641.0,11.0,6_11_4_66,6_11_3_67,1.7200000000000006,66.0,67.0,92.0,24.0,16.0
14.0,13.0,4.0,14_8,13_0,3895.0,4181.0,14_1,13_8,3855.0,3898.0,9.0,4_9_14_33,4_9_13_39,1.7272727272727275,33.0,39.0,41.0,162.0,3.0
14.0,13.0,13.0,14_8,13_1,4549.0,4615.0,14_6,13_8,4417.0,4552.0,13.0,13_13_14_295,13_13_13_412,1.7272727272727275,295.0,412.0,132.0,64.0,3.0
14.0,13.0,6.0,14_8,13_1,141.0,252.0,14_1,13_8,118.0,144.0,19.0,6_19_14_7,6_19_13_7,1.7272727272727275,7.0,7.0,24.0,109.0,3.0
13.0,12.0,18.0,13_8,12_0,4455.0,4613.0,13_1,12_1,4288.0,4460.0,17.0,18_17_13_110,18_17_12_112,1.7333333333333334,110.0,112.0,155.0,154.0,5.0
13.0,12.0,9.0,13_8,12_0,4321.0,4507.0,13_1,12_1,4289.0,4326.0,19.0,9_19_13_65,9_19_12_83,1.7333333333333334,65.0,83.0,33.0,169.0,5.0
13.0,12.0,6.0,13_8,12_0,2911.0,3022.0,13_0,12_1,2864.0,2916.0,9.0,6_9_13_52,6_9_12_44,1.7333333333333334,52.0,44.0,48.0,95.0,5.0
13.0,12.0,4.0,13_8,12_0,3513.0,3719.0,13_0,12_1,3469.0,3518.0,15.0,4_15_13_62,4_15_12_75,1.7333333333333334,62.0,75.0,45.0,162.0,5.0
13.0,12.0,18.0,13_8,12_0,4297.0,4465.0,13_1,12_1,4272.0,4302.0,17.0,18_17_13_107,18_17_12_96,1.7333333333333334,107.0,96.0,26.0,162.0,5.0
12.0,13.0,18.0,12_2,13_1,2883.0,2984.0,12_0,13_5,2658.0,2889.0,13.0,18_13_12_44,18_13_13_80,1.7428571428571429,44.0,80.0,175.0,96.0,6.0
4.0,2.0,7.0,4_5,2_0,651.0,866.0,4_8,2_1,350.0,653.0,13.0,7_13_4_11,7_13_2_40,1.763157894736842,11.0,40.0,278.0,177.0,2.0
4.0,2.0,20.0,4_5,2_0,2205.0,2336.0,4_7,2_1,2140.0,2207.0,13.0,20_13_4_126,20_13_2_71,1.763157894736842,126.0,71.0,59.0,111.0,2.0
4.0,2.0,20.0,4_5,2_0,3454.0,3612.0,4_6,2_1,3412.0,3456.0,19.0,20_19_4_76,20_19_2_74,1.763157894736842,76.0,74.0,38.0,98.0,2.0
4.0,2.0,13.0,4_5,2_2,2210.0,2465.0,4_6,2_1,2141.0,2212.0,13.0,13_13_4_74,13_13_2_50,1.763157894736842,74.0,50.0,70.0,214.0,2.0
4.0,2.0,13.0,4_5,2_0,4830.0,4992.0,4_6,2_1,4736.0,4832.0,13.0,13_13_4_201,13_13_2_169,1.763157894736842,201.0,169.0,83.0,152.0,2.0
2.0,4.0,5.0,2_8,4_6,1497.0,1536.0,2_8,4_4,1268.0,1501.0,13.0,5_13_2_21,5_13_4_65,1.7999999999999998,21.0,65.0,202.0,36.0,4.0
3.0,4.0,18.0,3_5,4_2,1501.0,1590.0,3_0,4_8,1385.0,1504.0,17.0,18_17_3_20,18_17_4_16,1.806451612903226,20.0,16.0,117.0,87.0,3.0
3.0,4.0,1.0,3_5,4_8,4304.0,4398.0,3_0,4_8,4271.0,4307.0,13.0,1_13_3_117,1_13_4_135,1.806451612903226,117.0,135.0,34.0,92.0,3.0
3.0,4.0,3.0,3_5,4_6,1934.0,2080.0,3_0,4_8,1833.0,1937.0,11.0,3_11_3_76,3_11_4_65,1.806451612903226,76.0,65.0,101.0,119.0,3.0
2.0,4.0,14.0,2_5,4_6,1883.0,1997.0,2_0,4_4,1748.0,1884.0,13.0,14_13_2_92,14_13_4_110,1.8076923076923075,92.0,110.0,136.0,91.0,1.0
2.0,4.0,20.0,2_5,4_6,5467.0,5559.0,2_2,4_4,5171.0,5468.0,11.0,20_11_2_136,20_11_4_187,1.8076923076923075,136.0,187.0,190.0,90.0,1.0
2.0,4.0,19.0,2_5,4_6,732.0,766.0,2_0,4_4,661.0,733.0,13.0,19_13_2_17,19_13_4_60,1.8076923076923075,17.0,60.0,72.0,34.0,1.0
14.0,12.0,3.0,14_5,12_0,3347.0,3409.0,14_6,12_1,3306.0,3348.0,9.0,3_9_14_93,3_9_12_87,1.875,93.0,87.0,42.0,58.0,1.0
4.0,2.0,15.0,4_5,2_0,2091.0,2168.0,4_6,2_4,2003.0,2096.0,11.0,15_11_4_41,15_11_2_37,1.8846153846153846,41.0,37.0,89.0,73.0,5.0
7.0,6.0,16.0,7_8,6_0,4616.0,4740.0,7_1,6_5,4587.0,4623.0,11.0,16_11_7_28,16_11_6_24,1.884615384615385,28.0,24.0,30.0,115.0,7.0
7.0,6.0,9.0,7_8,6_0,3660.0,3729.0,7_1,6_5,3627.0,3667.0,11.0,9_11_7_83,9_11_6_46,1.884615384615385,83.0,46.0,34.0,63.0,7.0
2.0,4.0,13.0,2_2,4_8,5503.0,5705.0,2_0,4_7,5264.0,5512.0,9.0,13_9_2_103,13_9_4_94,1.904761904761905,103.0,94.0,228.0,194.0,9.0
2.0,3.0,12.0,2_2,3_0,4573.0,4754.0,2_2,3_8,4436.0,4578.0,11.0,12_11_2_73,12_11_3_87,1.9166666666666665,73.0,87.0,138.0,164.0,5.0
2.0,3.0,6.0,2_2,3_0,5165.0,5221.0,2_0,3_8,4984.0,5170.0,17.0,6_17_2_58,6_17_3_111,1.9166666666666665,58.0,111.0,180.0,52.0,5.0
2.0,3.0,18.0,2_2,3_0,5386.0,5422.0,2_0,3_8,5288.0,5391.0,15.0,18_15_2_66,18_15_3_74,1.9166666666666665,66.0,74.0,99.0,32.0,5.0
2.0,3.0,18.0,2_2,3_0,4392.0,4463.0,2_0,3_8,4191.0,4397.0,17.0,18_17_2_87,18_17_3_135,1.9166666666666665,87.0,135.0,187.0,67.0,5.0
13.0,12.0,5.0,13_5,12_7,696.0,741.0,13_5,12_2,197.0,705.0,9.0,5_9_13_1,5_9_12_25,1.916666666666667,1.0,25.0,432.0,37.0,9.0
5.0,6.0,19.0,5_2,6_3,4909.0,4968.0,5_7,6_5,4830.0,4915.0,17.0,19_17_5_89,19_17_6_79,1.92,89.0,79.0,80.0,53.0,6.0
5.0,6.0,9.0,5_2,6_0,3855.0,3915.0,5_0,6_5,3556.0,3861.0,11.0,9_11_5_50,9_11_6_50,1.92,50.0,50.0,250.0,55.0,6.0
4.0,3.0,12.0,4_8,3_0,5600.0,5662.0,4_6,3_8,5519.0,5606.0,13.0,12_13_4_369,12_13_3_152,1.9285714285714288,369.0,152.0,82.0,57.0,6.0
4.0,3.0,18.0,4_8,3_8,1510.0,1711.0,4_8,3_1,1467.0,1524.0,17.0,18_17_4_14,18_17_3_31,1.9285714285714288,14.0,31.0,44.0,188.0,14.0
4.0,3.0,15.0,4_8,3_0,5530.0,5716.0,4_5,3_8,5090.0,5536.0,9.0,15_9_4_53,15_9_3_72,1.9285714285714288,53.0,72.0,441.0,181.0,6.0
14.0,13.0,16.0,14_8,13_0,5917.0,5954.0,14_1,13_1,5880.0,5928.0,15.0,16_15_14_44,16_15_13_38,1.9714285714285715,44.0,38.0,38.0,27.0,11.0
2.0,4.0,8.0,2_5,4_6,2066.0,2143.0,2_0,4_7,1871.0,2067.0,11.0,8_11_2_24,8_11_4_65,1.9729729729729728,24.0,65.0,157.0,77.0,1.0
2.0,4.0,20.0,2_5,4_6,4525.0,4592.0,2_0,4_7,4466.0,4526.0,11.0,20_11_2_130,20_11_4_153,1.9729729729729728,130.0,153.0,59.0,66.0,1.0
2.0,4.0,11.0,2_5,4_6,2218.0,2298.0,2_0,4_7,1992.0,2219.0,9.0,11_9_2_21,11_9_4_24,1.9729729729729728,21.0,24.0,205.0,76.0,1.0
2.0,4.0,19.0,2_5,4_6,512.0,559.0,2_0,4_7,407.0,513.0,13.0,19_13_2_2,19_13_4_24,1.9729729729729728,2.0,24.0,106.0,47.0,1.0
2.0,4.0,1.0,2_5,4_6,3958.0,4033.0,2_0,4_7,3839.0,3959.0,13.0,1_13_2_112,1_13_4_124,1.9729729729729728,112.0,124.0,105.0,75.0,1.0
2.0,4.0,13.0,2_5,4_6,5957.0,5995.0,2_0,4_7,5909.0,5958.0,13.0,13_13_2_218,13_13_4_252,1.9729729729729728,218.0,252.0,35.0,27.0,1.0
2.0,4.0,15.0,2_5,4_6,4415.0,4501.0,2_0,4_7,4283.0,4416.0,13.0,15_13_2_142,15_13_4_335,1.9729729729729728,142.0,335.0,125.0,86.0,1.0
2.0,4.0,14.0,2_5,4_6,1656.0,1777.0,2_0,4_7,1487.0,1657.0,13.0,14_13_2_64,14_13_4_82,1.9729729729729728,64.0,82.0,164.0,91.0,1.0
2.0,4.0,13.0,2_5,4_7,5515.0,5575.0,2_0,4_7,5439.0,5516.0,9.0,13_9_2_112,13_9_4_95,1.9729729729729728,112.0,95.0,77.0,56.0,1.0
2.0,4.0,16.0,2_5,4_6,3474.0,3584.0,2_0,4_7,3207.0,3479.0,11.0,16_11_2_24,16_11_4_27,2.027027027027027,24.0,27.0,229.0,97.0,5.0
2.0,4.0,19.0,2_5,4_6,3603.0,3716.0,2_0,4_7,3495.0,3608.0,9.0,19_9_2_72,19_9_4_90,2.027027027027027,72.0,90.0,98.0,99.0,5.0
4.0,3.0,2.0,4_8,3_0,3599.0,3686.0,4_6,3_1,3531.0,3617.0,13.0,2_13_4_129,2_13_3_155,2.071428571428571,129.0,155.0,69.0,70.0,18.0
4.0,3.0,9.0,4_8,3_0,378.0,423.0,4_6,3_8,64.0,380.0,13.0,9_13_4_2,9_13_3_10,2.071428571428571,2.0,10.0,257.0,44.0,2.0
2.0,3.0,11.0,2_2,3_0,4815.0,4876.0,2_0,3_8,4683.0,4816.0,15.0,11_15_2_71,11_15_3_148,2.0833333333333335,71.0,148.0,133.0,31.0,1.0
2.0,3.0,15.0,2_2,3_0,3848.0,3990.0,2_0,3_8,3751.0,3849.0,9.0,15_9_2_53,15_9_3_43,2.0833333333333335,53.0,43.0,98.0,142.0,1.0
2.0,3.0,3.0,2_2,3_0,5231.0,5380.0,2_2,3_8,4825.0,5232.0,11.0,3_11_2_141,3_11_3_223,2.0833333333333335,141.0,223.0,381.0,135.0,1.0
2.0,3.0,15.0,2_2,3_1,4590.0,4630.0,2_0,3_8,4446.0,4591.0,13.0,15_13_2_151,15_13_3_90,2.0833333333333335,151.0,90.0,135.0,40.0,1.0
2.0,3.0,4.0,2_2,3_0,4213.0,4258.0,2_0,3_8,4123.0,4214.0,9.0,4_9_2_47,4_9_3_73,2.0833333333333335,47.0,73.0,91.0,45.0,1.0
2.0,3.0,15.0,2_2,3_0,3774.0,3888.0,2_0,3_8,3560.0,3775.0,9.0,15_9_2_43,15_9_3_38,2.0833333333333335,43.0,38.0,179.0,113.0,1.0
2.0,3.0,19.0,2_2,3_0,3139.0,3173.0,2_0,3_8,3027.0,3140.0,13.0,19_13_2_119,19_13_3_87,2.0833333333333335,119.0,87.0,113.0,34.0,1.0
2.0,3.0,6.0,2_2,3_0,4037.0,4073.0,2_0,3_8,3965.0,4038.0,13.0,6_13_2_52,6_13_3_64,2.0833333333333335,52.0,64.0,73.0,36.0,1.0
2.0,3.0,20.0,2_2,3_8,2508.0,2797.0,2_0,3_8,2378.0,2509.0,11.0,20_11_2_67,20_11_3_54,2.0833333333333335,67.0,54.0,130.0,286.0,1.0
14.0,12.0,3.0,14_8,12_0,3310.0,3409.0,14_6,12_1,3136.0,3313.0,9.0,3_9_14_51,3_9_12_65,2.090909090909091,51.0,65.0,168.0,61.0,3.0
2.0,4.0,18.0,2_2,4_6,1899.0,2081.0,2_0,4_7,1785.0,1904.0,15.0,18_15_2_19,18_15_4_31,2.095238095238095,19.0,31.0,96.0,154.0,5.0
4.0,2.0,9.0,4_5,2_0,430.0,669.0,4_6,2_4,338.0,431.0,13.0,9_13_4_28,9_13_2_17,2.1153846153846154,28.0,17.0,90.0,214.0,1.0
4.0,2.0,2.0,4_5,2_0,1072.0,1244.0,4_6,2_4,1014.0,1073.0,13.0,2_13_4_70,2_13_2_45,2.1153846153846154,70.0,45.0,59.0,151.0,1.0
4.0,2.0,3.0,4_5,2_0,3579.0,3658.0,4_6,2_4,3513.0,3580.0,11.0,3_11_4_119,3_11_2_118,2.1153846153846154,119.0,118.0,64.0,74.0,1.0
4.0,2.0,3.0,4_5,2_0,5226.0,5387.0,4_2,2_4,4950.0,5227.0,13.0,3_13_4_217,3_13_2_191,2.1153846153846154,217.0,191.0,269.0,158.0,1.0
4.0,2.0,9.0,4_5,2_0,5770.0,5887.0,4_6,2_4,5236.0,5771.0,13.0,9_13_4_211,9_13_2_230,2.1153846153846154,211.0,230.0,495.0,117.0,1.0
4.0,2.0,20.0,4_5,2_0,3454.0,3553.0,4_6,2_4,3376.0,3455.0,19.0,20_19_4_70,20_19_2_73,2.1153846153846154,70.0,73.0,75.0,96.0,1.0
12.0,13.0,4.0,12_2,13_0,5493.0,5555.0,12_0,13_4,5440.0,5507.0,13.0,4_13_12_120,4_13_13_278,2.1428571428571423,120.0,278.0,54.0,49.0,14.0
5.0,6.0,9.0,5_2,6_0,4742.0,4806.0,5_7,6_8,4706.0,4743.0,9.0,9_9_5_37,9_9_6_55,2.1538461538461537,37.0,55.0,37.0,64.0,1.0
5.0,6.0,20.0,5_2,6_0,3592.0,3629.0,5_7,6_8,3555.0,3593.0,11.0,20_11_5_77,20_11_6_147,2.1538461538461537,77.0,147.0,38.0,37.0,1.0
5.0,6.0,7.0,5_2,6_0,4836.0,4877.0,5_0,6_8,4739.0,4837.0,9.0,7_9_5_91,7_9_6_81,2.1538461538461537,91.0,81.0,98.0,41.0,1.0
13.0,14.0,15.0,13_5,14_6,3614.0,3824.0,13_0,14_8,3565.0,3620.0,19.0,15_19_13_55,15_19_14_88,2.1578947368421053,55.0,88.0,50.0,143.0,6.0
6.0,7.0,1.0,6_5,7_7,5466.0,5924.0,6_0,7_7,5432.0,5471.0,17.0,1_17_6_104,1_17_7_122,2.176470588235294,104.0,122.0,35.0,454.0,5.0
6.0,7.0,4.0,6_5,7_6,2830.0,2885.0,6_4,7_7,2774.0,2835.0,13.0,4_13_6_87,4_13_7_121,2.176470588235294,87.0,121.0,57.0,40.0,5.0
6.0,7.0,14.0,6_5,7_6,865.0,1007.0,6_0,7_7,818.0,870.0,15.0,14_15_6_16,14_15_7_23,2.176470588235294,16.0,23.0,48.0,119.0,5.0
9.0,10.0,13.0,9_2,10_0,2407.0,2578.0,9_0,10_8,2289.0,2411.0,13.0,13_13_9_161,13_13_10_223,2.1818181818181817,161.0,223.0,111.0,154.0,4.0
9.0,10.0,3.0,9_2,10_0,386.0,596.0,9_0,10_8,236.0,390.0,11.0,3_11_9_6,3_11_10_13,2.1818181818181817,6.0,13.0,131.0,207.0,4.0
2.0,4.0,11.0,2_5,4_6,2503.0,2641.0,2_0,4_4,2412.0,2508.0,11.0,11_11_2_58,11_11_4_60,2.1923076923076925,58.0,60.0,92.0,100.0,5.0
6.0,5.0,11.0,6_8,5_7,1934.0,1963.0,6_0,5_2,1840.0,1938.0,15.0,11_15_6_41,11_15_5_37,2.2142857142857144,41.0,37.0,95.0,26.0,4.0
6.0,5.0,20.0,6_8,5_7,1515.0,1546.0,6_0,5_2,1445.0,1519.0,15.0,20_15_6_50,20_15_5_34,2.2142857142857144,50.0,34.0,71.0,28.0,4.0
6.0,5.0,11.0,6_8,5_0,660.0,725.0,6_0,5_2,633.0,664.0,15.0,11_15_6_11,11_15_5_10,2.2142857142857144,11.0,10.0,28.0,61.0,4.0
4.0,2.0,4.0,4_5,2_0,4091.0,4203.0,4_6,2_1,3946.0,4097.0,9.0,4_9_4_72,4_9_2_46,2.236842105263158,72.0,46.0,143.0,107.0,6.0
4.0,2.0,12.0,4_5,2_0,5272.0,5404.0,4_6,2_1,5202.0,5278.0,13.0,12_13_4_343,12_13_2_194,2.236842105263158,343.0,194.0,68.0,117.0,6.0
4.0,2.0,6.0,4_5,2_0,2573.0,2747.0,4_6,2_1,2479.0,2579.0,13.0,6_13_4_21,6_13_2_23,2.236842105263158,21.0,23.0,95.0,168.0,6.0
12.0,13.0,18.0,12_2,13_0,4290.0,4360.0,12_7,13_5,4256.0,4292.0,17.0,18_17_12_88,18_17_13_112,2.257142857142857,88.0,112.0,35.0,66.0,2.0
13.0,12.0,1.0,13_8,12_7,2713.0,2745.0,13_5,12_1,2502.0,2714.0,13.0,1_13_13_62,1_13_12_56,2.2666666666666666,62.0,56.0,212.0,32.0,1.0
14.0,13.0,6.0,14_8,13_1,2037.0,2100.0,14_1,13_8,1990.0,2044.0,19.0,6_19_14_65,6_19_13_71,2.2727272727272725,65.0,71.0,44.0,57.0,7.0
4.0,3.0,11.0,4_8,3_0,1600.0,1635.0,4_6,3_4,1407.0,1612.0,11.0,11_11_4_25,11_11_3_21,2.2799999999999994,25.0,21.0,158.0,24.0,12.0
4.0,3.0,18.0,4_8,3_0,3135.0,3259.0,4_6,3_4,2964.0,3147.0,17.0,18_17_4_51,18_17_3_88,2.2799999999999994,51.0,88.0,149.0,113.0,12.0
9.0,10.0,13.0,9_2,10_1,3709.0,3744.0,9_0,10_5,3628.0,3716.0,19.0,13_19_9_57,13_19_10_76,2.2941176470588234,57.0,76.0,76.0,29.0,7.0
9.0,10.0,9.0,9_2,10_1,5289.0,5325.0,9_0,10_5,5107.0,5296.0,9.0,9_9_9_89,9_9_10_80,2.2941176470588234,89.0,80.0,183.0,30.0,7.0
2.0,3.0,1.0,2_2,3_0,5171.0,5299.0,2_0,3_4,5032.0,5190.0,13.0,1_13_2_153,1_13_3_171,2.3000000000000007,153.0,171.0,122.0,100.0,19.0
7.0,6.0,10.0,7_8,6_0,2514.0,2594.0,7_1,6_8,2486.0,2520.0,9.0,10_9_7_29,10_9_6_19,2.3076923076923075,29.0,19.0,29.0,75.0,6.0
14.0,13.0,3.0,14_8,13_5,4639.0,4716.0,14_6,13_5,4474.0,4641.0,15.0,3_15_14_74,3_15_13_227,2.333333333333333,74.0,227.0,166.0,50.0,2.0
14.0,13.0,15.0,14_8,13_0,3530.0,3556.0,14_1,13_5,3486.0,3532.0,19.0,15_19_14_75,15_19_13_51,2.333333333333333,75.0,51.0,45.0,24.0,2.0
14.0,13.0,16.0,14_8,13_4,5939.0,6005.0,14_1,13_5,5900.0,5941.0,15.0,16_15_14_47,16_15_13_41,2.333333333333333,47.0,41.0,40.0,51.0,2.0
14.0,13.0,11.0,14_8,13_4,715.0,907.0,14_1,13_5,677.0,717.0,15.0,11_15_14_4,11_15_13_20,2.333333333333333,4.0,20.0,39.0,173.0,2.0
5.0,6.0,15.0,5_2,6_5,857.0,979.0,5_7,6_4,831.0,871.0,13.0,15_13_5_19,15_13_6_26,2.333333333333334,19.0,26.0,27.0,93.0,14.0
5.0,6.0,13.0,5_2,6_8,3265.0,3449.0,5_7,6_4,3232.0,3279.0,11.0,13_11_5_63,13_11_6_47,2.333333333333334,63.0,47.0,34.0,151.0,14.0
4.0,2.0,18.0,4_8,2_0,5522.0,5695.0,4_6,2_1,5386.0,5524.0,19.0,18_19_4_180,18_19_2_89,2.352941176470588,180.0,89.0,119.0,109.0,2.0
4.0,2.0,11.0,4_8,2_0,4814.0,4904.0,4_6,2_1,4723.0,4816.0,11.0,11_11_4_109,11_11_2_123,2.352941176470588,109.0,123.0,85.0,89.0,2.0
5.0,6.0,4.0,5_1,6_3,3421.0,3552.0,5_7,6_8,3386.0,3426.0,15.0,4_15_5_68,4_15_6_93,2.3636363636363638,68.0,93.0,36.0,122.0,5.0
5.0,6.0,11.0,5_1,6_3,201.0,260.0,5_7,6_8,169.0,206.0,19.0,11_19_5_3,11_19_6_11,2.3636363636363638,3.0,11.0,28.0,52.0,5.0
12.0,13.0,13.0,12_2,13_1,2971.0,3036.0,12_0,13_8,2826.0,2977.0,13.0,13_13_12_350,13_13_13_293,2.3703703703703702,350.0,293.0,124.0,60.0,6.0
12.0,13.0,14.0,12_2,13_1,4130.0,4212.0,12_0,13_8,3965.0,4136.0,13.0,14_13_12_102,14_13_13_126,2.3703703703703702,102.0,126.0,156.0,71.0,6.0
9.0,10.0,12.0,9_2,10_0,2607.0,2758.0,9_0,10_1,2469.0,2622.0,19.0,12_19_9_35,12_19_10_41,2.375,35.0,41.0,139.0,129.0,15.0
6.0,7.0,15.0,6_8,7_7,987.0,1017.0,6_4,7_8,897.0,993.0,13.0,15_13_6_35,15_13_7_63,2.4,35.0,63.0,91.0,25.0,6.0
10.0,9.0,11.0,10_5,9_4,2077.0,2108.0,10_0,9_2,1994.0,2083.0,13.0,11_13_10_49,11_13_9_6,2.422222222222222,49.0,6.0,84.0,26.0,6.0
10.0,9.0,10.0,10_5,9_0,5012.0,5176.0,10_0,9_2,4914.0,5018.0,11.0,10_11_10_105,10_11_9_60,2.422222222222222,105.0,60.0,91.0,159.0,6.0
13.0,12.0,12.0,13_8,12_5,4657.0,4735.0,13_1,12_2,4370.0,4663.0,11.0,12_11_13_95,12_11_12_123,2.4444444444444446,95.0,123.0,268.0,73.0,6.0
13.0,12.0,5.0,13_8,12_7,358.0,393.0,13_0,12_2,298.0,364.0,9.0,5_9_13_5,5_9_12_15,2.4444444444444446,5.0,15.0,61.0,30.0,6.0
13.0,12.0,9.0,13_8,12_7,1078.0,1107.0,13_0,12_2,1023.0,1084.0,13.0,9_13_13_23,9_13_12_32,2.4444444444444446,23.0,32.0,56.0,24.0,6.0
13.0,12.0,12.0,13_8,12_0,5726.0,5861.0,13_0,12_2,5658.0,5732.0,11.0,12_11_13_141,12_11_12_200,2.4444444444444446,141.0,200.0,69.0,130.0,6.0
13.0,12.0,9.0,13_8,12_0,1041.0,1163.0,13_3,12_2,1014.0,1047.0,13.0,9_13_13_22,9_13_12_29,2.4444444444444446,22.0,29.0,28.0,98.0,6.0
5.0,7.0,6.0,5_5,7_6,889.0,1039.0,5_0,7_7,834.0,890.0,19.0,6_19_5_24,6_19_7_25,2.4545454545454546,24.0,25.0,56.0,149.0,1.0
10.0,9.0,11.0,10_5,9_0,2560.0,2733.0,10_0,9_1,2428.0,2567.0,15.0,11_15_10_71,11_15_9_55,2.4782608695652177,71.0,55.0,113.0,166.0,7.0
10.0,9.0,11.0,10_5,9_0,2084.0,2249.0,10_0,9_1,1974.0,2091.0,13.0,11_13_10_42,11_13_9_8,2.4782608695652177,42.0,8.0,111.0,159.0,7.0
10.0,9.0,6.0,10_5,9_0,5127.0,5247.0,10_0,9_1,5005.0,5134.0,9.0,6_9_10_112,6_9_9_90,2.4782608695652177,112.0,90.0,115.0,104.0,7.0
10.0,9.0,4.0,10_5,9_0,1098.0,1194.0,10_0,9_1,973.0,1105.0,15.0,4_15_10_22,4_15_9_9,2.4782608695652177,22.0,9.0,123.0,90.0,7.0
7.0,6.0,13.0,7_8,6_3,5773.0,5817.0,7_1,6_4,5748.0,5782.0,19.0,13_19_7_90,13_19_6_96,2.4871794871794872,90.0,96.0,26.0,36.0,9.0
7.0,6.0,4.0,7_8,6_3,1252.0,1302.0,7_1,6_4,1211.0,1261.0,13.0,4_13_7_41,4_13_6_35,2.4871794871794872,41.0,35.0,42.0,42.0,9.0
7.0,6.0,4.0,7_8,6_0,1058.0,1158.0,7_1,6_4,1011.0,1072.0,15.0,4_15_7_25,4_15_6_33,2.5128205128205128,25.0,33.0,48.0,87.0,14.0
7.0,6.0,11.0,7_8,6_0,2019.0,2103.0,7_0,6_4,1962.0,2033.0,13.0,11_13_7_86,11_13_6_54,2.5128205128205128,86.0,54.0,51.0,71.0,14.0
10.0,9.0,6.0,10_5,9_0,5053.0,5139.0,10_0,9_1,4957.0,5055.0,9.0,6_9_10_109,6_9_9_80,2.5217391304347823,109.0,80.0,97.0,85.0,2.0
10.0,9.0,13.0,10_5,9_0,4349.0,4434.0,10_0,9_1,4159.0,4351.0,13.0,13_13_10_323,13_13_9_192,2.5217391304347823,323.0,192.0,183.0,80.0,2.0
10.0,9.0,20.0,10_5,9_0,3741.0,3868.0,10_0,9_1,3645.0,3743.0,11.0,20_11_10_118,20_11_9_78,2.5217391304347823,118.0,78.0,97.0,126.0,2.0
10.0,9.0,1.0,10_5,9_0,2155.0,2230.0,10_0,9_1,2068.0,2157.0,17.0,1_17_10_20,1_17_9_30,2.5217391304347823,20.0,30.0,88.0,74.0,2.0
10.0,9.0,19.0,10_5,9_0,5593.0,5767.0,10_1,9_1,5546.0,5595.0,13.0,19_13_10_223,19_13_9_132,2.5217391304347823,223.0,132.0,48.0,173.0,2.0
9.0,10.0,13.0,9_1,10_1,3727.0,3765.0,9_0,10_5,3677.0,3735.0,19.0,13_19_9_65,13_19_10_92,2.5384615384615383,65.0,92.0,45.0,31.0,8.0
13.0,12.0,2.0,13_8,12_7,4805.0,4833.0,13_1,12_2,4778.0,4806.0,13.0,2_13_13_260,2_13_12_157,2.5555555555555554,260.0,157.0,28.0,28.0,1.0
13.0,12.0,3.0,13_8,12_7,5098.0,5130.0,13_0,12_2,5028.0,5099.0,13.0,3_13_13_164,3_13_12_148,2.5555555555555554,164.0,148.0,71.0,32.0,1.0
13.0,12.0,1.0,13_8,12_0,3023.0,3165.0,13_3,12_2,2989.0,3024.0,13.0,1_13_13_78,1_13_12_63,2.5555555555555554,78.0,63.0,35.0,117.0,1.0
10.0,9.0,13.0,10_5,9_0,182.0,321.0,10_0,9_2,1.0,183.0,13.0,13_13_10_2,13_13_9_5,2.577777777777778,2.0,5.0,166.0,130.0,1.0
10.0,9.0,6.0,10_5,9_0,560.0,689.0,10_0,9_2,428.0,561.0,15.0,6_15_10_6,6_15_9_5,2.577777777777778,6.0,5.0,126.0,128.0,1.0
10.0,9.0,5.0,10_5,9_0,2006.0,2148.0,10_0,9_2,1887.0,2007.0,13.0,5_13_10_76,5_13_9_63,2.577777777777778,76.0,63.0,113.0,126.0,1.0
10.0,9.0,9.0,10_5,9_0,624.0,760.0,10_0,9_2,546.0,625.0,15.0,9_15_10_12,9_15_9_8,2.577777777777778,12.0,8.0,79.0,136.0,1.0
10.0,9.0,11.0,10_5,9_0,2464.0,2507.0,10_0,9_2,2414.0,2465.0,15.0,11_15_10_70,11_15_9_45,2.577777777777778,70.0,45.0,51.0,43.0,1.0
10.0,9.0,20.0,10_5,9_0,436.0,529.0,10_0,9_2,399.0,437.0,19.0,20_19_10_21,20_19_9_9,2.577777777777778,21.0,9.0,38.0,88.0,1.0
6.0,5.0,13.0,6_8,5_7,1062.0,1103.0,6_0,5_1,887.0,1067.0,13.0,13_13_6_36,13_13_5_27,2.6,36.0,27.0,142.0,37.0,5.0
6.0,7.0,14.0,6_8,7_1,900.0,925.0,6_0,7_8,824.0,901.0,15.0,14_15_6_17,14_15_7_24,2.6,17.0,24.0,77.0,25.0,1.0
6.0,7.0,2.0,6_8,7_1,3572.0,3603.0,6_0,7_8,3509.0,3573.0,9.0,2_9_6_43,2_9_7_49,2.6,43.0,49.0,64.0,31.0,1.0
6.0,7.0,18.0,6_8,7_6,3978.0,4065.0,6_0,7_8,3912.0,3979.0,15.0,18_15_6_96,18_15_7_54,2.6,96.0,54.0,67.0,84.0,1.0
6.0,7.0,4.0,6_8,7_0,2356.0,2527.0,6_3,7_8,2309.0,2357.0,15.0,4_15_6_63,4_15_7_63,2.6,63.0,63.0,48.0,171.0,1.0
6.0,7.0,12.0,6_8,7_1,2495.0,2530.0,6_3,7_8,2440.0,2496.0,17.0,12_17_6_45,12_17_7_50,2.6,45.0,50.0,56.0,35.0,1.0
6.0,7.0,4.0,6_8,7_6,2829.0,2944.0,6_4,7_8,2774.0,2830.0,13.0,4_13_6_86,4_13_7_119,2.6,86.0,119.0,56.0,115.0,1.0
6.0,7.0,13.0,6_8,7_1,1979.0,2005.0,6_0,7_8,1910.0,1980.0,13.0,13_13_6_92,13_13_7_88,2.6,92.0,88.0,70.0,26.0,1.0
9.0,10.0,13.0,9_2,10_4,886.0,1086.0,9_2,10_1,760.0,906.0,13.0,13_13_9_35,13_13_10_79,2.625,35.0,79.0,117.0,179.0,20.0
12.0,13.0,14.0,12_2,13_1,2998.0,3078.0,12_0,13_8,2957.0,2999.0,15.0,14_15_12_242,14_15_13_125,2.6296296296296298,242.0,125.0,40.0,80.0,1.0
12.0,13.0,19.0,12_2,13_1,1990.0,2064.0,12_0,13_8,1831.0,1991.0,17.0,19_17_12_132,19_17_13_105,2.6296296296296298,132.0,105.0,130.0,74.0,1.0
14.0,13.0,6.0,14_8,13_0,1894.0,1978.0,14_1,13_5,1866.0,1901.0,15.0,6_15_14_54,6_15_13_74,2.666666666666667,54.0,74.0,29.0,78.0,7.0
14.0,13.0,15.0,14_8,13_0,744.0,847.0,14_1,13_5,705.0,751.0,13.0,15_13_14_1,15_13_13_17,2.666666666666667,1.0,17.0,40.0,73.0,7.0
14.0,13.0,14.0,14_8,13_0,4116.0,4201.0,14_1,13_5,4092.0,4123.0,13.0,14_13_14_51,14_13_13_122,2.666666666666667,51.0,122.0,25.0,52.0,7.0
7.0,6.0,12.0,7_8,6_0,584.0,623.0,7_6,6_8,416.0,585.0,17.0,12_17_7_9,12_17_6_4,2.6923076923076925,9.0,4.0,169.0,39.0,1.0
9.0,10.0,14.0,9_2,10_1,1394.0,1432.0,9_0,10_5,1215.0,1396.0,15.0,14_15_9_30,14_15_10_64,2.7058823529411766,30.0,64.0,173.0,37.0,2.0
14.0,13.0,16.0,14_8,13_1,3554.0,3662.0,14_1,13_8,3520.0,3556.0,13.0,16_13_14_15,16_13_13_27,2.7272727272727275,15.0,27.0,35.0,107.0,2.0
14.0,13.0,9.0,14_8,13_1,4891.0,5018.0,14_1,13_8,4856.0,4893.0,13.0,9_13_14_104,9_13_13_167,2.7272727272727275,104.0,167.0,36.0,125.0,2.0
14.0,13.0,9.0,14_8,13_1,1519.0,1569.0,14_7,13_8,1493.0,1521.0,13.0,9_13_14_21,9_13_13_37,2.7272727272727275,21.0,37.0,27.0,49.0,2.0
14.0,13.0,5.0,14_8,13_4,5916.0,5974.0,14_8,13_8,5674.0,5918.0,11.0,5_11_14_113,5_11_13_285,2.7272727272727275,113.0,285.0,234.0,57.0,2.0
13.0,12.0,12.0,13_8,12_0,3698.0,3851.0,13_0,12_1,3193.0,3704.0,15.0,12_15_13_57,12_15_12_58,2.7333333333333334,57.0,58.0,504.0,148.0,6.0
12.0,13.0,1.0,12_2,13_1,2629.0,2698.0,12_0,13_5,2433.0,2636.0,13.0,1_13_12_42,1_13_13_69,2.742857142857143,42.0,69.0,164.0,63.0,7.0
12.0,13.0,4.0,12_2,13_0,3275.0,3306.0,12_0,13_5,3128.0,3282.0,17.0,4_17_12_73,4_17_13_98,2.742857142857143,73.0,98.0,147.0,25.0,7.0
4.0,2.0,13.0,4_5,2_0,4355.0,4465.0,4_6,2_1,4150.0,4356.0,13.0,13_13_4_158,13_13_2_132,2.763157894736842,158.0,132.0,138.0,110.0,1.0
4.0,2.0,9.0,4_5,2_2,1047.0,1255.0,4_6,2_1,946.0,1048.0,17.0,9_17_4_17,9_17_2_24,2.763157894736842,17.0,24.0,95.0,174.0,1.0
4.0,2.0,3.0,4_5,2_0,758.0,979.0,4_6,2_1,732.0,759.0,19.0,3_19_4_28,3_19_2_18,2.763157894736842,28.0,18.0,27.0,200.0,1.0
4.0,2.0,15.0,4_5,2_0,5166.0,5332.0,4_6,2_1,5021.0,5167.0,13.0,15_13_4_378,15_13_2_167,2.763157894736842,378.0,167.0,117.0,143.0,1.0
4.0,2.0,11.0,4_5,2_0,379.0,468.0,4_6,2_1,306.0,380.0,11.0,11_11_4_7,11_11_2_9,2.763157894736842,7.0,9.0,74.0,87.0,1.0
2.0,4.0,19.0,2_8,4_6,3603.0,3711.0,2_0,4_4,3499.0,3608.0,9.0,19_9_2_73,19_9_4_91,2.8,73.0,91.0,103.0,87.0,5.0
3.0,4.0,6.0,3_5,4_8,2079.0,2336.0,3_0,4_8,2043.0,2081.0,11.0,6_11_3_50,6_11_4_42,2.806451612903226,50.0,42.0,37.0,256.0,2.0
13.0,14.0,7.0,13_5,14_6,5468.0,5686.0,13_8,14_8,5389.0,5469.0,15.0,7_15_13_67,7_15_14_101,2.8421052631578947,67.0,101.0,80.0,213.0,1.0
12.0,13.0,20.0,12_2,13_0,2165.0,2233.0,12_7,13_4,2131.0,2174.0,13.0,20_13_12_62,20_13_13_80,2.8571428571428577,62.0,80.0,35.0,60.0,9.0
12.0,13.0,12.0,12_2,13_0,5006.0,5093.0,12_7,13_4,4971.0,5015.0,15.0,12_15_12_96,12_15_13_123,2.8571428571428577,96.0,123.0,36.0,76.0,9.0
12.0,13.0,14.0,12_2,13_0,2981.0,3104.0,12_0,13_4,2893.0,2990.0,15.0,14_15_12_236,14_15_13_122,2.8571428571428577,236.0,122.0,89.0,95.0,9.0
4.0,2.0,3.0,4_5,2_5,1618.0,1741.0,4_6,2_4,1530.0,1624.0,11.0,3_11_4_39,3_11_2_46,2.8846153846153846,39.0,46.0,88.0,116.0,6.0
4.0,2.0,12.0,4_5,2_0,5259.0,5382.0,4_2,2_4,4944.0,5265.0,13.0,12_13_4_321,12_13_2_190,2.8846153846153846,321.0,190.0,247.0,94.0,6.0
4.0,2.0,7.0,4_5,2_0,1871.0,2093.0,4_6,2_4,1587.0,1877.0,13.0,7_13_4_74,7_13_2_89,2.8846153846153846,74.0,89.0,244.0,184.0,6.0
7.0,6.0,4.0,7_8,6_3,1246.0,1309.0,7_1,6_5,1199.0,1254.0,13.0,4_13_7_40,4_13_6_34,2.884615384615385,40.0,34.0,48.0,56.0,8.0
2.0,3.0,9.0,2_2,3_1,4572.0,4608.0,2_2,3_8,4525.0,4578.0,11.0,9_11_2_79,9_11_3_107,2.9166666666666665,79.0,107.0,48.0,31.0,6.0
2.0,3.0,7.0,2_2,3_0,4930.0,5000.0,2_0,3_8,4831.0,4936.0,9.0,7_9_2_87,7_9_3_81,2.9166666666666665,87.0,81.0,100.0,65.0,6.0
13.0,12.0,19.0,13_5,12_0,1478.0,1638.0,13_2,12_2,1417.0,1488.0,17.0,19_17_13_79,19_17_12_91,2.916666666666667,79.0,91.0,59.0,124.0,10.0
4.0,3.0,3.0,4_8,3_0,5101.0,5210.0,4_8,3_1,4830.0,5114.0,13.0,3_13_4_210,3_13_3_163,2.928571428571429,210.0,163.0,272.0,97.0,13.0
4.0,3.0,11.0,4_8,3_0,1602.0,1639.0,4_6,3_8,1476.0,1609.0,11.0,11_11_4_30,11_11_3_19,2.928571428571429,30.0,19.0,122.0,31.0,7.0
14.0,13.0,9.0,14_8,13_0,4900.0,4947.0,14_1,13_4,4865.0,4909.0,13.0,9_13_14_105,9_13_13_171,2.9629629629629637,105.0,171.0,36.0,32.0,9.0
14.0,13.0,10.0,14_8,13_0,387.0,472.0,14_1,13_1,348.0,397.0,13.0,10_13_14_3,10_13_13_9,2.9714285714285715,3.0,9.0,40.0,76.0,10.0
14.0,13.0,15.0,14_8,13_8,3517.0,3606.0,14_1,13_4,3476.0,3532.0,19.0,15_19_14_72,15_19_13_50,3.0370370370370363,72.0,50.0,40.0,75.0,15.0
14.0,13.0,10.0,14_8,13_0,395.0,475.0,14_1,13_4,358.0,410.0,13.0,10_13_14_5,10_13_13_14,3.0370370370370363,5.0,14.0,38.0,63.0,15.0
4.0,3.0,20.0,4_8,3_0,1288.0,1395.0,4_6,3_8,1211.0,1289.0,13.0,20_13_4_81,20_13_3_44,3.071428571428571,81.0,44.0,78.0,107.0,1.0
5.0,6.0,13.0,5_2,6_0,701.0,772.0,5_7,6_5,673.0,702.0,13.0,13_13_5_15,13_13_6_15,3.08,15.0,15.0,29.0,71.0,1.0
5.0,6.0,13.0,5_2,6_0,716.0,777.0,5_7,6_5,691.0,717.0,13.0,13_13_5_17,13_13_6_26,3.08,17.0,26.0,26.0,61.0,1.0
14.0,12.0,12.0,14_8,12_0,2868.0,2949.0,14_6,12_1,2798.0,2870.0,11.0,12_11_14_35,12_11_12_66,3.090909090909091,35.0,66.0,71.0,54.0,2.0
2.0,4.0,18.0,2_2,4_7,4786.0,4915.0,2_0,4_7,4616.0,4790.0,9.0,18_9_2_29,18_9_4_42,3.095238095238095,29.0,42.0,171.0,126.0,4.0
7.0,6.0,3.0,7_8,6_5,3784.0,3838.0,7_8,6_5,3748.0,3786.0,15.0,3_15_7_69,3_15_6_94,3.115384615384615,69.0,94.0,37.0,53.0,2.0
14.0,12.0,9.0,14_5,12_0,1533.0,1684.0,14_6,12_1,1411.0,1539.0,13.0,9_13_14_12,9_13_12_73,3.125,12.0,73.0,120.0,121.0,6.0
13.0,14.0,3.0,13_5,14_1,5158.0,5191.0,13_0,14_8,4901.0,5165.0,13.0,3_13_13_156,3_13_14_113,3.1578947368421053,156.0,113.0,206.0,27.0,7.0
6.0,7.0,5.0,6_5,7_6,187.0,393.0,6_0,7_7,126.0,193.0,15.0,5_15_6_4,5_15_7_9,3.176470588235294,4.0,9.0,62.0,193.0,6.0
6.0,7.0,6.0,6_5,7_6,3824.0,4075.0,6_0,7_7,3186.0,3830.0,9.0,6_9_6_89,6_9_7_73,3.176470588235294,89.0,73.0,633.0,244.0,6.0
6.0,7.0,1.0,6_5,7_0,1349.0,1399.0,6_0,7_7,1289.0,1355.0,13.0,1_13_6_63,1_13_7_68,3.176470588235294,63.0,68.0,61.0,45.0,6.0
9.0,10.0,4.0,9_2,10_4,4097.0,4125.0,9_0,10_8,4044.0,4102.0,17.0,4_17_9_75,4_17_10_95,3.1818181818181817,75.0,95.0,54.0,24.0,5.0
9.0,10.0,9.0,9_2,10_1,5282.0,5331.0,9_0,10_8,4910.0,5287.0,9.0,9_9_9_74,9_9_10_79,3.1818181818181817,74.0,79.0,360.0,45.0,5.0
2.0,4.0,10.0,2_5,4_6,2099.0,2216.0,2_0,4_4,1961.0,2105.0,11.0,10_11_2_29,10_11_4_56,3.1923076923076925,29.0,56.0,139.0,112.0,6.0
2.0,4.0,1.0,2_5,4_6,581.0,840.0,2_0,4_4,435.0,587.0,19.0,1_19_2_11,1_19_4_18,3.1923076923076925,11.0,18.0,147.0,188.0,6.0
4.0,2.0,14.0,4_5,2_0,3803.0,3905.0,4_6,2_1,3710.0,3810.0,15.0,14_15_4_46,14_15_2_51,3.236842105263158,46.0,51.0,94.0,77.0,7.0
12.0,13.0,14.0,12_2,13_1,5272.0,5318.0,12_0,13_5,5111.0,5273.0,15.0,14_15_12_327,14_15_13_186,3.257142857142857,327.0,186.0,152.0,46.0,1.0
12.0,13.0,14.0,12_2,13_1,5238.0,5304.0,12_0,13_5,5177.0,5239.0,15.0,14_15_12_343,14_15_13_180,3.257142857142857,343.0,180.0,57.0,66.0,1.0
2.0,3.0,1.0,2_2,3_0,3937.0,4271.0,2_2,3_5,3809.0,3945.0,13.0,1_13_2_108,1_13_3_104,3.2727272727272725,108.0,104.0,129.0,321.0,8.0
4.0,3.0,3.0,4_8,3_0,3590.0,3647.0,4_6,3_4,3289.0,3601.0,11.0,3_11_4_117,3_11_3_150,3.2799999999999994,117.0,150.0,300.0,47.0,11.0
4.0,3.0,18.0,4_8,3_8,3409.0,3587.0,4_6,3_4,3275.0,3420.0,13.0,18_13_4_203,18_13_3_97,3.2799999999999994,203.0,97.0,101.0,145.0,11.0
4.0,3.0,13.0,4_8,3_0,1477.0,1559.0,4_6,3_4,1326.0,1488.0,13.0,13_13_4_39,13_13_3_138,3.2799999999999994,39.0,138.0,145.0,72.0,11.0
4.0,2.0,13.0,4_8,2_0,2755.0,2861.0,4_7,2_1,2584.0,2756.0,13.0,13_13_4_87,13_13_2_59,3.352941176470588,87.0,59.0,140.0,100.0,1.0
4.0,2.0,13.0,4_8,2_0,3357.0,3535.0,4_6,2_1,3196.0,3358.0,13.0,13_13_4_111,13_13_2_72,3.352941176470588,111.0,72.0,162.0,145.0,1.0
4.0,2.0,13.0,4_8,2_0,4830.0,5054.0,4_6,2_1,4754.0,4831.0,13.0,13_13_4_204,13_13_2_168,3.352941176470588,204.0,168.0,67.0,174.0,1.0
5.0,6.0,15.0,5_1,6_7,865.0,983.0,5_7,6_8,819.0,871.0,13.0,15_13_5_16,15_13_6_24,3.3636363636363638,16.0,24.0,47.0,112.0,6.0
5.0,6.0,1.0,5_1,6_3,2532.0,2570.0,5_7,6_8,2508.0,2538.0,15.0,1_15_5_40,1_15_6_89,3.3636363636363638,40.0,89.0,25.0,33.0,6.0
5.0,6.0,20.0,5_1,6_0,2927.0,3079.0,5_8,6_8,2821.0,2933.0,17.0,20_17_5_50,20_17_6_60,3.3636363636363638,50.0,60.0,107.0,131.0,6.0
12.0,13.0,1.0,12_2,13_0,4986.0,5080.0,12_7,13_8,4678.0,4993.0,11.0,1_11_12_96,1_11_13_132,3.3703703703703702,96.0,132.0,309.0,88.0,7.0
12.0,13.0,1.0,12_2,13_0,1993.0,2060.0,12_4,13_8,1602.0,2000.0,15.0,1_15_12_24,1_15_13_53,3.3703703703703702,24.0,53.0,357.0,61.0,7.0
6.0,7.0,20.0,6_8,7_1,4692.0,4736.0,6_0,7_8,4632.0,4699.0,9.0,20_9_6_54,20_9_7_100,3.4,54.0,100.0,61.0,38.0,7.0
6.0,7.0,5.0,6_8,7_1,170.0,204.0,6_0,7_8,119.0,177.0,15.0,5_15_6_2,5_15_7_4,3.4,2.0,4.0,52.0,28.0,7.0
6.0,7.0,20.0,6_8,7_1,3656.0,3695.0,6_3,7_8,3600.0,3663.0,11.0,20_11_6_148,20_11_7_132,3.4,148.0,132.0,57.0,33.0,7.0
13.0,12.0,2.0,13_8,12_0,4866.0,5003.0,13_0,12_2,4785.0,4873.0,11.0,2_11_13_101,2_11_12_86,3.4444444444444446,101.0,86.0,82.0,128.0,7.0
13.0,12.0,13.0,13_8,12_0,2292.0,2438.0,13_3,12_2,2259.0,2299.0,11.0,13_11_13_68,13_11_12_71,3.4444444444444446,68.0,71.0,34.0,139.0,7.0
4.0,3.0,13.0,4_8,3_0,5705.0,5890.0,4_7,3_5,5512.0,5709.0,9.0,13_9_4_94,13_9_3_105,3.4705882352941178,94.0,105.0,194.0,176.0,4.0
10.0,9.0,6.0,10_5,9_0,3741.0,3901.0,10_0,9_1,3601.0,3749.0,9.0,6_9_10_74,6_9_9_70,3.4782608695652177,74.0,70.0,141.0,135.0,8.0
10.0,9.0,1.0,10_5,9_0,3561.0,4263.0,10_5,9_1,3371.0,3569.0,17.0,1_17_10_48,1_17_9_44,3.4782608695652177,48.0,44.0,191.0,678.0,8.0
7.0,6.0,16.0,7_8,6_0,4647.0,4756.0,7_0,6_4,4613.0,4655.0,11.0,16_11_7_32,16_11_6_31,3.4871794871794872,32.0,31.0,35.0,102.0,8.0
10.0,9.0,3.0,10_5,9_0,3042.0,3112.0,10_4,9_1,3006.0,3043.0,9.0,3_9_10_70,3_9_9_55,3.5217391304347823,70.0,55.0,31.0,62.0,1.0
10.0,9.0,15.0,10_5,9_0,2073.0,2285.0,10_1,9_1,2049.0,2074.0,11.0,15_11_10_102,15_11_9_34,3.5217391304347823,102.0,34.0,25.0,212.0,1.0
6.0,5.0,13.0,6_8,5_7,1853.0,1891.0,6_0,5_1,1783.0,1859.0,13.0,13_13_6_71,13_13_5_47,3.6,71.0,47.0,71.0,33.0,6.0
6.0,5.0,1.0,6_8,5_0,4535.0,4678.0,6_3,5_1,4481.0,4541.0,19.0,1_19_6_34,1_19_5_81,3.6,34.0,81.0,55.0,112.0,6.0
4.0,2.0,12.0,4_8,2_0,2593.0,2702.0,4_6,2_1,2466.0,2601.0,19.0,12_19_4_57,12_19_2_80,3.647058823529412,57.0,80.0,115.0,88.0,8.0
4.0,2.0,12.0,4_8,2_0,5259.0,5301.0,4_6,2_1,5162.0,5267.0,13.0,12_13_4_341,12_13_2_191,3.647058823529412,341.0,191.0,95.0,35.0,8.0
6.0,5.0,1.0,6_5,5_7,4551.0,4585.0,6_0,5_2,4494.0,4558.0,11.0,1_11_6_127,1_11_5_63,3.6666666666666665,127.0,63.0,58.0,28.0,7.0
2.0,3.0,2.0,2_2,3_0,3151.0,3190.0,2_0,3_4,2996.0,3164.0,13.0,2_13_2_72,2_13_3_139,3.6999999999999993,72.0,139.0,141.0,27.0,13.0
9.0,10.0,10.0,9_2,10_1,1060.0,1090.0,9_0,10_5,990.0,1061.0,11.0,10_11_9_12,10_11_10_20,3.7058823529411766,12.0,20.0,71.0,30.0,1.0
2.0,3.0,7.0,2_2,3_0,4115.0,4200.0,2_1,3_5,3666.0,4116.0,13.0,7_13_2_134,7_13_3_63,3.7272727272727275,134.0,63.0,392.0,85.0,1.0
14.0,13.0,3.0,14_8,13_1,4640.0,4698.0,14_6,13_8,4485.0,4641.0,15.0,3_15_14_80,3_15_13_226,3.7272727272727275,80.0,226.0,156.0,32.0,1.0
3.0,4.0,3.0,3_5,4_8,2060.0,2298.0,3_0,4_8,1981.0,2061.0,11.0,3_11_3_90,3_11_4_67,3.806451612903226,90.0,67.0,80.0,212.0,1.0
3.0,4.0,9.0,3_5,4_7,4079.0,4123.0,3_8,4_8,3918.0,4080.0,13.0,9_13_3_150,9_13_4_138,3.806451612903226,150.0,138.0,162.0,44.0,1.0
12.0,13.0,19.0,12_2,13_0,675.0,993.0,12_0,13_4,605.0,683.0,13.0,19_13_12_80,19_13_13_36,3.8571428571428577,80.0,36.0,71.0,301.0,8.0
12.0,13.0,10.0,12_2,13_0,1818.0,1988.0,12_0,13_4,1682.0,1826.0,13.0,10_13_12_31,10_13_13_59,3.8571428571428577,31.0,59.0,136.0,160.0,8.0
3.0,2.0,18.0,3_5,2_0,5118.0,5198.0,3_0,2_1,5081.0,5134.0,17.0,18_17_3_151,18_17_2_134,3.90909090909091,151.0,134.0,38.0,51.0,16.0
2.0,3.0,18.0,2_2,3_1,5444.0,5479.0,2_0,3_8,5368.0,5451.0,15.0,18_15_2_74,18_15_3_79,3.9166666666666665,74.0,79.0,77.0,29.0,7.0
14.0,13.0,3.0,14_8,13_0,4777.0,4996.0,14_1,13_4,4750.0,4785.0,13.0,3_13_14_98,3_13_13_149,3.9629629629629637,98.0,149.0,28.0,191.0,8.0
14.0,13.0,3.0,14_8,13_0,4760.0,4860.0,14_1,13_4,4729.0,4768.0,13.0,3_13_14_97,3_13_13_146,3.9629629629629637,97.0,146.0,32.0,86.0,8.0
2.0,4.0,10.0,2_5,4_6,2205.0,2266.0,2_0,4_7,2091.0,2212.0,11.0,10_11_2_37,10_11_4_66,4.027027027027027,37.0,66.0,115.0,55.0,7.0
2.0,4.0,10.0,2_2,4_6,5602.0,5666.0,2_0,4_7,5507.0,5605.0,15.0,10_15_2_40,10_15_4_153,4.095238095238095,40.0,153.0,96.0,58.0,3.0
7.0,6.0,3.0,7_8,6_0,3424.0,3653.0,7_0,6_5,3373.0,3425.0,17.0,3_17_7_59,3_17_6_76,4.115384615384615,59.0,76.0,52.0,224.0,1.0
7.0,6.0,7.0,7_8,6_1,2879.0,2936.0,7_6,6_5,2826.0,2880.0,9.0,7_9_7_49,7_9_6_36,4.115384615384615,49.0,36.0,54.0,57.0,1.0
7.0,6.0,13.0,7_8,6_0,1087.0,1161.0,7_1,6_5,902.0,1088.0,13.0,13_13_7_39,13_13_6_58,4.115384615384615,39.0,58.0,186.0,74.0,1.0
6.0,7.0,14.0,6_5,7_1,2006.0,2042.0,6_3,7_7,1922.0,2013.0,19.0,14_19_6_3,14_19_7_4,4.1764705882352935,3.0,4.0,82.0,30.0,7.0
9.0,10.0,7.0,9_2,10_1,1516.0,1569.0,9_0,10_8,1288.0,1522.0,15.0,7_15_9_7,7_15_10_29,4.181818181818182,7.0,29.0,225.0,48.0,6.0
9.0,10.0,12.0,9_2,10_0,2609.0,2755.0,9_0,10_8,2456.0,2615.0,19.0,12_19_9_29,12_19_10_36,4.181818181818182,29.0,36.0,154.0,113.0,6.0
4.0,2.0,12.0,4_5,2_0,5513.0,5671.0,4_6,2_1,5336.0,5521.0,13.0,12_13_4_354,12_13_2_203,4.2368421052631575,354.0,203.0,168.0,151.0,8.0
2.0,3.0,1.0,2_2,3_4,5137.0,5545.0,2_2,3_5,5079.0,5146.0,17.0,1_17_2_56,1_17_3_157,4.2727272727272725,56.0,157.0,59.0,400.0,9.0
14.0,13.0,15.0,14_8,13_3,3325.0,3374.0,14_1,13_8,3284.0,3334.0,13.0,15_13_14_39,15_13_13_110,4.2727272727272725,39.0,110.0,42.0,41.0,9.0
4.0,3.0,9.0,4_8,3_0,2089.0,2219.0,4_8,3_4,2012.0,2099.0,9.0,9_9_4_58,9_9_3_52,4.279999999999999,58.0,52.0,78.0,118.0,10.0
9.0,10.0,13.0,9_2,10_0,1803.0,2046.0,9_0,10_5,1777.0,1812.0,13.0,13_13_9_104,13_13_10_166,4.294117647058823,104.0,166.0,27.0,198.0,9.0
7.0,6.0,5.0,7_8,6_0,1944.0,2016.0,7_1,6_8,1920.0,1952.0,13.0,5_13_7_63,5_13_6_58,4.3076923076923075,63.0,58.0,25.0,65.0,8.0
12.0,13.0,4.0,12_2,13_0,5470.0,5538.0,12_0,13_8,5323.0,5478.0,13.0,4_13_12_101,4_13_13_266,4.37037037037037,101.0,266.0,148.0,61.0,8.0
9.0,10.0,5.0,9_2,10_4,4221.0,4290.0,9_4,10_1,4173.0,4234.0,13.0,5_13_9_130,5_13_10_167,4.375,130.0,167.0,26.0,40.0,13.0
3.0,2.0,3.0,3_5,2_0,3605.0,3757.0,3_0,2_2,3487.0,3608.0,11.0,3_11_3_143,3_11_2_120,4.375,143.0,120.0,119.0,131.0,3.0
13.0,12.0,13.0,13_8,12_0,2292.0,2435.0,13_3,12_2,2254.0,2300.0,11.0,13_11_13_67,13_11_12_72,4.444444444444445,67.0,72.0,39.0,136.0,8.0
13.0,12.0,20.0,13_8,12_2,2589.0,2634.0,13_0,12_2,2507.0,2597.0,11.0,20_11_13_72,20_11_12_60,4.444444444444445,72.0,60.0,83.0,34.0,8.0
10.0,9.0,20.0,10_5,9_0,437.0,473.0,10_0,9_1,380.0,446.0,19.0,20_19_10_16,20_19_9_13,4.478260869565218,16.0,13.0,53.0,28.0,9.0
7.0,6.0,15.0,7_8,6_0,3550.0,3608.0,7_1,6_4,3521.0,3557.0,11.0,15_11_7_122,15_11_6_130,4.487179487179487,122.0,130.0,30.0,52.0,7.0
7.0,6.0,4.0,7_8,6_3,5262.0,5292.0,7_6,6_4,5090.0,5269.0,17.0,4_17_7_182,4_17_6_85,4.487179487179487,182.0,85.0,161.0,24.0,7.0
7.0,6.0,6.0,7_8,6_3,587.0,632.0,7_6,6_4,484.0,594.0,15.0,6_15_7_10,6_15_6_21,4.487179487179487,10.0,21.0,104.0,39.0,7.0
7.0,6.0,2.0,7_8,6_0,3172.0,3247.0,7_1,6_4,3145.0,3188.0,9.0,2_9_7_44,2_9_6_40,4.512820512820513,44.0,40.0,28.0,60.0,16.0
7.0,6.0,5.0,7_8,6_0,4100.0,4143.0,7_1,6_4,4064.0,4116.0,13.0,5_13_7_96,5_13_6_125,4.512820512820513,96.0,125.0,37.0,28.0,16.0
6.0,5.0,19.0,6_8,5_6,1208.0,1246.0,6_0,5_1,1130.0,1215.0,19.0,19_19_6_9,19_19_5_3,4.6,9.0,3.0,79.0,32.0,7.0
6.0,5.0,13.0,6_8,5_7,1980.0,2022.0,6_0,5_1,1909.0,1987.0,13.0,13_13_6_91,13_13_5_56,4.6,91.0,56.0,72.0,36.0,7.0
9.0,10.0,13.0,9_2,10_1,3701.0,3748.0,9_0,10_1,3550.0,3723.0,19.0,13_19_9_55,13_19_10_83,4.625,55.0,83.0,125.0,26.0,22.0
9.0,10.0,3.0,9_2,10_0,370.0,551.0,9_0,10_1,227.0,392.0,11.0,3_11_9_4,3_11_10_14,4.625,4.0,14.0,144.0,155.0,22.0
4.0,2.0,18.0,4_8,2_0,5536.0,5608.0,4_6,2_1,5411.0,5545.0,19.0,18_19_4_185,18_19_2_93,4.647058823529412,185.0,93.0,73.0,46.0,9.0
4.0,2.0,12.0,4_2,2_0,3581.0,3688.0,4_6,2_4,3401.0,3589.0,13.0,12_13_4_211,12_13_2_143,4.666666666666666,211.0,143.0,165.0,80.0,8.0
13.0,12.0,20.0,13_8,12_0,4226.0,4350.0,13_8,12_1,4176.0,4234.0,17.0,20_17_13_100,20_17_12_92,4.733333333333333,100.0,92.0,51.0,115.0,8.0
12.0,13.0,3.0,12_2,13_0,2860.0,2953.0,12_7,13_5,2835.0,2869.0,13.0,3_13_12_76,3_13_13_68,4.742857142857143,76.0,68.0,26.0,85.0,9.0
2.0,4.0,19.0,2_8,4_6,792.0,940.0,2_0,4_4,688.0,799.0,13.0,19_13_2_23,19_13_4_76,4.8,23.0,76.0,97.0,134.0,7.0
2.0,4.0,5.0,2_2,4_6,1498.0,1558.0,2_0,4_7,1469.0,1510.0,13.0,5_13_2_39,5_13_4_68,4.904761904761905,39.0,68.0,30.0,49.0,12.0
4.0,3.0,10.0,4_8,3_0,5748.0,5811.0,4_6,3_8,5655.0,5757.0,17.0,10_17_4_147,10_17_3_77,4.928571428571429,147.0,77.0,76.0,55.0,9.0
4.0,3.0,4.0,4_8,3_3,3994.0,4182.0,4_6,3_8,3582.0,4003.0,9.0,4_9_4_62,4_9_3_55,4.928571428571429,62.0,55.0,408.0,158.0,9.0
14.0,13.0,18.0,14_8,13_0,4727.0,4818.0,14_1,13_1,4700.0,4735.0,9.0,18_9_14_37,18_9_13_51,4.9714285714285715,37.0,51.0,28.0,67.0,8.0
