dep_id,dep_frame,dep_cam_part,ent_id,ent_frame,ent_cam_part,transit
1_11_10_8,315,10_5,1_11_9_7,317,9_2,2
1_11_11_14,3535,11_7,1_11_10_44,3536,10_5,1
1_11_12_72,4135,12_1,1_11_14_51,4146,14_8,11
1_11_14_2,1086,14_8,1_11_13_16,1101,13_4,15
1_11_2_6,917,2_2,1_11_4_12,921,4_7,4
1_11_2_53,3960,2_2,1_11_4_71,3961,4_7,1
1_11_2_68,4232,2_5,1_11_4_79,4234,4_7,2
1_11_4_2,62,4_8,1_11_2_2,66,2_1,4
1_11_4_66,3364,4_5,1_11_2_50,3369,2_1,5
1_11_4_92,5358,4_8,1_11_3_126,5372,3_4,14
1_11_4_96,5754,4_8,1_11_3_131,5761,3_8,7
1_11_6_127,4551,6_5,1_11_5_63,4558,5_2,7
1_11_7_84,5341,7_5,1_11_5_72,5345,5_4,4
1_11_9_50,3602,9_1,1_11_10_53,3609,10_5,7
1_11_9_53,3523,9_8,1_11_10_44,3536,10_5,13
1_13_10_117,2723,10_2,1_13_9_60,2731,9_1,8
1_13_10_122,2747,10_5,1_13_9_61,2748,9_2,1
1_13_12_6,313,12_2,1_13_13_3,319,13_5,6
1_13_12_7,428,12_2,1_13_13_10,431,13_5,3
1_13_13_12,728,13_5,1_13_14_52,733,14_8,5
1_13_13_56,2361,13_5,1_13_12_31,2367,12_2,6
1_13_13_57,2382,13_8,1_13_14_72,2387,14_8,5
1_13_14_32,315,14_8,1_13_13_3,319,13_5,4
1_13_14_117,4231,14_8,1_13_3_117,4271,3_0,40
1_13_2_100,3807,2_5,1_13_4_99,3808,4_4,1
1_13_2_112,3958,2_5,1_13_4_124,3959,4_7,1
1_13_2_134,4407,2_2,1_13_3_126,4423,3_4,16
1_13_2_153,5171,2_2,1_13_3_171,5190,3_4,19
1_13_3_121,4429,3_5,1_13_2_142,4434,2_1,5
1_13_4_30,1253,4_8,1_13_2_29,1257,2_1,4
1_13_4_50,2275,4_5,1_13_2_72,2280,2_1,5
1_13_5_96,2466,5_2,1_13_6_116,2469,6_8,3
1_13_6_63,1349,6_5,1_13_7_68,1355,7_7,6
1_13_6_149,3875,6_2,1_13_7_160,3879,7_7,4
1_13_7_12,92,7_7,1_13_6_22,110,6_1,18
1_13_7_169,4104,7_7,1_13_5_148,4110,5_8,6
1_13_9_16,598,9_2,1_13_10_37,633,10_1,35
1_13_9_17,588,9_5,1_13_10_28,600,10_5,12
1_15_10_8,584,10_0,1_15_6_21,622,6_0,38
1_15_10_42,3092,10_0,1_15_5_49,3106,5_4,14
1_15_10_94,5411,10_5,1_15_9_70,5413,9_2,2
1_15_10_96,5530,10_5,1_15_9_80,5533,9_2,3
1_15_10_108,5578,10_1,1_15_7_110,5620,7_5,42
1_15_12_42,2102,12_5,1_15_13_59,2123,13_4,21
1_15_12_50,2159,12_4,1_15_13_63,2167,13_1,8
1_15_14_2,1194,14_8,1_15_13_45,1214,13_1,20
1_15_14_5,1602,14_5,1_15_12_25,1604,12_1,2
1_15_14_31,2108,14_8,1_15_13_59,2123,13_4,15
1_15_4_3,387,4_5,1_15_2_13,392,2_1,5
1_15_5_94,5452,5_8,1_15_6_170,5480,6_1,28
1_17_12_42,2049,12_2,1_17_13_83,2053,13_8,4
1_17_13_89,2497,13_5,1_17_12_46,2501,12_1,4
1_17_14_50,4366,14_4,1_17_10_91,4410,10_1,44
1_17_2_5,585,2_5,1_17_4_19,594,4_7,9
1_17_2_13,2524,2_2,1_17_3_92,2539,3_4,15
1_17_2_34,3792,2_5,1_17_4_83,3796,4_4,4
1_17_2_43,3768,2_0,1_17_4_81,3793,4_8,25
1_17_3_6,133,3_5,1_17_4_6,139,4_8,6
1_17_3_142,5058,3_5,1_17_4_89,5062,4_8,4
1_17_3_149,5062,3_8,1_17_4_91,5069,4_8,7
1_17_4_6,291,4_8,1_17_3_19,306,3_4,15
1_17_4_91,5102,4_5,1_17_2_65,5105,2_1,3
1_17_5_59,4090,5_2,1_17_6_74,4091,6_7,1
1_17_5_100,5440,5_1,1_17_6_109,5446,6_4,6
1_17_6_24,2794,6_8,1_17_7_40,2799,7_8,5
1_17_6_35,3443,6_8,1_17_7_48,3447,7_8,4
1_17_6_42,4228,6_5,1_17_7_93,4234,7_8,6
1_17_7_17,3388,7_8,1_17_6_37,3389,6_8,1
1_19_12_45,4077,12_2,1_19_13_56,4088,13_1,11
1_19_12_54,4350,12_8,1_19_14_16,4351,14_4,1
1_19_13_45,2984,13_8,1_19_12_31,2985,12_1,1
1_19_14_5,2149,14_8,1_19_13_28,2152,13_8,3
1_19_2_8,580,2_2,1_19_4_19,588,4_7,8
1_19_2_11,581,2_5,1_19_4_18,587,4_4,6
1_19_2_22,919,2_2,1_19_3_21,924,3_5,5
1_19_2_27,2165,2_8,1_19_4_43,2168,4_4,3
1_19_2_67,5336,2_2,1_19_3_70,5338,3_8,2
1_19_3_14,908,3_5,1_19_2_26,954,2_4,46
1_19_3_25,1299,3_5,1_19_4_30,1304,4_8,5
1_19_3_43,4201,3_5,1_19_2_58,4234,2_2,33
1_19_5_31,2267,5_1,1_19_6_9,2273,6_4,6
1_19_6_6,2119,6_8,1_19_5_27,2120,5_2,1
1_19_7_36,2261,7_5,1_19_6_9,2273,6_4,12
1_9_10_12,3081,10_5,1_9_9_31,3087,9_2,6
1_9_12_5,900,12_5,1_9_13_34,911,13_5,11
1_9_12_12,2173,12_2,1_9_13_50,2180,13_5,7
1_9_12_19,2975,12_2,1_9_13_53,2977,13_8,2
1_9_12_32,3634,12_2,1_9_13_80,3637,13_5,3
1_9_13_70,3617,13_8,1_9_12_33,3622,12_2,5
1_9_14_3,907,14_8,1_9_13_34,911,13_5,4
1_9_14_54,5733,14_8,1_9_13_112,5741,13_1,8
1_9_2_9,606,2_2,1_9_13_24,609,13_0,3
1_9_2_14,1627,2_2,1_9_4_21,1655,4_8,28
1_9_4_10,819,4_8,1_9_3_10,836,3_4,17
1_9_4_17,1566,4_8,1_9_3_24,1570,3_8,4
1_9_4_25,1866,4_5,1_9_2_20,1869,2_4,3
1_9_4_39,3247,4_5,1_9_2_31,3253,2_1,6
1_9_5_23,3087,5_2,1_9_6_19,3091,6_8,4
1_9_5_37,4766,5_4,1_9_6_37,4783,6_4,17
1_9_6_8,2751,6_5,1_9_5_20,2752,5_2,1
1_9_7_8,541,7_8,1_9_6_1,544,6_5,3
2_11_10_9,786,10_5,2_11_9_11,791,9_2,5
2_11_12_48,2810,12_2,2_11_13_70,2823,13_8,13
2_11_13_70,2965,13_5,2_11_14_37,2970,14_8,5
2_11_13_93,4067,13_8,2_11_14_53,4070,14_8,3
2_11_14_9,999,14_5,2_11_12_13,1000,12_1,1
2_11_14_54,4449,14_5,2_11_13_96,4456,13_8,7
2_11_14_68,4929,14_8,2_11_13_115,4934,13_5,5
2_11_14_73,4967,14_8,2_11_13_120,4970,13_5,3
2_11_2_22,1429,2_2,2_11_3_29,1433,3_5,4
2_11_3_50,2841,3_5,2_11_2_42,2846,2_2,5
2_11_3_70,2940,3_0,2_11_1_39,2976,1_4,36
2_11_4_19,1426,4_8,2_11_3_29,1433,3_5,7
2_11_4_20,1534,4_5,2_11_2_25,1542,2_1,8
2_11_4_82,4949,4_8,2_11_3_107,4956,3_5,7
2_11_4_86,5141,4_8,2_11_3_115,5149,3_8,8
2_11_4_108,5842,4_8,2_11_3_129,5859,3_5,17
2_11_5_66,5554,5_2,2_11_6_89,5563,6_4,9
2_11_6_38,2621,6_8,2_11_5_31,2622,5_1,1
2_11_9_1,285,9_5,2_11_11_3,287,11_7,2
2_11_9_52,3961,9_2,2_11_10_42,3962,10_8,1
2_13_10_17,441,10_2,2_13_11_1,446,11_7,5
2_13_10_51,1466,10_8,2_13_9_29,1471,9_1,5
2_13_10_65,1744,10_8,2_13_9_48,1751,9_2,7
2_13_10_101,2808,10_8,2_13_9_62,2809,9_2,1
2_13_10_102,2795,10_4,2_13_9_63,2812,9_1,17
2_13_10_136,4151,10_5,2_13_9_97,4153,9_2,2
2_13_10_140,4278,10_2,2_13_11_38,4283,11_7,5
2_13_10_142,4315,10_5,2_13_9_104,4321,9_2,6
2_13_10_153,4510,10_5,2_13_9_115,4514,9_2,4
2_13_12_27,738,12_1,2_13_3_37,741,3_0,3
2_13_12_197,5835,12_2,2_13_13_296,5853,13_4,18
2_13_13_73,837,13_5,2_13_14_24,839,14_8,2
2_13_14_2,228,14_8,2_13_13_12,237,13_4,9
2_13_14_29,1007,14_5,2_13_12_42,1009,12_4,2
2_13_14_98,3065,14_8,2_13_13_173,3077,13_1,12
2_13_14_115,4275,14_8,2_13_13_230,4284,13_4,9
2_13_14_131,4621,14_8,2_13_12_148,4622,12_1,1
2_13_14_187,5837,14_8,2_13_13_296,5853,13_4,16
2_13_2_13,490,2_5,2_13_4_19,494,4_7,4
2_13_2_27,920,2_2,2_13_3_48,937,3_4,17
2_13_2_120,4846,2_4,2_13_4_189,4852,4_4,6
2_13_2_144,5168,2_2,2_13_3_227,5183,3_4,15
2_13_3_110,2429,3_8,2_13_9_60,2473,9_2,44
2_13_4_50,1022,4_8,2_13_2_38,1028,2_1,6
2_13_4_129,3599,4_8,2_13_3_155,3617,3_1,18
2_13_4_173,5046,4_8,2_13_3_221,5068,3_4,22
2_13_4_188,4925,4_8,2_13_3_219,4930,3_8,5
2_13_4_211,5503,4_5,2_13_2_163,5504,2_1,1
2_13_6_8,349,6_5,2_13_7_28,352,7_8,3
2_13_6_76,2272,6_8,2_13_7_85,2274,7_7,2
2_13_6_157,5449,6_8,2_13_5_148,5450,5_2,1
2_13_6_177,5898,6_8,2_13_5_155,5902,5_1,4
2_13_7_36,920,7_7,2_13_6_31,926,6_5,6
2_15_10_74,1468,10_0,2_15_7_47,1478,7_8,10
2_15_10_113,2218,10_0,2_15_5_59,2244,5_2,26
2_15_10_177,5489,10_5,2_15_9_70,5492,9_1,3
2_15_14_63,2077,14_6,2_15_13_64,2086,13_0,9
2_15_14_79,2986,14_8,2_15_12_71,3004,12_1,18
2_15_14_93,5333,14_8,2_15_13_136,5341,13_5,8
2_15_2_9,494,2_2,2_15_4_18,501,4_8,7
2_15_2_19,1454,2_5,2_15_4_32,1456,4_7,2
2_15_2_21,1679,2_5,2_15_4_43,1681,4_7,2
2_15_2_27,2089,2_5,2_15_4_48,2091,4_7,2
2_15_2_46,3161,2_5,2_15_4_74,3164,4_7,3
2_15_2_56,3537,2_5,2_15_4_87,3539,4_4,2
2_15_2_64,4934,2_5,2_15_4_101,4938,4_7,4
2_15_3_16,937,3_5,2_15_4_26,940,4_8,3
2_15_4_25,979,4_8,2_15_2_12,980,2_1,1
2_15_5_57,2193,5_2,2_15_6_83,2202,6_4,9
2_15_5_69,2839,5_2,2_15_6_107,2852,6_4,13
2_15_5_79,2925,5_8,2_15_7_105,2954,7_6,29
2_15_6_49,1477,6_5,2_15_7_47,1478,7_8,1
2_15_6_93,2666,6_5,2_15_7_83,2667,7_7,1
2_15_7_58,2190,7_8,2_15_6_83,2202,6_4,12
2_15_7_85,2817,7_5,2_15_5_72,2819,5_1,2
2_15_7_88,2837,7_8,2_15_6_107,2852,6_4,15
2_15_7_89,2909,7_7,2_15_6_112,2922,6_4,13
2_15_7_115,3569,7_8,2_15_6_137,3571,6_8,2
2_15_9_12,989,9_2,2_15_10_50,994,10_5,5
2_15_9_36,1413,9_2,2_15_10_74,1416,10_5,3
2_15_9_65,5369,9_2,2_15_10_175,5371,10_5,2
2_17_10_4,64,10_5,2_17_9_6,73,9_1,9
2_17_11_5,839,11_7,2_17_10_25,845,10_1,6
2_17_12_22,868,12_2,2_17_3_38,871,3_0,3
2_17_12_26,977,12_2,2_17_13_44,984,13_5,7
2_17_12_92,2380,12_2,2_17_13_127,2395,13_1,15
2_17_12_97,2401,12_5,2_17_13_129,2410,13_5,9
2_17_12_138,3814,12_5,2_17_13_179,3830,13_4,16
2_17_13_23,594,13_5,2_17_14_11,596,14_8,2
2_17_13_33,901,13_0,2_17_2_17,923,2_2,22
2_17_13_51,1189,13_5,2_17_14_28,1191,14_7,2
2_17_13_72,1693,13_4,2_17_12_59,1695,12_2,2
2_17_13_134,2651,13_5,2_17_14_61,2654,14_8,3
2_17_13_161,3224,13_5,2_17_14_72,3227,14_8,3
2_17_13_163,3291,13_5,2_17_14_73,3294,14_8,3
2_17_13_179,3864,13_0,2_17_2_45,3889,2_2,25
2_17_14_24,981,14_8,2_17_13_44,984,13_5,3
2_17_14_49,2405,14_7,2_17_13_129,2410,13_5,5
2_17_14_74,3821,14_8,2_17_13_179,3830,13_4,9
2_17_4_1,99,4_8,2_17_2_8,106,2_1,7
2_17_4_34,1264,4_5,2_17_2_27,1271,2_4,7
2_17_4_39,1749,4_8,2_17_2_31,1756,2_1,7
2_17_4_63,4302,4_8,2_17_2_52,4306,2_2,4
2_17_6_13,349,6_8,2_17_7_18,352,7_5,3
2_17_6_53,3086,6_8,2_17_5_60,3087,5_1,1
2_17_7_62,2682,7_1,2_17_5_40,2704,5_7,22
2_17_7_100,4322,7_8,2_17_6_94,4328,6_5,6
2_19_10_61,5105,10_0,2_19_9_54,5136,9_1,31
2_19_10_74,5148,10_2,2_19_11_16,5152,11_7,4
2_19_10_76,5131,10_4,2_19_9_54,5136,9_1,5
2_19_12_1,752,12_2,2_19_13_2,756,13_5,4
2_19_12_21,4275,12_2,2_19_13_38,4279,13_5,4
2_19_13_6,902,13_8,2_19_12_5,903,12_1,1
2_19_14_34,4276,14_8,2_19_13_38,4279,13_5,3
2_19_2_5,816,2_2,2_19_3_9,856,3_4,40
2_19_2_52,2520,2_5,2_19_4_40,2522,4_4,2
2_19_5_4,445,5_2,2_19_6_6,450,6_4,5
2_19_5_45,2978,5_2,2_19_6_21,2981,6_7,3
2_19_5_58,3071,5_1,2_19_6_32,3073,6_8,2
2_19_6_50,4690,6_5,2_19_7_84,4695,7_4,5
2_19_7_50,3056,7_8,2_19_6_26,3059,6_8,3
2_19_7_55,3068,7_8,2_19_6_32,3073,6_8,5
2_19_9_49,5081,9_2,2_19_10_74,5083,10_8,2
2_9_10_16,1236,10_5,2_9_9_14,1241,9_2,5
2_9_10_26,1588,10_2,2_9_9_20,1596,9_2,8
2_9_10_44,2598,10_5,2_9_9_42,2604,9_2,6
2_9_12_6,567,12_5,2_9_13_8,576,13_5,9
2_9_12_16,775,12_5,2_9_13_19,791,13_4,16
2_9_12_39,2830,12_2,2_9_13_44,2834,13_8,4
2_9_12_73,5205,12_7,2_9_14_55,5211,14_1,6
2_9_13_8,730,13_5,2_9_14_6,736,14_7,6
2_9_13_36,2320,13_8,2_9_12_34,2321,12_1,1
2_9_14_1,570,14_8,2_9_13_8,576,13_5,6
2_9_14_47,3476,14_5,2_9_12_56,3477,12_1,1
2_9_2_12,892,2_5,2_9_4_17,894,4_7,2
2_9_3_20,2415,3_5,2_9_2_20,2416,2_2,1
2_9_5_18,2539,5_2,2_9_6_33,2547,6_5,8
2_9_5_31,3170,5_5,2_9_6_40,3188,6_4,18
2_9_6_48,4133,6_5,2_9_7_60,4134,7_8,1
2_9_7_19,1524,7_8,2_9_6_19,1528,6_5,4
2_9_7_42,3175,7_8,2_9_6_39,3179,6_5,4
2_9_7_44,3172,7_8,2_9_6_40,3188,6_4,16
2_9_7_90,5818,7_4,2_9_6_67,5825,6_8,7
3_11_10_112,2159,10_5,3_11_9_59,2162,9_2,3
3_11_10_135,2782,10_5,3_11_9_75,2783,9_2,1
3_11_12_19,1214,12_1,3_11_15_8,1260,15_7,46
3_11_13_143,2438,13_0,3_11_4_100,2485,4_8,47
3_11_13_169,3624,13_5,3_11_12_70,3630,12_2,6
3_11_2_27,1433,2_5,3_11_4_31,1435,4_4,2
3_11_2_37,1672,2_0,3_11_7_54,1707,7_6,35
3_11_2_83,2304,2_5,3_11_4_95,2308,4_4,4
3_11_2_139,4652,2_5,3_11_4_146,4656,4_7,4
3_11_2_154,5167,2_5,3_11_4_150,5171,4_4,4
3_11_3_58,1606,3_5,3_11_2_37,1608,2_2,2
3_11_3_76,1934,3_5,3_11_4_65,1937,4_8,3
3_11_3_174,4185,3_0,3_11_12_93,4194,12_2,9
3_11_4_34,1558,4_8,3_11_13_61,1596,13_0,38
3_11_4_104,3037,4_8,3_11_3_136,3048,3_4,11
3_11_4_119,3579,4_5,3_11_2_118,3580,2_4,1
3_11_5_280,4463,5_2,3_11_6_174,4469,6_5,6
3_11_6_25,1089,6_4,3_11_7_23,1105,7_5,16
3_11_6_62,1753,6_5,3_11_7_66,1759,7_5,6
3_11_6_90,2537,6_5,3_11_7_102,2539,7_7,2
3_11_9_4,370,9_2,3_11_10_14,392,10_1,22
3_11_9_6,386,9_2,3_11_10_13,390,10_8,4
3_11_9_24,750,9_2,3_11_10_27,763,10_4,13
3_11_9_32,1032,9_2,3_11_10_40,1048,10_2,16
3_11_9_41,1378,9_1,3_11_10_61,1384,10_5,6
3_13_10_70,2308,10_5,3_13_11_18,2311,11_8,3
3_13_12_139,4750,12_4,3_13_13_146,4768,13_4,18
3_13_14_56,2864,14_7,3_13_13_69,2874,13_1,10
3_13_14_97,4760,14_8,3_13_13_146,4768,13_4,8
3_13_14_98,4777,14_8,3_13_13_149,4785,13_4,8
3_13_2_7,558,2_5,3_13_4_24,561,4_7,3
3_13_2_37,2347,2_5,3_13_4_100,2351,4_7,4
3_13_2_196,5784,2_5,3_13_4_249,5787,4_7,3
3_13_4_78,1699,4_5,3_13_2_27,1702,2_1,3
3_13_4_210,5101,4_8,3_13_3_163,5114,3_1,13
3_13_4_217,5226,4_5,3_13_2_191,5227,2_4,1
3_13_5_8,662,5_4,3_13_6_7,678,6_4,16
3_13_5_15,1288,5_2,3_13_6_24,1303,6_1,15
3_13_5_73,4738,5_8,3_13_13_143,4753,13_0,15
3_13_5_83,4986,5_2,3_13_6_74,4990,6_8,4
3_13_6_51,3209,6_8,3_13_5_47,3212,5_4,3
3_13_6_59,3966,6_5,3_13_7_100,3967,7_8,1
3_13_6_65,4516,6_5,3_13_7_132,4517,7_7,1
3_13_7_18,1290,7_7,3_13_6_23,1302,6_4,12
3_13_7_44,2209,7_7,3_13_6_38,2212,6_5,3
3_13_9_9,770,9_2,3_13_10_14,780,10_5,10
3_13_9_16,806,9_2,3_13_10_18,807,10_8,1
3_15_10_30,1293,10_5,3_15_11_5,1295,11_7,2
3_15_10_77,3432,10_1,3_15_11_25,3479,11_7,47
3_15_10_88,3472,10_5,3_15_11_25,3479,11_7,7
3_15_10_91,4332,10_4,3_15_9_110,4381,9_1,49
3_15_13_6,254,13_5,3_15_14_4,258,14_8,4
3_15_13_58,1559,13_5,3_15_14_22,1564,14_7,5
3_15_14_23,1603,14_8,3_15_13_70,1605,13_5,2
3_15_14_40,2639,14_8,3_15_13_134,2650,13_1,11
3_15_2_26,2519,2_8,3_15_4_49,2523,4_4,4
3_15_4_61,3605,4_2,3_15_2_42,3606,2_4,1
3_15_4_71,4492,4_5,3_15_2_51,4493,2_1,1
3_15_4_89,5868,4_5,3_15_2_80,5870,2_1,2
3_15_5_67,4146,5_2,3_15_6_117,4148,6_5,2
3_15_6_5,399,6_5,3_15_7_8,404,7_7,5
3_15_6_74,3418,6_5,3_15_7_59,3419,7_8,1
3_15_6_147,4950,6_3,3_15_3_337,4986,3_3,36
3_15_6_182,5932,6_8,3_15_5_93,5936,5_1,4
3_15_7_12,793,7_0,3_15_2_12,812,2_0,19
3_15_7_13,681,7_8,3_15_6_15,695,6_1,14
3_15_9_7,271,9_2,3_15_10_11,273,10_5,2
3_17_10_55,1672,10_2,3_17_11_26,1674,11_7,2
3_17_11_26,1773,11_7,3_17_10_58,1782,10_1,9
3_17_11_27,2053,11_7,3_17_10_62,2061,10_1,8
3_17_12_1,184,12_1,3_17_13_7,192,13_8,8
3_17_12_14,997,12_2,3_17_13_48,1006,13_5,9
3_17_13_73,1868,13_8,3_17_12_49,1869,12_1,1
3_17_14_8,380,14_8,3_17_3_20,386,3_0,6
3_17_14_46,2971,14_8,3_17_13_100,2983,13_1,12
3_17_14_48,3106,14_8,3_17_13_108,3118,13_1,12
3_17_14_52,3796,14_5,3_17_12_72,3797,12_1,1
3_17_14_65,5663,14_5,3_17_13_159,5677,13_5,14
3_17_2_22,3104,2_2,3_17_13_105,3106,13_0,2
3_17_4_8,849,4_5,3_17_2_8,851,2_5,2
3_17_4_52,2683,4_5,3_17_2_18,2688,2_1,5
3_17_5_1,2095,5_2,3_17_6_47,2097,6_8,2
3_17_5_70,4811,5_2,3_17_6_107,4817,6_5,6
3_17_7_59,3424,7_8,3_17_6_76,3425,6_5,1
3_17_7_68,3626,7_5,3_17_6_91,3656,6_4,30
3_17_9_8,336,9_1,3_17_10_10,344,10_5,8
3_19_3_11,600,3_5,3_19_4_14,602,4_8,2
3_19_3_18,594,3_8,3_19_2_7,601,2_5,7
3_19_3_120,4841,3_5,3_19_4_90,4844,4_8,3
3_19_4_19,753,4_5,3_19_2_18,759,2_1,6
3_19_4_47,1941,4_8,3_19_3_61,1944,3_5,3
3_19_4_83,4421,4_8,3_19_3_119,4428,3_5,7
3_19_4_90,4917,4_8,3_19_3_127,4931,3_1,14
3_19_6_24,1676,6_8,3_19_5_50,1677,5_2,1
3_19_6_62,5493,6_5,3_19_5_210,5499,5_1,6
3_19_7_43,1433,7_5,3_19_6_21,1447,6_4,14
3_19_9_26,1615,9_2,3_19_10_53,1624,10_1,9
3_19_9_72,5435,9_1,3_19_10_101,5440,10_5,5
3_19_9_78,5439,9_2,3_19_10_102,5447,10_4,8
3_19_9_85,5923,9_2,3_19_10_115,5926,10_5,3
3_9_10_3,106,10_0,3_9_5_4,138,5_1,32
3_9_10_147,5273,10_5,3_9_9_182,5278,9_2,5
3_9_12_56,3121,12_2,3_9_13_83,3123,13_8,2
3_9_12_127,3828,12_2,3_9_13_96,3832,13_8,4
3_9_12_140,4594,12_1,3_9_13_130,4595,13_8,1
3_9_12_141,4521,12_2,3_9_13_126,4544,13_1,23
3_9_13_50,2028,13_8,3_9_12_44,2034,12_5,6
3_9_13_73,3046,13_8,3_9_12_57,3049,12_1,3
3_9_13_96,4050,13_5,3_9_12_131,4054,12_2,4
3_9_13_226,5931,13_5,3_9_12_236,5938,12_2,7
3_9_14_184,5598,14_2,3_9_12_215,5601,12_4,3
3_9_14_186,5597,14_4,3_9_13_216,5610,13_5,13
3_9_15_50,3592,15_7,3_9_1_47,3602,1_6,10
3_9_2_29,1967,2_2,3_9_3_36,1980,3_4,13
3_9_2_35,2984,2_2,3_9_3_60,2985,3_8,1
3_9_2_49,3539,2_2,3_9_3_87,3545,3_8,6
3_9_3_1,106,3_5,3_9_4_2,107,4_8,1
3_9_3_22,1737,3_8,3_9_2_19,1739,2_2,2
3_9_3_87,3634,3_8,3_9_4_65,3636,4_8,2
3_9_4_13,900,4_8,3_9_2_3,904,2_1,4
3_9_4_83,4301,4_5,3_9_2_63,4303,2_1,2
3_9_5_14,423,5_5,3_9_6_23,455,6_5,32
3_9_5_15,421,5_8,3_9_10_24,446,10_0,25
3_9_5_36,1908,5_1,3_9_6_32,1915,6_4,7
3_9_5_68,3843,5_2,3_9_6_68,3846,6_5,3
3_9_5_90,5225,5_2,3_9_6_78,5226,6_5,1
3_9_6_4,140,6_4,3_9_5_9,154,5_1,14
3_9_6_5,146,6_8,3_9_5_5,147,5_2,1
3_9_6_34,2450,6_8,3_9_5_42,2454,5_1,4
3_9_6_36,2564,6_8,3_9_5_43,2565,5_2,1
3_9_6_41,3071,6_5,3_9_7_100,3072,7_7,1
3_9_6_60,3127,6_8,3_9_5_61,3130,5_1,3
3_9_6_69,4413,6_8,3_9_5_75,4414,5_2,1
3_9_6_76,4921,6_5,3_9_7_134,4922,7_8,1
3_9_6_88,5824,6_5,3_9_7_146,5825,7_7,1
3_9_7_91,2955,7_8,3_9_6_39,2959,6_5,4
3_9_7_118,3840,7_8,3_9_6_68,3846,6_5,6
3_9_7_139,5223,7_8,3_9_6_78,5226,6_5,3
3_9_7_142,5399,7_8,3_9_6_83,5406,6_8,7
4_11_10_19,627,10_8,4_11_9_28,628,9_2,1
4_11_10_61,2837,10_5,4_11_9_79,2847,9_2,10
4_11_10_66,2838,10_5,4_11_9_80,2848,9_1,10
4_11_2_4,432,2_2,4_11_12_8,479,12_2,47
4_11_3_38,1332,3_5,4_11_2_21,1338,2_2,6
4_11_3_63,2183,3_5,4_11_2_45,2190,2_2,7
4_11_4_15,854,4_8,4_11_3_28,864,3_1,10
4_11_4_132,4899,4_8,4_11_2_89,4947,2_2,48
4_11_4_144,5435,4_5,4_11_2_95,5436,2_1,1
4_11_5_82,2765,5_2,4_11_6_61,2775,6_8,10
4_11_5_97,3387,5_7,4_11_13_120,3407,13_0,20
4_11_6_21,1219,6_5,4_11_7_16,1247,7_0,28
4_11_6_133,4995,6_5,4_11_5_136,5000,5_1,5
4_11_6_165,5735,6_5,4_11_5_144,5737,5_2,2
4_11_7_45,2779,7_8,4_11_6_64,2780,6_5,1
4_11_7_46,2764,7_8,4_11_6_61,2775,6_8,11
4_11_9_36,1147,9_1,4_11_10_27,1149,10_5,2
4_11_9_128,5528,9_2,4_11_10_143,5531,10_2,3
4_13_10_114,2923,10_8,4_13_9_29,2924,9_2,1
4_13_10_163,3933,10_5,4_13_9_51,3942,9_1,9
4_13_10_184,4299,10_5,4_13_9_57,4307,9_1,8
4_13_10_199,4979,10_5,4_13_9_65,4986,9_2,7
4_13_10_225,5874,10_5,4_13_11_33,5877,11_8,3
4_13_11_4,2370,11_7,4_13_10_94,2375,10_4,5
4_13_12_111,5376,12_2,4_13_13_256,5388,13_4,12
4_13_12_116,5503,12_2,4_13_3_183,5546,3_0,43
4_13_14_30,3234,14_8,4_13_12_58,3235,12_1,1
4_13_2_34,459,2_8,4_13_4_49,461,4_4,2
4_13_2_47,1179,2_8,4_13_4_72,1180,4_4,1
4_13_3_28,1504,3_5,4_13_2_66,1528,2_1,24
4_13_3_62,1804,3_5,4_13_4_122,1810,4_7,6
4_13_3_65,1937,3_5,4_13_2_82,1943,2_2,6
4_13_3_80,2973,3_5,4_13_2_141,2979,2_2,6
4_13_3_170,5547,3_5,4_13_2_240,5551,2_2,4
4_13_3_178,5562,3_5,4_13_2_251,5577,2_4,15
4_13_4_128,2105,4_8,4_13_2_87,2107,2_1,2
4_13_4_165,2751,4_8,4_13_2_125,2753,2_1,2
4_13_4_208,3503,4_5,4_13_3_109,3510,3_8,7
4_13_4_212,3507,4_8,4_13_3_111,3515,3_5,8
4_13_4_250,3960,4_5,4_13_2_210,3961,2_1,1
4_13_6_65,2159,6_5,4_13_7_94,2164,7_7,5
4_13_6_159,4865,6_0,4_13_5_148,4887,5_1,22
4_13_7_110,2749,7_5,4_13_6_89,2791,6_0,42
4_13_7_168,3737,7_8,4_13_6_120,3745,6_4,8
4_13_7_210,4286,7_8,4_13_6_144,4295,6_4,9
4_15_10_55,2318,10_0,4_15_7_52,2329,7_5,11
4_15_10_57,2325,10_0,4_15_5_49,2340,5_1,15
4_15_10_95,3462,10_5,4_15_9_48,3469,9_2,7
4_15_11_7,2064,11_7,4_15_10_51,2068,10_5,4
4_15_11_12,2550,11_5,4_15_9_34,2551,9_4,1
4_15_12_101,4712,12_2,4_15_13_79,4718,13_5,6
4_15_12_109,5364,12_2,4_15_13_88,5366,13_5,2
4_15_13_22,1741,13_5,4_15_12_38,1750,12_4,9
4_15_14_7,204,14_8,4_15_13_5,213,13_4,9
4_15_14_50,2104,14_4,4_15_13_35,2109,13_5,5
4_15_14_62,2835,14_5,4_15_12_69,2837,12_1,2
4_15_14_81,3771,14_8,4_15_3_81,3778,3_0,7
4_15_14_95,4716,14_8,4_15_13_79,4718,13_5,2
4_15_14_108,5362,14_8,4_15_13_88,5366,13_5,4
4_15_5_20,1057,5_2,4_15_6_33,1072,6_4,15
4_15_5_24,1559,5_7,4_15_6_42,1570,6_1,11
4_15_5_92,5722,5_5,4_15_7_116,5725,7_7,3
4_15_6_63,2356,6_8,4_15_7_64,2358,7_7,2
4_15_7_24,1031,7_8,4_15_6_28,1044,6_4,13
4_15_7_25,1058,7_8,4_15_6_33,1072,6_4,14
4_15_7_35,1557,7_7,4_15_6_42,1570,6_1,13
4_15_9_58,5203,9_2,4_15_10_120,5217,10_5,14
4_17_10_38,1589,10_0,4_17_6_31,1634,6_0,45
4_17_12_5,655,12_2,4_17_13_6,661,13_8,6
4_17_13_9,781,13_8,4_17_12_8,784,12_2,3
4_17_13_78,2822,13_5,4_17_12_59,2824,12_2,2
4_17_13_98,3306,13_0,4_17_3_107,3319,3_3,13
4_17_13_175,5048,13_3,4_17_2_126,5081,2_2,33
4_17_14_38,2521,14_7,4_17_13_74,2534,13_1,13
4_17_14_57,3072,14_8,4_17_13_85,3083,13_1,11
4_17_14_96,5771,14_8,4_17_13_195,5790,13_1,19
4_17_2_27,1610,2_0,4_17_7_35,1611,7_6,1
4_17_2_32,1755,2_5,4_17_4_37,1759,4_7,4
4_17_2_45,2151,2_5,4_17_4_52,2154,4_4,3
4_17_3_19,760,3_5,4_17_4_9,766,4_8,6
4_17_3_67,2122,3_5,4_17_2_55,2155,2_1,33
4_17_3_68,2174,3_5,4_17_4_53,2179,4_7,5
4_17_3_73,2598,3_5,4_17_4_65,2603,4_8,5
4_17_3_78,2604,3_8,4_17_2_70,2605,2_2,1
4_17_3_93,3299,3_5,4_17_4_85,3303,4_8,4
4_17_3_155,5078,3_8,4_17_2_126,5081,2_2,3
4_17_4_17,1433,4_8,4_17_2_16,1448,2_2,15
4_17_4_119,4996,4_8,4_17_3_158,5020,3_1,24
4_17_4_125,5004,4_8,4_17_3_155,5005,3_8,1
4_17_4_128,5255,4_8,4_17_2_128,5258,2_1,3
4_17_6_49,3953,6_5,4_17_7_146,3957,7_8,4
4_17_7_28,1529,7_8,4_17_6_26,1539,6_4,10
4_17_7_79,2365,7_7,4_17_6_36,2366,6_5,1
4_17_7_152,4515,7_8,4_17_6_66,4523,6_1,8
4_17_7_162,4618,7_8,4_17_6_70,4628,6_4,10
4_17_7_166,4631,7_8,4_17_10_128,4634,10_0,3
4_17_7_182,5262,7_8,4_17_6_85,5269,6_4,7
4_17_7_191,5282,7_8,4_17_6_91,5292,6_4,10
4_17_9_34,1749,9_2,4_17_10_48,1764,10_1,15
4_17_9_66,4086,9_5,4_17_10_96,4108,10_1,22
4_19_4_25,2287,4_5,4_19_2_32,2293,2_1,6
4_19_5_2,146,5_2,4_19_6_4,156,6_4,10
4_19_5_58,4996,5_5,4_19_6_72,5003,6_5,7
4_19_6_5,579,6_5,4_19_5_4,582,5_2,3
4_19_6_31,1791,6_8,4_19_5_20,1793,5_1,2
4_19_6_73,5229,6_5,4_19_5_64,5235,5_1,6
4_19_7_1,146,7_8,4_19_6_4,156,6_4,10
4_19_7_14,2466,7_8,4_19_6_39,2472,6_4,6
4_19_7_56,5002,7_8,4_19_6_72,5003,6_5,1
4_9_10_58,4914,10_5,4_9_9_54,4919,9_1,5
4_9_12_33,3068,12_2,4_9_13_30,3075,13_5,7
4_9_13_62,4301,13_5,4_9_12_49,4304,12_1,3
4_9_13_102,5383,13_5,4_9_14_62,5385,14_8,2
4_9_14_33,3895,14_8,4_9_13_39,3898,13_8,3
4_9_14_34,3896,14_8,4_9_13_43,3909,13_4,13
4_9_2_1,404,2_1,4_9_3_6,406,3_8,2
4_9_2_4,1184,2_8,4_9_4_23,1193,4_5,9
4_9_2_21,2827,2_2,4_9_3_29,2828,3_8,1
4_9_2_47,4213,2_2,4_9_3_73,4214,3_8,1
4_9_2_53,4321,2_2,4_9_3_85,4349,3_4,28
4_9_2_63,4401,2_5,4_9_3_98,4414,3_1,13
4_9_2_64,4405,2_2,4_9_3_97,4411,3_4,6
4_9_3_116,4944,3_5,4_9_2_74,4948,2_2,4
4_9_4_30,1633,4_5,4_9_2_13,1640,2_4,7
4_9_4_72,4091,4_5,4_9_2_46,4097,2_1,6
4_9_4_137,5712,4_5,4_9_2_87,5717,2_4,5
4_9_5_59,4853,5_2,4_9_6_45,4855,6_5,2
4_9_6_34,3770,6_8,4_9_5_30,3771,5_1,1
4_9_7_26,2484,7_8,4_9_6_28,2489,6_5,5
4_9_7_67,4842,7_4,4_9_6_45,4855,6_5,13
4_9_9_73,5921,9_2,4_9_10_74,5926,10_5,5
5_11_10_81,4450,10_5,5_11_9_53,4456,9_2,6
5_11_4_24,862,4_8,5_11_3_21,878,3_4,16
5_11_4_42,1375,4_8,5_11_3_42,1392,3_4,17
5_11_4_52,1880,4_8,5_11_2_30,1884,2_1,4
5_11_4_82,3297,4_5,5_11_2_53,3303,2_1,6
5_11_4_97,3987,4_5,5_11_2_65,3991,2_1,4
5_11_5_4,771,5_1,5_11_6_9,772,6_8,1
5_11_7_121,5223,7_8,5_11_6_114,5231,6_4,8
5_11_9_56,4814,9_1,5_11_10_100,4817,10_5,3
5_11_9_62,4989,9_2,5_11_10_108,4994,10_5,5
5_13_10_57,1748,10_5,5_13_9_43,1751,9_1,3
5_13_10_124,4112,10_4,5_13_9_121,4117,9_1,5
5_13_10_137,4153,10_5,5_13_11_64,4156,11_7,3
5_13_10_224,5174,10_8,5_13_11_75,5175,11_7,1
5_13_12_80,3314,12_2,5_13_13_96,3316,13_5,2
5_13_12_139,4990,12_5,5_13_13_136,5003,13_1,13
5_13_14_107,4997,14_8,5_13_13_136,5003,13_1,6
5_13_2_85,3761,2_5,5_13_4_140,3767,4_7,6
5_13_2_95,4692,2_5,5_13_4_179,4698,4_7,6
5_13_3_57,1636,3_5,5_13_2_51,1658,2_2,22
5_13_3_73,2379,3_5,5_13_4_115,2386,4_8,7
5_13_4_7,274,4_8,5_13_3_23,277,3_8,3
5_13_4_12,130,4_8,5_13_3_9,134,3_8,4
5_13_4_49,1311,4_8,5_13_12_17,1316,12_8,5
5_13_4_86,1802,4_5,5_13_2_54,1803,2_1,1
5_13_5_89,4104,5_2,5_13_9_120,4111,9_2,7
5_13_5_96,4288,5_2,5_13_6_152,4293,6_5,5
5_13_6_172,5047,6_5,5_13_5_132,5048,5_1,1
5_13_7_38,1547,7_7,5_13_6_43,1559,6_1,12
5_13_7_90,4051,7_7,5_13_10_140,4084,10_0,33
5_13_7_108,4283,7_5,5_13_6_152,4293,6_5,10
5_13_9_4,484,9_1,5_13_10_16,500,10_1,16
5_13_9_36,1599,9_1,5_13_10_50,1601,10_8,2
5_13_9_92,3730,9_2,5_13_10_114,3733,10_5,3
5_15_1_58,4944,1_2,5_15_11_19,4975,11_6,31
5_15_10_145,5547,10_2,5_15_11_30,5550,11_7,3
5_15_11_9,2151,11_5,5_15_9_30,2154,9_4,3
5_15_11_19,4999,11_5,5_15_9_66,5002,9_1,3
5_15_12_38,1195,12_1,5_15_13_38,1213,13_4,18
5_15_2_24,1333,2_2,5_15_3_37,1336,3_8,3
5_15_2_45,3004,2_2,5_15_3_77,3048,3_4,44
5_15_4_15,1039,4_5,5_15_2_22,1044,2_1,5
5_15_4_18,1264,4_8,5_15_2_26,1271,2_1,7
5_15_4_30,2075,4_5,5_15_2_38,2079,2_1,4
5_15_4_70,4913,4_5,5_15_2_56,4918,2_1,5
5_15_4_76,5455,4_8,5_15_2_59,5459,2_1,4
5_15_4_80,5864,4_8,5_15_2_72,5871,2_1,7
5_15_6_3,183,6_8,5_15_7_5,187,7_8,4
5_15_6_4,187,6_5,5_15_7_9,193,7_7,6
5_15_6_60,1990,6_5,5_15_7_51,1995,7_8,5
5_15_7_22,1197,7_8,5_15_6_44,1201,6_5,4
5_15_7_59,2262,7_7,5_15_6_87,2269,6_4,7
5_15_9_15,1929,9_2,5_15_10_63,1930,10_5,1
5_17_11_47,4816,11_7,5_17_10_132,4828,10_1,12
5_17_11_48,4819,11_8,5_17_10_131,4821,10_5,2
5_17_11_54,5840,11_7,5_17_10_144,5853,10_4,13
5_17_12_159,5627,12_2,5_17_13_142,5628,13_8,1
5_17_13_110,4395,13_8,5_17_12_132,4397,12_2,2
5_17_14_4,396,14_5,5_17_12_10,397,12_1,1
5_17_14_26,1950,14_8,5_17_13_40,1951,13_8,1
5_17_3_33,1615,3_3,5_17_12_51,1662,12_5,47
5_17_3_125,4304,3_5,5_17_2_64,4308,2_2,4
5_17_4_40,2444,4_5,5_17_2_41,2449,2_1,5
5_17_4_70,5229,4_8,5_17_7_120,5234,7_1,5
5_17_4_72,5466,4_8,5_17_2_67,5468,2_1,2
5_17_5_52,2855,5_2,5_17_6_50,2860,6_8,5
5_17_5_58,3578,5_2,5_17_6_71,3581,6_8,3
5_17_5_61,3908,5_2,5_17_6_79,3918,6_4,10
5_17_5_69,5291,5_2,5_17_6_87,5294,6_8,3
5_17_7_62,2229,7_5,5_17_5_45,2231,5_1,2
5_17_7_105,3571,7_4,5_17_6_71,3581,6_8,10
5_19_10_7,4126,10_5,5_19_11_2,4146,11_3,20
5_19_11_2,4186,11_7,5_19_10_10,4189,10_2,3
5_19_12_6,1548,12_1,5_19_13_9,1550,13_8,2
5_19_2_12,2970,2_8,5_19_4_43,2974,4_4,4
5_19_2_19,3287,2_2,5_19_4_49,3293,4_7,6
5_19_3_12,1606,3_5,5_19_2_5,1632,2_1,26
5_19_3_19,3973,3_8,5_19_4_66,3979,4_8,6
5_19_4_60,3747,4_5,5_19_2_31,3749,2_4,2
5_19_6_1,2352,6_8,5_19_5_3,2354,5_1,2
5_19_7_57,5424,7_7,5_19_10_13,5428,10_0,4
5_9_10_34,2710,10_5,5_9_9_21,2711,9_2,1
5_9_10_71,4022,10_8,5_9_9_29,4024,9_1,2
5_9_10_73,4009,10_1,5_9_9_27,4022,9_1,13
5_9_13_1,696,13_5,5_9_14_25,702,14_7,6
5_9_13_3,315,13_8,5_9_14_14,326,14_5,11
5_9_14_3,194,14_8,5_9_13_1,197,13_5,3
5_9_14_55,4279,14_8,5_9_12_63,4282,12_1,3
5_9_2_57,5206,2_2,5_9_3_76,5218,3_4,12
5_9_3_52,3848,3_5,5_9_4_75,3852,4_8,4
5_9_4_16,807,4_8,5_9_3_29,821,3_4,14
5_9_4_36,1978,4_8,5_9_3_39,1987,3_4,9
5_9_4_57,2175,4_8,5_9_2_36,2177,2_1,2
5_9_4_96,5932,4_8,5_9_3_86,5935,3_5,3
5_9_5_17,2644,5_4,5_9_6_16,2654,6_8,10
5_9_5_138,5179,5_4,5_9_7_114,5191,7_7,12
5_9_6_18,2827,6_8,5_9_5_32,2828,5_2,1
5_9_7_56,2650,7_8,5_9_6_16,2654,6_8,4
5_9_7_68,3093,7_8,5_9_6_28,3102,6_5,9
6_11_1_6,512,1_6,6_11_3_8,559,3_0,47
6_11_10_59,3620,10_5,6_11_13_78,3621,13_1,1
6_11_12_3,567,12_2,6_11_13_11,571,13_8,4
6_11_12_62,5045,12_2,6_11_13_94,5049,13_5,4
6_11_12_75,5863,12_2,6_11_13_107,5867,13_5,4
6_11_14_11,1330,14_8,6_11_12_23,1333,12_1,3
6_11_2_96,5813,2_5,6_11_4_101,5816,4_7,3
6_11_3_59,2959,3_5,6_11_4_54,2975,4_7,16
6_11_4_35,1921,4_8,6_11_5_15,1935,5_7,14
6_11_4_41,2197,4_5,6_11_2_34,2198,2_4,1
6_11_5_56,4272,5_8,6_11_10_76,4315,10_0,43
6_13_1_5,1670,1_2,6_13_12_22,1697,12_8,27
6_13_1_13,2155,1_6,6_13_3_29,2180,3_0,25
6_13_1_28,3193,1_3,6_13_6_93,3198,6_0,5
6_13_1_31,3202,1_5,6_13_10_69,3205,10_4,3
6_13_10_5,22,10_4,6_13_9_5,29,9_1,7
6_13_10_38,1431,10_5,6_13_9_42,1434,9_1,3
6_13_10_118,4122,10_5,6_13_3_70,4146,3_4,24
6_13_3_63,3825,3_0,6_13_10_107,3850,10_4,25
6_13_5_38,2661,5_2,6_13_6_82,2674,6_4,13
6_13_6_48,1437,6_0,6_13_10_43,1443,10_0,6
6_13_6_103,3398,6_0,6_13_1_35,3439,1_6,41
6_13_6_104,3434,6_3,6_13_15_39,3443,15_7,9
7_11_10_63,2648,10_5,7_11_3_55,2664,3_1,16
7_11_10_87,3847,10_0,7_11_3_92,3869,3_0,22
7_11_12_66,3194,12_5,7_11_13_98,3197,13_5,3
7_11_13_93,3132,13_5,7_11_14_64,3141,14_8,9
7_11_3_131,5118,3_5,7_11_2_73,5122,2_2,4
7_11_5_65,3880,5_2,7_11_6_118,3886,6_5,6
7_11_5_66,4616,5_5,7_11_6_139,4626,6_5,10
7_11_9_40,2099,9_2,7_11_10_46,2109,10_5,10
7_13_10_67,3218,10_8,7_13_15_44,3265,15_7,47
7_13_15_27,1602,15_6,7_13_12_31,1609,12_1,7
7_13_5_10,866,5_5,7_13_7_26,867,7_7,1
7_13_5_94,5086,5_7,7_13_7_130,5116,7_4,30
7_13_6_65,2477,6_0,7_13_1_37,2526,1_6,49
7_13_6_73,3063,6_0,7_13_12_56,3112,12_2,49
7_13_6_78,3241,6_0,7_13_1_48,3263,1_6,22
7_13_6_97,3842,6_5,7_13_15_57,3878,15_2,36
7_13_6_163,5458,6_0,7_13_3_92,5496,3_0,38
7_13_9_5,310,9_5,7_13_11_9,312,11_7,2
8_11_11_3,773,11_5,8_11_9_11,778,9_1,5
8_11_11_4,1862,11_8,8_11_10_31,1867,10_8,5
8_11_11_9,2807,11_7,8_11_10_43,2811,10_5,4
8_11_14_17,939,14_8,8_11_3_33,940,3_0,1
8_11_2_27,2066,2_2,8_11_4_64,2067,4_7,1
8_11_2_50,2281,2_2,8_11_3_79,2290,3_4,9
8_11_2_68,4251,2_5,8_11_4_108,4254,4_7,3
8_11_3_1,54,3_8,8_11_4_3,61,4_8,7
8_11_3_143,5174,3_5,8_11_4_131,5175,4_8,1
8_11_3_148,5481,3_5,8_11_4_134,5484,4_8,3
8_11_4_25,909,4_2,8_11_2_10,911,2_4,2
8_11_4_53,1940,4_5,8_11_2_38,1942,2_1,2
8_11_4_76,2628,4_5,8_11_2_60,2632,2_1,4
8_11_7_75,4966,7_5,8_11_5_52,4971,5_1,5
8_11_7_76,4943,7_5,8_11_10_77,4971,10_0,28
8_11_9_73,5350,9_2,8_11_10_97,5364,10_4,14
9_11_12_22,1222,12_5,9_11_13_29,1231,13_5,9
9_11_12_33,1730,12_2,9_11_13_34,1739,13_5,9
9_11_12_42,2600,12_5,9_11_13_51,2620,13_1,20
9_11_12_106,5244,12_2,9_11_13_131,5255,13_1,11
9_11_13_3,222,13_5,9_11_14_6,231,14_5,9
9_11_13_35,2088,13_8,9_11_12_39,2090,12_2,2
9_11_14_10,1223,14_5,9_11_13_29,1231,13_5,8
9_11_14_23,2606,14_7,9_11_13_51,2620,13_1,14
9_11_14_50,4207,14_5,9_11_12_99,4211,12_1,4
9_11_14_61,4924,14_8,9_11_13_122,4937,13_4,13
9_11_14_62,5289,14_8,9_11_13_133,5302,13_1,13
9_11_14_63,5467,14_8,9_11_13_145,5482,13_1,15
9_11_2_5,1016,2_5,9_11_4_24,1018,4_7,2
9_11_2_27,2419,2_2,9_11_3_25,2423,3_8,4
9_11_2_45,2948,2_2,9_11_4_68,2950,4_7,2
9_11_2_74,4685,2_2,9_11_4_131,4686,4_7,1
9_11_4_50,2416,4_8,9_11_3_25,2423,3_8,7
9_11_4_73,3158,4_8,9_11_3_65,3173,3_4,15
9_11_4_116,4591,4_5,9_11_2_90,4593,2_1,2
9_11_5_79,4483,5_2,9_11_6_72,4498,6_4,15
9_11_6_3,589,6_8,9_11_5_4,591,5_2,2
9_11_6_26,2629,6_5,9_11_5_27,2630,5_2,1
9_11_7_33,2258,7_8,9_11_6_20,2264,6_5,6
9_11_7_76,3653,7_5,9_11_5_56,3654,5_1,1
9_11_7_96,4479,7_8,9_11_6_72,4498,6_4,19
9_11_7_101,4841,7_8,9_11_6_78,4855,6_4,14
9_13_1_49,1048,1_5,9_13_14_10,1082,14_8,34
9_13_10_33,1291,10_5,9_13_9_18,1294,9_2,3
9_13_10_43,1427,10_8,9_13_9_29,1429,9_1,2
9_13_10_64,1417,10_2,9_13_9_31,1439,9_4,22
9_13_12_47,1475,12_2,9_13_13_34,1487,13_1,12
9_13_12_166,4023,12_1,9_13_13_107,4025,13_5,2
9_13_13_211,5753,13_8,9_13_14_124,5759,14_5,6
9_13_14_12,1533,14_5,9_13_12_73,1539,12_1,6
9_13_14_14,1474,14_8,9_13_13_34,1487,13_1,13
9_13_14_21,1519,14_8,9_13_3_64,1520,3_0,1
9_13_14_32,1715,14_8,9_13_12_89,1719,12_1,4
9_13_14_81,3803,14_8,9_13_13_92,3808,13_5,5
9_13_2_27,633,2_2,9_13_4_52,660,4_7,27
9_13_2_90,3863,2_5,9_13_4_126,3864,4_7,1
9_13_2_129,4402,2_2,9_13_3_179,4412,3_4,10
9_13_2_236,5958,2_2,9_13_4_247,5963,4_7,5
9_13_3_14,670,3_5,9_13_2_33,676,2_1,6
9_13_3_32,1190,3_5,9_13_4_68,1192,4_8,2
9_13_3_151,4004,3_5,9_13_4_135,4028,4_7,24
9_13_3_173,4414,3_5,9_13_2_138,4461,2_1,47
9_13_3_201,4831,3_5,9_13_4_170,4861,4_8,30
9_13_3_204,4918,3_5,9_13_2_167,4931,2_4,13
9_13_4_2,378,4_8,9_13_3_10,380,3_8,2
9_13_4_23,372,4_8,9_13_3_11,382,3_1,10
9_13_4_27,430,4_2,9_13_2_17,431,2_4,1
9_13_4_80,1543,4_5,9_13_2_49,1544,2_4,1
9_13_4_101,3029,4_5,9_13_2_62,3033,2_1,4
9_13_4_142,4218,4_5,9_13_2_119,4223,2_4,5
9_13_4_187,5251,4_5,9_13_2_189,5254,2_1,3
9_13_6_12,415,6_5,9_13_5_5,418,5_2,3
9_15_10_11,602,10_5,9_15_9_6,605,9_2,3
9_15_10_12,624,10_5,9_15_9_8,625,9_2,1
9_15_12_19,1429,12_2,9_15_13_26,1431,13_5,2
9_15_12_51,3497,12_2,9_15_13_64,3507,13_4,10
9_15_14_20,1427,14_8,9_15_13_26,1431,13_5,4
9_15_14_33,2250,14_7,9_15_13_45,2263,13_1,13
9_15_14_43,2824,14_7,9_15_13_59,2835,13_1,11
9_15_14_46,3493,14_8,9_15_13_64,3507,13_4,14
9_15_14_50,3983,14_8,9_15_13_70,4002,13_1,19
9_15_2_15,1653,2_2,9_15_4_47,1698,4_7,45
9_15_3_1,116,3_5,9_15_2_5,122,2_2,6
9_15_4_62,2347,4_5,9_15_2_28,2354,2_1,7
9_15_4_116,4336,4_5,9_15_2_37,4342,2_1,6
9_15_4_124,4891,4_5,9_15_2_45,4897,2_4,6
9_15_4_129,4894,4_5,9_15_2_45,4897,2_4,3
9_15_6_11,1095,6_5,9_15_7_28,1104,7_4,9
9_15_6_27,2035,6_5,9_15_7_44,2037,7_7,2
9_15_6_28,2040,6_5,9_15_7_48,2043,7_8,3
9_15_9_37,2093,9_2,9_15_10_56,2097,10_5,4
9_15_9_63,3507,9_2,9_15_10_90,3516,10_1,9
9_15_9_74,4607,9_2,9_15_10_109,4617,10_5,10
9_17_13_108,3442,13_8,9_17_12_66,3443,12_1,1
9_17_13_155,4929,13_5,9_17_12_94,4936,12_2,7
9_17_4_42,2196,4_8,9_17_2_46,2201,2_1,5
9_17_4_46,2737,4_8,9_17_3_57,2751,3_4,14
9_17_5_60,5909,5_2,9_17_6_54,5915,6_8,6
9_17_6_21,3129,6_8,9_17_7_63,3130,7_8,1
9_17_7_48,2161,7_8,9_17_6_17,2167,6_4,6
9_17_7_105,5013,7_7,9_17_6_42,5024,6_4,11
9_17_7_136,5912,7_8,9_17_6_54,5915,6_8,3
9_19_10_9,820,10_8,9_19_1_15,831,1_6,11
9_19_13_50,1269,13_0,9_19_2_50,1315,2_2,46
9_19_2_2,106,2_2,9_19_4_7,109,4_7,3
9_19_4_20,797,4_5,9_19_2_24,799,2_1,2
9_19_5_10,746,5_1,9_19_6_8,748,6_8,2
9_19_5_45,3472,5_1,9_19_10_43,3477,10_0,5
9_19_6_14,2992,6_5,9_19_7_60,2994,7_7,2
9_9_10_21,2034,10_5,9_9_9_30,2035,9_2,1
9_9_10_24,1785,10_1,9_9_6_19,1820,6_3,35
9_9_12_25,1809,12_2,9_9_13_48,1815,13_4,6
9_9_12_27,1943,12_5,9_9_13_57,1947,13_8,4
9_9_13_20,1259,13_5,9_9_12_15,1274,12_5,15
9_9_14_1,73,14_8,9_9_12_3,76,12_2,3
9_9_14_15,1943,14_8,9_9_13_57,1947,13_8,4
9_9_14_69,5146,14_2,9_9_12_99,5159,12_4,13
9_9_2_6,443,2_5,9_9_4_12,446,4_7,3
9_9_2_43,2189,2_2,9_9_3_54,2196,3_5,7
9_9_2_45,2100,2_2,9_9_4_62,2109,4_7,9
9_9_2_70,4036,2_2,9_9_3_86,4044,3_5,8
9_9_2_139,5668,2_5,9_9_4_173,5670,4_7,2
9_9_3_124,5375,3_5,9_9_2_136,5404,2_1,29
9_9_4_27,1410,4_8,9_9_3_24,1422,3_4,12
9_9_4_39,1542,4_8,9_9_2_36,1545,2_1,3
9_9_4_62,2182,4_8,9_9_3_53,2185,3_8,3
9_9_4_135,4813,4_2,9_9_2_109,4820,2_4,7
9_9_5_17,934,5_2,9_9_6_9,935,6_8,1
9_9_5_34,3802,5_2,9_9_6_36,3803,6_8,1
9_9_5_46,4791,5_5,9_9_6_60,4799,6_5,8
9_9_5_69,5603,5_2,9_9_6_89,5604,6_8,1
9_9_6_3,439,6_5,9_9_5_10,444,5_2,5
9_9_6_4,523,6_8,9_9_5_15,524,5_1,1
9_9_6_13,1650,6_5,9_9_5_23,1654,5_2,4
9_9_6_30,3288,6_8,9_9_5_28,3290,5_2,2
9_9_7_87,4794,7_7,9_9_6_60,4799,6_5,5
10_11_12_52,3496,12_2,10_11_15_34,3518,15_3,22
10_11_13_24,530,13_0,10_11_2_5,535,2_1,5
10_11_13_30,1740,13_8,10_11_12_19,1745,12_1,5
10_11_13_122,5284,13_8,10_11_12_99,5294,12_2,10
10_11_14_1,59,14_5,10_11_12_6,64,12_1,5
10_11_14_12,1157,14_5,10_11_12_16,1160,12_1,3
10_11_14_27,3488,14_8,10_11_15_34,3518,15_3,30
10_11_2_37,2205,2_5,10_11_4_66,2212,4_7,7
10_11_2_65,2946,2_2,10_11_3_71,2961,3_4,15
10_11_2_73,3221,2_5,10_11_4_104,3222,4_5,1
10_11_2_76,3220,2_2,10_11_4_105,3226,4_7,6
10_11_4_169,4984,4_5,10_11_2_90,4985,2_1,1
10_11_6_51,2966,6_3,10_11_10_76,3011,10_1,45
10_11_7_75,3075,7_8,10_11_6_57,3084,6_4,9
10_11_9_10,1064,9_2,10_11_10_25,1067,10_5,3
10_11_9_12,1060,9_2,10_11_10_20,1061,10_5,1
10_13_10_10,306,10_5,10_13_9_7,308,9_2,2
10_13_11_5,2436,11_7,10_13_10_69,2439,10_5,3
10_13_12_35,2070,12_1,10_13_13_83,2075,13_5,5
10_13_12_56,2231,12_5,10_13_13_97,2238,13_8,7
10_13_12_79,3697,12_2,10_13_13_147,3708,13_4,11
10_13_13_101,2280,13_5,10_13_14_30,2285,14_8,5
10_13_14_3,387,14_8,10_13_13_9,397,13_1,10
10_13_14_26,2235,14_8,10_13_13_97,2238,13_8,3
10_13_14_30,2308,14_1,10_13_5_72,2350,5_8,42
10_13_14_33,2528,14_5,10_13_12_68,2529,12_2,1
10_13_14_48,3697,14_8,10_13_13_147,3708,13_4,11
10_13_14_99,5545,14_8,10_13_13_210,5549,13_5,4
10_13_2_2,344,2_2,10_13_4_12,346,4_7,2
10_13_2_35,893,2_5,10_13_4_29,894,4_7,1
10_13_2_59,1882,2_5,10_13_4_57,1884,4_4,2
10_13_4_42,1360,4_5,10_13_2_44,1364,2_1,4
10_13_4_58,1982,4_8,10_13_2_75,1986,2_1,4
10_13_4_69,2142,4_5,10_13_2_80,2145,2_1,3
10_13_4_95,2347,4_5,10_13_2_86,2349,2_1,2
10_13_6_18,475,6_5,10_13_7_22,479,7_4,4
10_13_7_133,3411,7_7,10_13_6_93,3417,6_5,6
10_13_7_135,3419,7_5,10_13_5_108,3421,5_1,2
10_13_7_252,5359,7_5,10_13_5_190,5364,5_1,5
10_13_9_8,420,9_1,10_13_10_24,427,10_5,7
10_13_9_111,4210,9_2,10_13_10_159,4214,10_5,4
10_15_10_4,179,10_5,10_15_9_15,183,9_1,4
10_15_10_36,2338,10_5,10_15_9_45,2340,9_2,2
10_15_11_12,3967,11_7,10_15_9_72,3989,9_1,22
10_15_2_9,1815,2_5,10_15_4_46,1817,4_7,2
10_15_2_14,2353,2_5,10_15_4_67,2356,4_7,3
10_15_2_40,5602,2_2,10_15_4_153,5605,4_7,3
10_15_2_43,5663,2_5,10_15_4_157,5665,4_7,2
10_15_4_111,4438,4_5,10_15_2_22,4441,2_1,3
10_15_4_118,4651,4_5,10_15_2_24,4652,2_1,1
10_15_4_150,5753,4_2,10_15_2_53,5756,2_4,3
10_15_7_4,95,7_7,10_15_6_3,97,6_8,2
10_15_7_29,2286,7_7,10_15_6_44,2298,6_4,12
10_17_10_23,829,10_5,10_17_9_11,833,9_1,4
10_17_14_27,2442,14_5,10_17_12_38,2448,12_1,6
10_17_2_1,71,2_2,10_17_3_4,78,3_8,7
10_17_2_32,2683,2_5,10_17_4_60,2691,4_7,8
10_17_2_40,3487,2_5,10_17_4_79,3493,4_7,6
10_17_4_5,389,4_5,10_17_2_7,390,2_1,1
10_17_4_37,1721,4_2,10_17_2_28,1742,2_2,21
10_17_4_123,5648,4_8,10_17_3_68,5664,3_4,16
10_17_4_136,5646,4_5,10_17_2_47,5649,2_1,3
10_17_4_148,5749,4_8,10_17_3_79,5764,3_4,15
10_17_5_9,319,5_1,10_17_6_5,320,6_8,1
10_17_6_48,2834,6_5,10_17_7_62,2836,7_8,2
10_17_7_4,360,7_8,10_17_6_7,362,6_8,2
10_17_7_37,1954,7_5,10_17_5_44,1983,5_8,29
10_17_7_47,2096,7_8,10_17_6_42,2098,6_8,2
10_17_7_63,2906,7_7,10_17_9_47,2952,9_1,46
10_17_9_19,1125,9_2,10_17_10_39,1130,10_5,5
10_19_11_19,3112,11_7,10_19_10_48,3129,10_1,17
10_19_6_17,2724,6_8,10_19_5_50,2727,5_2,3
10_9_10_5,419,10_8,10_9_9_1,421,9_2,2
10_9_10_44,4058,10_5,10_9_9_45,4063,9_2,5
10_9_11_19,4822,11_7,10_9_10_59,4830,10_2,8
10_9_12_9,1344,12_8,10_9_13_15,1361,13_1,17
10_9_12_11,1606,12_2,10_9_13_16,1609,13_8,3
10_9_12_12,2396,12_2,10_9_13_23,2400,13_5,4
10_9_13_9,715,13_8,10_9_14_5,720,14_8,5
10_9_13_34,5152,13_1,10_9_3_80,5175,3_3,23
10_9_14_2,651,14_8,10_9_13_9,654,13_5,3
10_9_14_7,1351,14_7,10_9_13_15,1361,13_1,10
10_9_14_13,2397,14_8,10_9_13_23,2400,13_5,3
10_9_14_18,2854,14_5,10_9_12_25,2857,12_1,3
10_9_2_22,3803,2_1,10_9_3_46,3806,3_8,3
10_9_2_25,4964,2_2,10_9_3_67,4968,3_8,4
10_9_3_4,608,3_5,10_9_4_14,610,4_8,2
10_9_4_39,2388,4_5,10_9_2_15,2392,2_1,4
10_9_4_62,3348,4_5,10_9_2_20,3354,2_1,6
10_9_5_86,5826,5_1,10_9_6_61,5832,6_5,6
10_9_7_3,264,7_5,10_9_5_8,266,5_1,2
10_9_7_7,322,7_8,10_9_6_8,331,6_4,9
10_9_7_28,2517,7_8,10_9_6_20,2522,6_5,5
10_9_7_46,3996,7_8,10_9_6_38,4012,6_1,16
10_9_7_68,5822,7_8,10_9_6_61,5832,6_5,10
10_9_9_50,4364,9_8,10_9_11_17,4366,11_4,2
11_11_11_8,2900,11_7,11_11_10_43,2901,10_5,1
11_11_12_89,4043,12_1,11_11_2_100,4092,2_1,49
11_11_12_140,5779,12_1,11_11_13_132,5805,13_1,26
11_11_14_1,109,14_8,11_11_13_5,116,13_1,7
11_11_2_55,2504,2_5,11_11_4_60,2508,4_4,4
11_11_2_73,3192,2_5,11_11_4_75,3195,4_7,3
11_11_2_82,3501,2_5,11_11_4_82,3508,4_7,7
11_11_2_84,3505,2_5,11_11_4_83,3510,4_4,5
11_11_4_1,27,4_8,11_11_3_2,35,3_5,8
11_11_4_7,379,4_5,11_11_2_9,380,2_1,1
11_11_4_8,461,4_8,11_11_2_13,465,2_1,4
11_11_4_101,4198,4_5,11_11_2_104,4199,2_1,1
11_11_4_104,4641,4_5,11_11_2_114,4646,2_1,5
11_11_4_109,4814,4_8,11_11_2_122,4816,2_4,2
11_11_4_115,4997,4_5,11_11_2_132,5001,2_1,4
11_11_6_2,272,6_5,11_11_7_1,274,7_8,2
11_11_6_6,418,6_8,11_11_7_6,421,7_8,3
11_11_6_8,611,6_5,11_11_7_13,614,7_7,3
11_11_6_12,1791,6_8,11_11_7_25,1795,7_8,4
11_13_10_3,258,10_5,11_13_9_3,268,9_1,10
11_13_10_57,2089,10_5,11_13_9_8,2091,9_1,2
11_13_12_64,4220,12_1,11_13_13_130,4222,13_5,2
11_13_12_81,4871,12_4,11_13_13_142,4881,13_4,10
11_13_13_58,2540,13_0,11_13_3_57,2542,3_0,2
11_13_14_60,4868,14_5,11_13_13_142,4881,13_4,13
11_13_2_99,3137,2_5,11_13_4_182,3139,4_7,2
11_13_2_111,3346,2_5,11_13_4_204,3348,4_7,2
11_13_2_119,3359,2_5,11_13_4_207,3360,4_7,1
11_13_2_123,3853,2_8,11_13_4_244,3854,4_4,1
11_13_2_143,4275,2_5,11_13_4_290,4277,4_7,2
11_13_2_144,4273,2_5,11_13_4_291,4278,4_7,5
11_13_2_172,5190,2_8,11_13_4_336,5191,4_4,1
11_13_3_117,5761,3_5,11_13_4_365,5765,4_8,4
11_13_4_42,1449,4_8,11_13_2_21,1452,2_4,3
11_13_4_48,1450,4_5,11_13_2_21,1452,2_4,2
11_13_4_60,1490,4_5,11_13_15_23,1498,15_6,8
11_13_4_76,1817,4_5,11_13_2_48,1819,2_1,2
11_13_4_135,2788,4_5,11_13_2_86,2791,2_1,3
11_13_4_232,3822,4_5,11_13_2_127,3825,2_1,3
11_13_4_328,5118,4_8,11_13_3_110,5131,3_1,13
11_13_4_330,5241,4_5,11_13_2_180,5243,2_1,2
11_13_5_4,201,5_1,11_13_6_7,213,6_4,12
11_13_5_24,1534,5_5,11_13_7_46,1539,7_7,5
11_13_5_27,1670,5_8,11_13_7_77,1698,7_6,28
11_13_5_47,2007,5_2,11_13_7_101,2015,7_7,8
11_13_5_93,3265,5_1,11_13_6_87,3269,6_8,4
11_13_7_3,195,7_5,11_13_6_7,213,6_4,18
11_13_7_20,696,7_8,11_13_5_16,697,5_1,1
11_13_7_87,2014,7_8,11_13_6_54,2033,6_4,19
11_15_12_20,714,12_2,11_15_13_20,717,13_5,3
11_15_12_170,4157,12_2,11_15_13_119,4160,13_4,3
11_15_14_4,715,14_8,11_15_13_20,717,13_5,2
11_15_14_6,722,14_8,11_15_13_26,729,13_5,7
11_15_14_7,719,14_8,11_15_13_27,736,13_1,17
11_15_14_47,2551,14_8,11_15_12_116,2564,12_1,13
11_15_2_74,4816,2_2,11_15_3_151,4834,3_4,18
11_15_3_3,197,3_8,11_15_2_2,203,2_2,6
11_15_3_81,2693,3_5,11_15_4_30,2698,4_8,5
11_15_3_101,3394,3_5,11_15_4_37,3401,4_8,7
11_15_3_107,4226,3_8,11_15_4_41,4231,4_8,5
11_15_3_131,4531,3_5,11_15_4_51,4536,4_8,5
11_15_4_5,279,4_8,11_15_2_5,283,2_1,4
11_15_4_34,3160,4_8,11_15_3_99,3163,3_5,3
11_15_4_53,4865,4_5,11_15_2_81,4867,2_1,2
11_15_5_8,650,5_2,11_15_6_14,651,6_5,1
11_15_5_23,989,5_2,11_15_6_22,991,6_5,2
11_15_5_56,2419,5_2,11_15_9_45,2465,9_2,46
11_15_6_35,1580,6_8,11_15_5_31,1585,5_1,5
11_15_6_74,2588,6_8,11_15_5_62,2590,5_1,2
11_15_6_88,3837,6_5,11_15_7_57,3838,7_7,1
11_15_7_8,646,7_8,11_15_6_14,651,6_5,5
11_15_7_11,712,7_5,11_15_5_13,714,5_4,2
11_17_10_33,1322,10_5,11_17_11_4,1327,11_7,5
11_17_10_155,3950,10_5,11_17_9_62,3954,9_1,4
11_17_12_5,773,12_2,11_17_13_11,778,13_8,5
11_17_12_8,1512,12_2,11_17_13_28,1516,13_8,4
11_17_12_16,1153,12_5,11_17_13_18,1178,13_1,25
11_17_13_80,2605,13_8,11_17_12_52,2609,12_2,4
11_17_13_91,3730,13_0,11_17_2_53,3741,2_4,11
11_17_13_170,5672,13_8,11_17_14_50,5673,14_5,1
11_17_14_4,769,14_8,11_17_13_11,778,13_8,9
11_17_14_11,1156,14_8,11_17_13_18,1178,13_1,22
11_17_14_13,1451,14_8,11_17_13_24,1469,13_1,18
11_17_14_14,1476,14_8,11_17_13_26,1484,13_8,8
11_17_3_12,173,3_8,11_17_2_4,177,2_2,4
11_17_3_71,3718,3_5,11_17_2_53,3741,2_4,23
11_17_4_14,527,4_8,11_17_3_19,542,3_4,15
11_17_4_60,2010,4_5,11_17_2_23,2019,2_1,9
11_17_4_64,2345,4_8,11_17_2_25,2351,2_1,6
11_17_4_69,3044,4_2,11_17_2_40,3048,2_4,4
11_17_4_79,3736,4_2,11_17_2_53,3741,2_4,5
11_17_4_102,4697,4_2,11_17_2_81,4704,2_4,7
11_17_4_119,5346,4_5,11_17_2_98,5352,2_1,6
11_17_5_1,51,5_1,11_17_6_10,53,6_8,2
11_17_5_33,1572,5_2,11_17_6_49,1575,6_5,3
11_17_6_56,2260,6_5,11_17_7_57,2262,7_8,2
11_17_7_16,350,7_8,11_17_6_21,361,6_1,11
11_17_7_65,2515,7_8,11_17_6_63,2524,6_1,9
11_17_9_16,1383,9_5,11_17_11_12,1426,11_8,43
11_17_9_30,1714,9_2,11_17_10_50,1726,10_1,12
11_19_3_146,3421,3_5,11_19_5_24,3454,5_2,33
11_19_3_198,4472,3_3,11_19_13_168,4492,13_0,20
11_9_13_49,3958,13_8,11_9_12_50,3967,12_1,9
11_9_2_21,2218,2_5,11_9_4_24,2219,4_7,1
11_9_3_21,2897,3_5,11_9_4_33,2903,4_8,6
11_9_3_48,4397,3_2,11_9_2_66,4422,2_2,25
11_9_4_9,1700,4_5,11_9_2_9,1702,2_4,2
11_9_4_34,3381,4_5,11_9_2_48,3383,2_1,2
11_9_4_43,4480,4_5,11_9_2_75,4483,2_8,3
11_9_6_10,1642,6_8,11_9_7_10,1648,7_4,6
11_9_9_45,2719,9_2,11_9_10_35,2721,10_8,2
12_11_10_8,743,10_1,12_11_6_21,779,6_0,36
12_11_10_9,756,10_1,12_11_6_22,795,6_0,39
12_11_10_35,2102,10_5,12_11_9_38,2105,9_2,3
12_11_10_64,2753,10_0,12_11_5_37,2756,5_1,3
12_11_12_76,3124,12_2,12_11_13_78,3125,13_8,1
12_11_13_4,170,13_8,12_11_12_8,172,12_2,2
12_11_13_66,2987,13_8,12_11_12_73,2993,12_1,6
12_11_13_130,5629,13_8,12_11_6_140,5638,6_8,9
12_11_13_152,5873,13_3,12_11_12_210,5879,12_1,6
12_11_13_167,5942,13_5,12_11_3_193,5960,3_8,18
12_11_13_172,5947,13_2,12_11_12_227,5970,12_4,23
12_11_14_54,4357,14_8,12_11_13_95,4370,13_1,13
12_11_14_73,5457,14_5,12_11_13_127,5477,13_8,20
12_11_2_1,120,2_8,12_11_4_5,121,4_4,1
12_11_2_19,1140,2_5,12_11_4_19,1142,4_7,2
12_11_2_37,2304,2_5,12_11_4_32,2305,4_4,1
12_11_2_50,3071,2_8,12_11_4_41,3072,4_4,1
12_11_2_56,4141,2_5,12_11_4_65,4143,4_7,2
12_11_2_82,5663,2_5,12_11_3_159,5679,3_4,16
12_11_2_84,5863,2_5,12_11_3_181,5889,3_4,26
12_11_2_103,5958,2_1,12_11_3_193,5960,3_8,2
12_11_3_181,5922,3_0,12_11_12_224,5960,12_2,38
12_11_4_28,2309,4_5,12_11_2_42,2312,2_1,3
12_11_4_81,5284,4_5,12_11_2_77,5286,2_1,2
12_11_5_11,1319,5_2,12_11_6_35,1320,6_8,1
12_11_5_19,2115,5_5,12_11_7_26,2117,7_7,2
12_11_5_40,2874,5_2,12_11_6_66,2883,6_4,9
12_11_5_43,3687,5_2,12_11_6_73,3697,6_4,10
12_11_5_69,5160,5_2,12_11_6_118,5163,6_8,3
12_11_5_70,5273,5_8,12_11_6_123,5308,6_4,35
12_11_6_18,735,6_0,12_11_10_10,772,10_0,37
12_11_6_20,750,6_0,12_11_10_11,790,10_1,40
12_11_6_22,828,6_8,12_11_7_9,832,7_7,4
12_11_6_40,1857,6_5,12_11_5_17,1862,5_2,5
12_11_6_45,2119,6_5,12_11_5_22,2121,5_2,2
12_11_6_52,2643,6_8,12_11_5_30,2644,5_1,1
12_11_6_99,4618,6_5,12_11_7_76,4621,7_8,3
12_11_7_57,3686,7_8,12_11_6_73,3697,6_4,11
12_11_7_86,5297,7_8,12_11_6_123,5308,6_4,11
12_11_9_26,1792,9_2,12_11_10_32,1797,10_5,5
12_13_10_63,1151,10_5,12_13_11_10,1155,11_6,4
12_13_10_88,2817,10_5,12_13_11_15,2819,11_7,2
12_13_13_19,171,13_0,12_13_2_7,172,2_1,1
12_13_13_79,2658,13_8,12_13_12_52,2661,12_1,3
12_13_14_46,2961,14_8,12_13_3_81,2965,3_0,4
12_13_14_69,5052,14_8,12_13_3_114,5090,3_0,38
12_13_2_162,4968,2_2,12_13_4_330,5012,4_8,44
12_13_4_120,2142,4_8,12_13_3_60,2157,3_4,15
12_13_4_143,2562,4_5,12_13_2_107,2581,2_1,19
12_13_4_155,2628,4_5,12_13_2_111,2633,2_1,5
12_13_4_175,3021,4_5,12_13_2_114,3027,2_1,6
12_13_4_201,3579,4_5,12_13_2_141,3583,2_1,4
12_13_4_211,3581,4_2,12_13_2_143,3589,2_4,8
12_13_4_258,4122,4_8,12_13_2_159,4128,2_1,6
12_13_4_338,5176,4_8,12_13_2_186,5181,2_2,5
12_13_4_341,5259,4_8,12_13_2_191,5267,2_1,8
12_13_4_354,5513,4_5,12_13_2_203,5521,2_1,8
12_13_4_372,5679,4_8,12_13_3_158,5694,3_4,15
12_13_4_375,5759,4_5,12_13_2_212,5760,2_2,1
12_13_5_30,654,5_5,12_13_7_46,670,7_6,16
12_13_5_160,4964,5_1,12_13_10_173,5011,10_1,47
12_13_6_104,3229,6_8,12_13_5_97,3231,5_1,2
12_13_7_16,297,7_7,12_13_6_10,301,6_5,4
12_13_7_129,2841,7_8,12_13_6_87,2853,6_4,12
12_13_7_133,3200,7_4,12_13_5_95,3223,5_7,23
12_13_7_157,3395,7_7,12_13_6_116,3408,6_1,13
12_13_7_214,4412,7_1,12_13_5_147,4457,5_7,45
12_15_10_20,1663,10_5,12_15_9_23,1666,9_2,3
12_15_10_65,3373,10_2,12_15_9_47,3375,9_2,2
12_15_11_1,913,11_7,12_15_10_11,952,10_5,39
12_15_13_47,2821,13_8,12_15_12_31,2827,12_1,6
12_15_14_7,711,14_8,12_15_13_13,720,13_1,9
12_15_14_55,5003,14_8,12_15_13_123,5015,13_4,12
12_15_2_41,4463,2_2,12_15_3_80,4502,3_1,39
12_15_2_49,4967,2_5,12_15_4_108,4968,4_4,1
12_15_4_131,5941,4_8,12_15_3_111,5956,3_1,15
12_15_5_24,1608,5_2,12_15_6_40,1618,6_4,10
12_15_5_31,2561,5_1,12_15_6_74,2567,6_8,6
12_15_7_30,1605,7_8,12_15_6_40,1618,6_4,13
12_15_7_68,3138,7_5,12_15_5_55,3139,5_1,1
12_15_7_105,4722,7_8,12_15_6_156,4736,6_4,14
12_15_9_44,3455,9_2,12_15_10_77,3471,10_1,16
12_17_11_2,757,11_7,12_17_10_21,763,10_5,6
12_17_12_38,1548,12_2,12_17_13_52,1551,13_5,3
12_17_12_40,1704,12_5,12_17_13_56,1726,13_1,22
12_17_13_5,126,13_5,12_17_14_5,129,14_8,3
12_17_13_60,2052,13_8,12_17_12_48,2065,12_4,13
12_17_13_92,2798,13_5,12_17_12_77,2807,12_1,9
12_17_14_1,60,14_8,12_17_3_4,76,3_1,16
12_17_14_24,1703,14_5,12_17_13_56,1726,13_1,23
12_17_14_39,2340,14_8,12_17_13_88,2349,13_1,9
12_17_14_41,2992,14_7,12_17_13_97,3001,13_4,9
12_17_15_20,2873,15_6,12_17_5_51,2878,5_1,5
12_17_3_65,4100,3_5,12_17_4_55,4109,4_7,9
12_17_4_1,311,4_5,12_17_2_9,316,2_1,5
12_17_4_36,3254,4_2,12_17_2_42,3257,2_4,3
12_17_4_56,4626,4_8,12_17_3_75,4636,3_1,10
12_17_5_45,2379,5_2,12_17_6_42,2380,6_8,1
12_17_5_51,2914,5_7,12_17_7_57,2942,7_1,28
12_17_6_17,1954,6_5,12_17_5_39,1962,5_1,8
12_17_7_44,2372,7_5,12_17_6_42,2380,6_8,8
12_17_7_56,2910,7_1,12_17_5_52,2939,5_7,29
12_19_14_1,200,14_2,12_19_12_10,205,12_4,5
12_19_14_5,201,14_8,12_19_12_7,203,12_1,2
12_19_6_26,2674,6_5,12_19_5_34,2679,5_2,5
12_19_9_29,2609,9_2,12_19_10_47,2632,10_1,23
12_19_9_32,2606,9_5,12_19_10_41,2622,10_1,16
12_19_9_35,2607,9_2,12_19_6_28,2610,6_0,3
12_9_10_58,1836,10_2,12_9_11_24,1842,11_7,6
12_9_12_2,412,12_2,12_9_3_9,423,3_0,11
12_9_12_148,4959,12_2,12_9_13_157,4962,13_5,3
12_9_13_40,1392,13_5,12_9_14_52,1395,14_8,3
12_9_13_94,2591,13_5,12_9_14_77,2594,14_7,3
12_9_13_141,4332,13_5,12_9_12_142,4341,12_2,9
12_9_13_146,4834,13_5,12_9_12_150,4840,12_2,6
12_9_13_168,5145,13_5,12_9_12_163,5152,12_1,7
12_9_14_52,1971,14_8,12_9_13_53,1981,13_4,10
12_9_14_85,2859,14_8,12_9_13_109,2870,13_4,11
12_9_14_100,3991,14_8,12_9_13_136,3993,13_5,2
12_9_2_42,1463,2_5,12_9_4_20,1467,4_7,4
12_9_2_93,2537,2_2,12_9_13_94,2557,13_0,20
12_9_2_142,4420,2_2,12_9_3_102,4426,3_5,6
12_9_3_48,2529,3_5,12_9_13_97,2577,13_0,48
12_9_3_49,2515,3_8,12_9_4_48,2516,4_8,1
12_9_3_72,2969,3_8,12_9_2_120,2972,2_1,3
12_9_3_88,3951,3_0,12_9_13_136,3993,13_5,42
12_9_4_30,2013,4_7,12_9_2_79,2023,2_1,10
12_9_4_61,3384,4_8,12_9_2_127,3386,2_1,2
12_9_5_16,1242,5_2,12_9_6_21,1249,6_5,7
12_9_5_29,1770,5_2,12_9_10_58,1791,10_0,21
12_9_5_49,2831,5_2,12_9_6_80,2835,6_5,4
12_9_5_51,3062,5_1,12_9_10_110,3065,10_0,3
12_9_5_78,4072,5_1,12_9_6_122,4074,6_8,2
12_9_6_1,77,6_5,12_9_7_1,80,7_8,3
12_9_6_11,585,6_5,12_9_7_15,587,7_8,2
12_9_6_34,1797,6_8,12_9_7_27,1798,7_7,1
12_9_6_168,5383,6_5,12_9_7_138,5385,7_7,2
12_9_6_193,5782,6_5,12_9_7_148,5784,7_7,2
12_9_7_2,198,7_8,12_9_6_8,206,6_5,8
12_9_7_20,1240,7_8,12_9_6_21,1249,6_5,9
12_9_7_49,2278,7_8,12_9_6_50,2286,6_4,8
12_9_7_74,2824,7_4,12_9_6_80,2835,6_5,11
12_9_9_25,1109,9_2,12_9_10_21,1111,10_8,2
13_11_10_17,1336,10_5,13_11_9_13,1347,9_2,11
13_11_12_62,2090,12_2,13_11_13_59,2117,13_1,27
13_11_13_4,132,13_8,13_11_12_6,139,12_2,7
13_11_13_6,276,13_5,13_11_12_17,284,12_2,8
13_11_13_125,5565,13_5,13_11_12_155,5574,12_2,9
13_11_14_45,2447,14_7,13_11_13_71,2459,13_1,12
13_11_14_68,3437,14_5,13_11_13_89,3457,13_1,20
13_11_4_5,367,4_8,13_11_3_16,376,3_5,9
13_11_4_12,1702,4_5,13_11_2_18,1703,2_4,1
13_11_4_19,1874,4_5,13_11_2_20,1877,2_1,3
13_11_4_23,2241,4_7,13_11_2_22,2243,2_1,2
13_11_4_41,5227,4_8,13_11_3_89,5240,3_1,13
13_11_5_27,751,5_1,13_11_6_11,752,6_8,1
13_11_5_58,3237,5_2,13_11_6_36,3239,6_8,2
13_11_7_5,1250,7_8,13_11_6_14,1254,6_5,4
13_13_10_32,759,10_5,13_13_9_36,761,9_2,2
13_13_10_214,2441,10_0,13_13_5_87,2482,5_4,41
13_13_10_227,2455,10_0,13_13_7_133,2484,7_5,29
13_13_10_282,3355,10_0,13_13_6_149,3402,6_0,47
13_13_10_291,3562,10_5,13_13_11_119,3565,11_7,3
13_13_12_22,448,12_2,13_13_13_58,451,13_8,3
13_13_12_153,1207,12_2,13_13_13_95,1212,13_8,5
13_13_12_279,2217,12_1,13_13_13_223,2228,13_5,11
13_13_12_297,2646,12_2,13_13_13_268,2649,13_8,3
13_13_12_321,2825,12_2,13_13_13_287,2845,13_4,20
13_13_12_341,2855,12_5,13_13_14_241,2861,14_7,6
13_13_12_376,3483,12_2,13_13_13_328,3490,13_8,7
13_13_12_383,3653,12_2,13_13_13_335,3661,13_5,8
13_13_12_389,3744,12_2,13_13_13_337,3750,13_8,6
13_13_12_527,5803,12_4,13_13_13_476,5812,13_8,9
13_13_13_8,104,13_5,13_13_14_13,108,14_7,4
13_13_13_66,706,13_3,13_13_9_26,717,9_1,11
13_13_13_359,4158,13_8,13_13_12_425,4159,12_2,1
13_13_13_376,4349,13_5,13_13_14_294,4352,14_7,3
13_13_13_423,4842,13_8,13_13_14_321,4848,14_8,6
13_13_14_133,1672,14_8,13_13_13_165,1685,13_4,13
13_13_14_217,2642,14_8,13_13_13_269,2658,13_4,16
13_13_15_179,2001,15_3,13_13_3_213,2041,3_8,40
13_13_2_36,1836,2_2,13_13_4_68,1838,4_7,2
13_13_2_90,3753,2_2,13_13_4_137,3755,4_7,2
13_13_2_138,4538,2_2,13_13_4_183,4541,4_7,3
13_13_2_139,4539,2_5,13_13_4_182,4540,4_4,1
13_13_2_212,5945,2_5,13_13_4_248,5948,4_7,3
13_13_3_5,72,3_0,13_13_14_12,103,14_8,31
13_13_3_11,107,3_0,13_13_14_13,108,14_7,1
13_13_3_18,95,3_0,13_13_14_12,103,14_8,8
13_13_3_113,1311,3_5,13_13_4_38,1321,4_8,10
13_13_3_137,1582,3_0,13_13_14_129,1587,14_6,5
13_13_3_146,1611,3_0,13_13_14_132,1620,14_8,9
13_13_3_200,2021,3_8,13_13_2_46,2038,2_1,17
13_13_4_39,1477,4_8,13_13_3_137,1487,3_4,10
13_13_4_57,1584,4_8,13_13_3_160,1615,3_1,31
13_13_4_74,2210,4_5,13_13_2_51,2216,2_1,6
13_13_4_87,2755,4_8,13_13_2_59,2756,2_1,1
13_13_4_91,2698,4_8,13_13_2_57,2701,2_1,3
13_13_4_110,3206,4_8,13_13_2_67,3209,2_1,3
13_13_4_119,3396,4_8,13_13_2_82,3399,2_1,3
13_13_4_127,3470,4_8,13_13_2_88,3513,2_2,43
13_13_4_138,4041,4_8,13_13_2_111,4044,2_1,3
13_13_4_158,4355,4_5,13_13_2_132,4356,2_1,1
13_13_4_167,4325,4_6,13_13_2_129,4347,2_1,22
13_13_4_186,4678,4_8,13_13_2_150,4679,2_2,1
13_13_4_193,4719,4_5,13_13_2_152,4723,2_1,4
13_13_4_199,4811,4_5,13_13_2_163,4815,2_1,4
13_13_4_201,4830,4_5,13_13_2_168,4831,2_1,1
13_13_4_210,5194,4_5,13_13_2_178,5195,2_1,1
13_13_5_15,701,5_2,13_13_6_15,702,6_5,1
13_13_5_17,716,5_2,13_13_6_26,717,6_5,1
13_13_5_24,947,5_2,13_13_10_93,971,10_1,24
13_13_5_25,965,5_2,13_13_6_42,966,6_5,1
13_13_5_105,2902,5_2,13_13_6_141,2912,6_4,10
13_13_5_142,4311,5_5,13_13_7_214,4319,7_7,8
13_13_6_5,303,6_0,13_13_9_13,323,9_2,20
13_13_6_36,1062,6_8,13_13_5_31,1077,5_4,15
13_13_6_73,1850,6_4,13_13_5_49,1861,5_1,11
13_13_6_74,1860,6_8,13_13_7_72,1863,7_8,3
13_13_6_92,1979,6_8,13_13_7_88,1980,7_8,1
13_13_6_106,2160,6_5,13_13_7_113,2168,7_5,8
13_13_6_111,2467,6_5,13_13_5_84,2479,5_4,12
13_13_6_118,2480,6_8,13_13_7_133,2484,7_5,4
13_13_6_135,2649,6_8,13_13_5_102,2650,5_2,1
13_13_6_181,5346,6_3,13_13_5_191,5360,5_1,14
13_13_7_1,105,7_8,13_13_6_2,108,6_8,3
13_13_7_40,939,7_5,13_13_10_93,971,10_1,32
13_13_7_43,960,7_8,13_13_6_42,966,6_5,6
13_13_7_58,1654,7_5,13_13_6_67,1664,6_5,10
13_13_7_60,1653,7_5,13_13_6_68,1669,6_4,16
13_13_7_148,2900,7_8,13_13_6_141,2912,6_4,12
13_13_7_270,5036,7_8,13_13_5_180,5037,5_1,1
13_13_9_8,274,9_1,13_13_10_25,280,10_5,6
13_13_9_20,673,9_1,13_13_10_40,679,10_5,6
13_13_9_47,847,9_2,13_13_12_109,859,12_0,12
13_13_9_81,1793,9_2,13_13_10_158,1800,10_1,7
13_13_9_154,2397,9_2,13_13_10_217,2405,10_5,8
13_13_9_160,2394,9_2,13_13_6_121,2443,6_3,49
13_13_9_161,2407,9_2,13_13_10_230,2421,10_4,14
13_13_9_177,3074,9_2,13_13_6_146,3075,6_0,1
13_15_10_50,1948,10_5,13_15_9_26,1951,9_1,3
13_15_10_95,3311,10_5,13_15_11_23,3315,11_7,4
13_15_11_23,3403,11_7,13_15_10_109,3420,10_1,17
13_15_11_30,3729,11_7,13_15_10_115,3743,10_1,14
13_15_12_25,1453,12_2,13_15_13_35,1465,13_4,12
13_15_12_77,4944,12_2,13_15_13_109,4947,13_8,3
13_15_14_28,2073,14_5,13_15_13_47,2081,13_5,8
13_15_2_12,472,2_2,13_15_3_10,487,3_4,15
13_15_7_122,2782,7_8,13_15_5_54,2819,5_1,37
13_15_7_149,3142,7_8,13_15_5_60,3145,5_1,3
13_15_9_1,139,9_2,13_15_10_9,152,10_1,13
13_17_13_7,600,13_0,13_17_3_14,645,3_3,45
13_17_14_10,1181,14_8,13_17_13_22,1186,13_5,5
13_17_14_72,5742,14_8,13_17_13_112,5748,13_5,6
13_17_2_46,3626,2_5,13_17_4_70,3631,4_7,5
13_17_2_61,5349,2_2,13_17_13_108,5381,13_0,32
13_17_3_24,2388,3_5,13_17_4_38,2396,4_8,8
13_17_3_25,2769,3_5,13_17_2_40,2776,2_1,7
13_17_5_40,2900,5_2,13_17_6_25,2913,6_4,13
13_17_6_4,160,6_5,13_17_7_4,163,7_7,3
13_17_6_7,331,6_8,13_17_7_6,337,7_8,6
13_17_6_31,3956,6_8,13_17_7_63,3957,7_8,1
13_19_14_8,627,14_5,13_19_12_3,628,12_1,1
13_19_5_51,4125,5_2,13_19_6_78,4128,6_5,3
13_19_6_5,1218,6_0,13_19_9_9,1222,9_2,4
13_19_6_24,2814,6_8,13_19_5_30,2815,5_2,1
13_9_10_4,368,10_5,13_9_9_9,372,9_2,4
13_9_13_67,3468,13_8,13_9_14_28,3471,14_8,3
13_9_13_89,5083,13_8,13_9_12_70,5084,12_1,1
13_9_14_52,5275,14_8,13_9_13_93,5282,13_1,7
13_9_2_29,2073,2_5,13_9_4_26,2075,4_7,2
13_9_2_103,5503,2_2,13_9_4_95,5516,4_7,13
13_9_3_2,392,3_3,13_9_14_1,416,14_1,24
13_9_4_3,249,4_5,13_9_2_4,251,2_1,2
13_9_4_45,3274,4_8,13_9_2_45,3278,2_1,4
13_9_4_50,3397,4_5,13_9_2_52,3401,2_1,4
13_9_4_55,3497,4_5,13_9_2_56,3502,2_1,5
13_9_4_67,4411,4_8,13_9_2_82,4414,2_1,3
13_9_4_84,5417,4_5,13_9_2_111,5422,2_1,5
13_9_4_100,5856,4_8,13_9_2_133,5859,2_1,3
13_9_4_109,5872,4_5,13_9_2_137,5876,2_4,4
13_9_6_23,3082,6_8,13_9_4_45,3099,4_6,17
13_9_7_38,2998,7_5,13_9_5_40,3001,5_1,3
14_11_10_82,5767,10_5,14_11_9_61,5771,9_2,4
14_11_13_7,362,13_5,14_11_14_8,369,14_8,7
14_11_14_61,5515,14_8,14_11_13_104,5516,13_5,1
14_11_3_5,197,3_5,14_11_4_6,198,4_8,1
14_11_4_14,1802,4_5,14_11_2_18,1807,2_1,5
14_11_7_15,1117,7_8,14_11_6_24,1126,6_1,9
14_11_7_75,5675,7_1,14_11_8_8,5702,8_6,27
14_11_9_50,5592,9_2,14_11_10_81,5599,10_2,7
14_11_9_54,5646,9_7,14_11_10_86,5662,10_8,16
14_13_10_89,2838,10_5,14_13_9_30,2839,9_2,1
14_13_12_7,180,12_1,14_13_13_5,202,13_1,22
14_13_12_104,4112,12_5,14_13_13_122,4123,13_5,11
14_13_14_19,2522,14_8,14_13_13_72,2531,13_5,9
14_13_14_51,4116,14_8,14_13_13_122,4123,13_5,7
14_13_2_64,1656,2_5,14_13_4_82,1657,4_7,1
14_13_2_66,1658,2_5,14_13_4_83,1660,4_4,2
14_13_3_12,905,3_5,14_13_4_53,907,4_8,2
14_13_4_45,708,4_8,14_13_2_30,713,2_1,5
14_13_4_58,1100,4_5,14_13_2_49,1103,2_2,3
14_13_4_65,1404,4_5,14_13_2_57,1410,2_4,6
14_13_4_76,1696,4_5,14_13_2_83,1701,2_1,5
14_13_4_126,2561,4_8,14_13_3_32,2574,3_4,13
14_13_4_145,3219,4_8,14_13_2_155,3225,2_1,6
14_13_4_158,3389,4_8,14_13_2_184,3390,2_2,1
14_13_4_161,3489,4_8,14_13_2_187,3498,2_1,9
14_13_4_202,5753,4_5,14_13_2_226,5757,2_1,4
14_13_4_211,5976,4_5,14_13_2_232,5979,2_1,3
14_13_5_7,442,5_2,14_13_6_10,443,6_8,1
14_13_5_80,2774,5_2,14_13_6_61,2789,6_4,15
14_13_7_125,3470,7_1,14_13_5_98,3471,5_1,1
14_13_7_164,3685,7_8,14_13_9_44,3734,9_1,49
14_13_9_21,2175,9_2,14_13_10_74,2189,10_2,14
14_13_9_38,3650,9_1,14_13_10_115,3659,10_5,9
14_13_9_56,5111,9_2,14_13_10_150,5113,10_8,2
14_15_10_37,1109,10_5,14_15_9_14,1111,9_2,2
14_15_10_47,1307,10_5,14_15_9_40,1308,9_2,1
14_15_10_80,2322,10_5,14_15_9_47,2324,9_2,2
14_15_11_6,780,11_7,14_15_10_31,795,10_1,15
14_15_11_75,4314,11_7,14_15_10_138,4329,10_5,15
14_15_12_2,31,12_5,14_15_13_5,62,13_1,31
14_15_12_3,67,12_2,14_15_13_11,72,13_5,5
14_15_12_20,281,12_2,14_15_13_20,282,13_8,1
14_15_12_81,1253,12_2,14_15_13_72,1265,13_1,12
14_15_12_116,1218,12_5,14_15_13_61,1225,13_5,7
14_15_12_128,1479,12_8,14_15_13_83,1496,13_1,17
14_15_12_151,2108,12_2,14_15_13_99,2110,13_8,2
14_15_12_226,2917,12_2,14_15_13_117,2922,13_5,5
14_15_12_242,2998,12_2,14_15_13_125,2999,13_8,1
14_15_12_343,5238,12_2,14_15_13_180,5239,13_5,1
14_15_13_55,1182,13_5,14_15_15_33,1220,15_6,38
14_15_13_119,3005,13_3,14_15_2_37,3049,2_2,44
14_15_13_167,5106,13_5,14_15_14_136,5109,14_8,3
14_15_13_172,5302,13_8,14_15_12_350,5304,12_2,2
14_15_14_64,1223,14_8,14_15_13_61,1225,13_5,2
14_15_14_73,1485,14_7,14_15_13_83,1496,13_1,11
14_15_14_89,2576,14_8,14_15_13_109,2581,13_8,5
14_15_2_20,1076,2_2,14_15_3_60,1080,3_8,4
14_15_2_29,1688,2_2,14_15_3_94,1693,3_5,5
14_15_2_61,4179,2_5,14_15_4_53,4180,4_7,1
14_15_3_137,3114,3_8,14_15_2_40,3117,2_2,3
14_15_4_4,364,4_8,14_15_2_10,370,2_1,6
14_15_4_20,1507,4_8,14_15_2_24,1509,2_1,2
14_15_4_23,1583,4_8,14_15_2_27,1588,2_1,5
14_15_4_38,3803,4_8,14_15_2_50,3809,2_1,6
14_15_4_74,5059,4_8,14_15_3_196,5073,3_4,14
14_15_4_76,5191,4_8,14_15_3_198,5196,3_8,5
14_15_5_12,1043,5_4,14_15_6_21,1054,6_8,11
14_15_5_32,2259,5_2,14_15_6_49,2261,6_8,2
14_15_5_49,2965,5_2,14_15_3_130,2978,3_0,13
14_15_5_77,4603,5_2,14_15_6_91,4611,6_5,8
14_15_5_81,4804,5_2,14_15_6_95,4808,6_8,4
14_15_6_7,315,6_8,14_15_7_5,322,7_8,7
14_15_6_16,865,6_5,14_15_7_23,870,7_7,5
14_15_6_17,900,6_8,14_15_7_24,901,7_8,1
14_15_6_34,1411,6_5,14_15_5_21,1419,5_1,8
14_15_6_55,2966,6_8,14_15_7_68,2970,7_8,4
14_15_9_37,1363,9_1,14_15_10_59,1368,10_5,5
14_15_9_66,3559,9_2,14_15_10_113,3565,10_5,6
14_15_9_84,4800,9_2,14_15_6_95,4808,6_8,8
14_17_12_2,136,12_5,14_17_13_11,146,13_5,10
14_17_12_54,1670,12_2,14_17_13_30,1675,13_8,5
14_17_12_58,1852,12_2,14_17_13_35,1857,13_5,5
14_17_12_81,3085,12_2,14_17_13_53,3092,13_5,7
14_17_13_41,2848,13_8,14_17_12_80,2852,12_1,4
14_17_13_76,3951,13_8,14_17_12_94,3954,12_2,3
14_17_14_2,142,14_8,14_17_13_11,146,13_5,4
14_17_14_42,2843,14_8,14_17_13_46,2852,13_1,9
14_17_14_68,4765,14_5,14_17_12_114,4766,12_1,1
14_17_3_26,1285,3_8,14_17_4_18,1288,4_8,3
14_17_3_69,4398,3_5,14_17_4_64,4399,4_8,1
14_17_3_87,5633,3_5,14_17_4_70,5635,4_8,2
14_17_4_25,2961,4_5,14_17_2_20,2963,2_4,2
14_17_4_45,3691,4_8,14_17_2_33,3694,2_2,3
14_17_4_64,4442,4_8,14_17_3_73,4445,3_5,3
14_17_4_70,5673,4_8,14_17_3_89,5685,3_5,12
14_17_4_86,5905,4_5,14_17_2_62,5911,2_1,6
14_17_5_27,2701,5_2,14_17_6_33,2721,6_4,20
14_17_7_35,2703,7_8,14_17_6_33,2721,6_4,18
14_19_10_1,860,10_5,14_19_9_3,866,9_1,6
14_19_10_23,4018,10_5,14_19_9_33,4021,9_2,3
14_19_9_43,5333,9_2,14_19_6_37,5335,6_0,2
14_19_9_82,5504,9_2,14_19_10_46,5505,10_8,1
14_9_10_28,2418,10_5,14_9_9_23,2419,9_1,1
14_9_13_23,936,13_5,14_9_12_35,943,12_1,7
14_9_14_38,3597,14_8,14_9_12_72,3601,12_1,4
14_9_2_8,882,2_2,14_9_3_15,884,3_8,2
14_9_2_14,1403,2_5,14_9_4_14,1406,4_4,3
14_9_2_43,3957,2_5,14_9_4_55,3960,4_4,3
14_9_2_60,5398,2_2,14_9_4_72,5410,4_2,12
14_9_4_7,208,4_5,14_9_2_7,211,2_1,3
14_9_4_26,2134,4_5,14_9_2_22,2135,2_1,1
14_9_5_77,4978,5_2,14_9_6_44,4981,6_8,3
14_9_7_18,452,7_7,14_9_6_4,460,6_5,8
14_9_7_31,1423,7_5,14_9_6_15,1433,6_8,10
14_9_7_120,5736,7_5,14_9_5_87,5737,5_1,1
14_9_9_6,524,9_2,14_9_10_8,542,10_1,18
14_9_9_37,3515,9_2,14_9_10_55,3520,10_5,5
15_11_14_1,212,14_8,15_11_12_5,215,12_1,3
15_11_14_74,2888,14_7,15_11_13_58,2895,13_4,7
15_11_14_95,3707,14_5,15_11_12_67,3712,12_1,5
15_11_14_113,4000,14_5,15_11_13_76,4011,13_5,11
15_11_14_117,4040,14_8,15_11_3_83,4059,3_0,19
15_11_2_103,4266,2_5,15_11_4_97,4267,4_7,1
15_11_2_126,5203,2_5,15_11_4_122,5207,4_7,4
15_11_4_14,326,4_8,15_11_3_13,350,3_1,24
15_11_4_24,1375,4_5,15_11_2_20,1378,2_1,3
15_11_4_29,1995,4_8,15_11_2_32,1996,2_1,1
15_11_4_41,2091,4_5,15_11_2_37,2096,2_4,5
15_11_4_59,3260,4_2,15_11_2_82,3263,2_4,3
15_11_4_71,3394,4_2,15_11_2_88,3395,2_4,1
15_11_4_114,4903,4_5,15_11_2_121,4907,2_1,4
15_11_5_27,1986,5_1,15_11_6_63,1991,6_7,5
15_11_5_30,1988,5_2,15_11_6_65,1999,6_4,11
15_11_5_61,3509,5_1,15_11_7_122,3521,7_1,12
15_11_6_4,102,6_8,15_11_5_3,109,5_2,7
15_11_6_23,811,6_5,15_11_7_17,812,7_8,1
15_11_6_43,1531,6_8,15_11_7_29,1532,7_7,1
15_11_6_63,2034,6_0,15_11_9_38,2083,9_4,49
15_11_7_11,290,7_8,15_11_6_15,299,6_5,9
15_11_7_23,1045,7_8,15_11_6_38,1053,6_4,8
15_11_7_120,3553,7_8,15_11_10_190,3593,10_0,40
15_11_9_63,2812,9_2,15_11_10_151,2829,10_1,17
15_13_14_1,744,14_8,15_13_13_17,751,13_5,7
15_13_14_4,1149,14_5,15_13_3_29,1174,3_0,25
15_13_2_31,1063,2_2,15_13_3_19,1073,3_4,10
15_13_2_40,1075,2_5,15_13_4_119,1077,4_7,2
15_13_2_50,1335,2_5,15_13_4_148,1338,4_5,3
15_13_2_136,3914,2_5,15_13_4_309,3916,4_4,2
15_13_2_142,4415,2_5,15_13_4_335,4416,4_7,1
15_13_3_9,808,3_5,15_13_4_85,812,4_8,4
15_13_3_125,5755,3_0,15_13_6_120,5785,6_3,30
15_13_4_208,2718,4_5,15_13_2_109,2720,2_4,2
15_13_4_320,4407,4_8,15_13_2_148,4410,2_1,3
15_13_4_431,5765,4_5,15_13_2_181,5768,2_1,3
15_13_5_56,2460,5_5,15_13_7_101,2463,7_4,3
15_13_5_88,4226,5_2,15_13_6_89,4238,6_4,12
15_13_7_102,2713,7_8,15_13_6_61,2724,6_4,11
15_13_7_135,3283,7_5,15_13_6_73,3300,6_4,17
15_13_7_157,4222,7_5,15_13_6_89,4238,6_4,16
15_13_7_168,4539,7_8,15_13_6_100,4542,6_5,3
15_15_14_45,5965,14_5,15_15_12_79,5967,12_4,2
15_15_2_10,734,2_2,15_15_4_28,736,4_7,2
15_15_2_18,1588,2_5,15_15_4_48,1589,4_7,1
15_15_2_21,2102,2_5,15_15_4_70,2104,4_7,2
15_15_2_69,5119,2_5,15_15_4_168,5122,4_7,3
15_15_4_9,428,4_5,15_15_2_8,431,2_1,3
15_15_5_15,1427,5_2,15_15_6_48,1440,6_4,13
15_15_5_34,4195,5_2,15_15_7_50,4198,7_7,3
15_15_7_22,1423,7_5,15_15_6_48,1440,6_4,17
15_15_7_43,3392,7_8,15_15_6_100,3404,6_4,12
15_17_11_2,234,11_7,15_17_10_5,249,10_2,15
15_17_11_20,4801,11_7,15_17_10_63,4807,10_5,6
15_17_12_28,2424,12_1,15_17_13_43,2434,13_4,10
15_17_15_18,2380,15_3,15_17_3_25,2403,3_0,23
15_17_2_20,2041,2_2,15_17_13_28,2053,13_0,12
15_17_2_25,3172,2_8,15_17_4_36,3173,4_4,1
15_17_7_85,4782,7_5,15_17_6_69,4797,6_0,15
15_19_10_30,2083,10_1,15_19_6_23,2128,6_0,45
15_19_12_28,2690,12_1,15_19_13_21,2698,13_4,8
15_19_13_33,2878,13_8,15_19_12_49,2881,12_2,3
15_19_13_45,3565,13_0,15_19_3_68,3572,3_0,7
15_19_9_48,3825,9_5,15_19_6_49,3864,6_3,39
15_19_9_51,3822,9_2,15_19_10_72,3854,10_1,32
15_19_9_73,4737,9_4,15_19_10_99,4754,10_5,17
15_19_9_76,4740,9_5,15_19_6_67,4783,6_3,43
15_9_12_1,232,12_5,15_9_13_3,243,13_4,11
15_9_12_13,1158,12_5,15_9_13_17,1167,13_4,9
15_9_12_52,4096,12_2,15_9_13_63,4100,13_1,4
15_9_12_62,5390,12_1,15_9_13_91,5394,13_4,4
15_9_13_12,442,13_5,15_9_14_4,446,14_8,4
15_9_14_6,1158,14_8,15_9_13_17,1167,13_4,9
15_9_14_38,5467,14_8,15_9_13_97,5483,13_1,16
15_9_2_45,3748,2_2,15_9_3_36,3753,3_5,5
15_9_3_4,379,3_8,15_9_4_2,386,4_8,7
15_9_3_14,1215,3_8,15_9_2_18,1217,2_2,2
15_9_4_23,1325,4_2,15_9_2_24,1327,2_4,2
15_9_4_36,3522,4_5,15_9_2_42,3524,2_1,2
15_9_5_19,2669,5_5,15_9_7_40,2672,7_7,3
15_9_5_49,4733,5_8,15_9_7_69,4739,7_4,6
15_9_6_14,2537,6_5,15_9_5_23,2540,5_5,3
15_9_7_17,1425,7_8,15_9_6_10,1435,6_4,10
16_11_10_2,346,10_5,16_11_9_10,352,9_1,6
16_11_10_12,3162,10_0,16_11_5_11,3188,5_0,26
16_11_14_2,318,14_7,16_11_13_8,328,13_4,10
16_11_14_5,545,14_5,16_11_12_12,549,12_1,4
16_11_2_21,3169,2_5,16_11_4_20,3176,4_7,7
16_11_4_9,1221,4_8,16_11_3_27,1229,3_4,8
16_11_5_5,3004,5_2,16_11_9_58,3012,9_1,8
16_11_5_11,3269,5_5,16_11_7_20,3272,7_7,3
16_11_7_32,4647,7_8,16_11_6_31,4655,6_4,8
16_13_13_4,1046,13_8,16_13_12_12,1049,12_2,3
16_13_14_14,3551,14_8,16_13_13_28,3564,13_1,13
16_13_4_17,1909,4_5,16_13_2_18,1910,2_1,1
16_13_4_28,2579,4_5,16_13_2_36,2581,2_4,2
16_13_4_36,3564,4_5,16_13_2_56,3567,2_4,3
16_13_4_66,3830,4_5,16_13_2_71,3833,2_4,3
16_13_4_74,5212,4_5,16_13_2_83,5216,2_1,4
16_15_11_49,3929,11_8,16_15_9_34,3931,9_1,2
16_15_12_16,3442,12_2,16_15_13_14,3444,13_5,2
16_15_14_46,5922,14_8,16_15_13_36,5925,13_5,3
16_17_14_21,4511,14_8,16_17_13_77,4520,13_1,9
16_17_14_28,4705,14_8,16_17_13_90,4717,13_1,12
16_17_5_19,4631,5_2,16_17_6_18,4634,6_8,3
16_17_6_2,438,6_5,16_17_5_2,440,5_1,2
16_17_9_3,4126,9_2,16_17_10_10,4127,10_8,1
16_9_2_4,80,2_2,16_9_3_1,85,3_5,5
16_9_6_4,466,6_5,16_9_7_4,469,7_8,3
16_9_6_7,465,6_8,16_9_7_4,469,7_8,4
16_9_9_2,270,9_1,16_9_10_7,271,10_5,1
17_13_11_2,962,11_7,17_13_9_5,983,9_1,21
17_13_12_5,3953,12_5,17_13_13_16,3960,13_5,7
17_13_2_3,1551,2_5,17_13_4_31,1553,4_7,2
17_13_2_18,5782,2_1,17_13_4_123,5785,4_8,3
17_13_7_9,5366,7_8,17_13_6_25,5370,6_8,4
17_15_12_4,1304,12_2,17_15_13_6,1308,13_8,4
17_15_4_70,5030,4_5,17_15_2_14,5035,2_1,5
17_15_4_77,5768,4_5,17_15_2_16,5770,2_1,2
17_15_5_5,3330,5_2,17_15_6_5,3333,6_8,3
18_11_10_22,1553,10_5,18_11_11_7,1555,11_7,2
18_11_12_1,147,12_5,18_11_13_2,163,13_4,16
18_11_13_95,4482,13_5,18_11_14_44,4485,14_8,3
18_11_14_1,153,14_8,18_11_13_2,163,13_4,10
18_11_14_23,2501,14_8,18_11_13_24,2512,13_1,11
18_11_14_32,3211,14_8,18_11_13_45,3223,13_4,12
18_11_14_46,4676,14_8,18_11_13_102,4687,13_1,11
18_11_14_59,5877,14_8,18_11_13_114,5890,13_4,13
18_11_2_13,1427,2_5,18_11_4_9,1429,4_7,2
18_11_2_29,2135,2_2,18_11_3_39,2139,3_5,4
18_11_2_39,2506,2_2,18_11_3_48,2507,3_5,1
18_11_3_19,1005,3_8,18_11_2_7,1009,2_2,4
18_11_3_72,3585,3_0,18_11_12_48,3599,12_4,14
18_11_4_46,2851,4_5,18_11_2_50,2858,2_1,7
18_11_4_58,3343,4_8,18_11_3_65,3360,3_1,17
18_11_4_72,4481,4_8,18_11_2_72,4486,2_1,5
18_11_4_74,4525,4_5,18_11_2_74,4534,2_1,9
18_11_5_66,5275,5_2,18_11_6_51,5289,6_4,14
18_11_6_18,1381,6_3,18_11_7_12,1386,7_7,5
18_11_7_85,5271,7_8,18_11_6_51,5289,6_4,18
18_11_9_7,676,9_1,18_11_10_5,679,10_8,3
18_11_9_26,1703,9_1,18_11_10_29,1709,10_5,6
18_13_12_19,1815,12_2,18_13_2_58,1858,2_1,43
18_13_12_90,4590,12_7,18_13_7_140,4600,7_5,10
18_13_14_5,607,14_7,18_13_13_9,615,13_1,8
18_13_2_37,1412,2_2,18_13_3_38,1414,3_5,2
18_13_2_69,2670,2_2,18_13_3_77,2679,3_4,9
18_13_2_80,2649,2_5,18_13_4_152,2651,4_4,2
18_13_2_105,3199,2_5,18_13_4_195,3202,4_7,3
18_13_3_109,3911,3_5,18_13_2_139,3919,2_1,8
18_13_4_9,313,4_8,18_13_2_4,317,2_1,4
18_13_4_13,442,4_5,18_13_2_8,444,2_1,2
18_13_4_38,1147,4_2,18_13_2_30,1157,2_1,10
18_13_4_60,1352,4_5,18_13_2_37,1354,2_4,2
18_13_4_77,1510,4_8,18_13_3_43,1518,3_5,8
18_13_4_88,1856,4_5,18_13_2_58,1858,2_1,2
18_13_4_146,2699,4_5,18_13_2_87,2703,2_1,4
18_13_4_158,2832,4_5,18_13_2_92,2836,2_1,4
18_13_4_166,2847,4_5,18_13_2_94,2851,2_1,4
18_13_4_246,4132,4_5,18_13_2_146,4135,2_1,3
18_13_5_34,1787,5_2,18_13_6_81,1793,6_5,6
18_13_5_77,3563,5_8,18_13_4_222,3588,4_2,25
18_15_14_24,2982,14_7,18_15_13_45,2997,13_4,15
18_15_2_16,1900,2_5,18_15_4_31,1904,4_7,4
18_15_2_19,1899,2_2,18_15_4_30,1903,4_7,4
18_17_1_16,2217,1_6,18_17_13_49,2258,13_1,41
18_17_11_15,2836,11_5,18_17_9_91,2839,9_4,3
18_17_12_9,628,12_2,18_17_13_8,631,13_5,3
18_17_12_43,1366,12_2,18_17_13_24,1378,13_4,12
18_17_12_49,1860,12_8,18_17_13_44,1883,13_1,23
18_17_12_55,2307,12_2,18_17_13_54,2324,13_1,17
18_17_12_68,2778,12_2,18_17_13_67,2780,13_8,2
18_17_13_20,1357,13_0,18_17_3_21,1404,3_3,47
18_17_13_32,1593,13_8,18_17_12_47,1594,12_2,1
18_17_13_40,1823,13_8,18_17_12_49,1825,12_2,2
18_17_14_4,625,14_8,18_17_13_8,631,13_5,6
18_17_14_5,858,14_8,18_17_13_14,864,13_8,6
18_17_14_24,2084,14_8,18_17_13_48,2099,13_1,15
18_17_14_26,2307,14_8,18_17_13_54,2324,13_1,17
18_17_14_27,2595,14_8,18_17_13_62,2610,13_4,15
18_17_14_58,4295,14_8,18_17_13_119,4312,13_4,17
18_17_2_3,280,2_5,18_17_4_4,283,4_7,3
18_17_2_22,1509,2_2,18_17_3_27,1511,3_8,2
18_17_2_157,5881,2_8,18_17_4_130,5882,4_4,1
18_17_3_20,1501,3_5,18_17_4_16,1504,4_8,3
18_17_3_116,4361,3_5,18_17_2_100,4380,2_1,19
18_17_3_131,4427,3_0,18_17_15_55,4444,15_6,17
18_17_3_145,5111,3_5,18_17_2_130,5126,2_1,15
18_17_4_29,2027,4_8,18_17_3_43,2038,3_2,11
18_17_5_21,2865,5_5,18_17_7_36,2867,7_7,2
18_17_7_15,2223,7_8,18_17_6_18,2232,6_4,9
18_17_9_46,1791,9_2,18_17_10_14,1804,10_1,13
18_9_11_11,1977,11_8,18_9_10_59,1983,10_8,6
18_9_12_8,1339,12_2,18_9_13_10,1342,13_5,3
18_9_12_73,5095,12_1,18_9_13_67,5104,13_4,9
18_9_12_76,5154,12_2,18_9_13_73,5155,13_5,1
18_9_13_1,213,13_8,18_9_12_3,216,12_1,3
18_9_14_13,3390,14_2,18_9_12_34,3391,12_4,1
18_9_2_5,1542,2_2,18_9_3_12,1556,3_4,14
18_9_4_15,2089,4_5,18_9_2_12,2090,2_1,1
18_9_4_24,2645,4_5,18_9_2_14,2646,2_1,1
18_9_4_74,5580,4_8,18_9_2_77,5581,2_2,1
18_9_5_72,5055,5_2,18_9_7_98,5057,7_8,2
18_9_7_2,403,7_5,18_9_5_14,404,5_4,1
18_9_7_16,1215,7_8,18_9_6_15,1225,6_5,10
18_9_7_79,5045,7_5,18_9_5_77,5046,5_4,1
18_9_9_16,1981,9_2,18_9_10_59,1983,10_8,2
19_11_10_33,2621,10_5,19_11_11_2,2623,11_7,2
19_11_10_55,3655,10_5,19_11_9_46,3656,9_1,1
19_11_12_93,5912,12_2,19_11_13_81,5913,13_5,1
19_11_13_33,2324,13_5,19_11_12_25,2333,12_2,9
19_11_13_44,2866,13_8,19_11_12_33,2873,12_2,7
19_11_13_69,5676,13_8,19_11_14_74,5682,14_8,6
19_11_14_26,2873,14_7,19_11_5_39,2898,5_1,25
19_11_2_18,402,2_8,19_11_4_16,405,4_4,3
19_11_2_27,1742,2_5,19_11_4_29,1745,4_4,3
19_11_2_34,2483,2_5,19_11_4_32,2486,4_7,3
19_11_3_8,542,3_8,19_11_4_19,545,4_8,3
19_11_4_8,278,4_8,19_11_3_4,289,3_1,11
19_11_5_78,5587,5_5,19_11_7_85,5588,7_7,1
19_11_7_64,4260,7_8,19_11_6_81,4276,6_4,16
19_11_9_17,814,9_2,19_11_10_11,819,10_5,5
19_13_10_112,3559,10_5,19_13_9_76,3562,9_1,3
19_13_10_128,3981,10_5,19_13_9_78,3982,9_2,1
19_13_10_230,5594,10_5,19_13_9_132,5595,9_1,1
19_13_11_15,2923,11_2,19_13_10_72,2960,10_4,37
19_13_12_11,136,12_1,19_13_13_9,152,13_1,16
19_13_12_80,675,12_2,19_13_13_36,683,13_4,8
19_13_12_107,1368,12_2,19_13_13_79,1386,13_4,18
19_13_13_137,3949,13_8,19_13_12_158,3953,12_1,4
19_13_13_170,5109,13_5,19_13_14_142,5110,14_8,1
19_13_14_116,4161,14_8,19_13_13_140,4174,13_1,13
19_13_2_2,512,2_5,19_13_4_24,513,4_7,1
19_13_2_3,574,2_5,19_13_4_30,577,4_4,3
19_13_2_17,732,2_5,19_13_4_60,733,4_4,1
19_13_2_23,792,2_8,19_13_4_76,799,4_4,7
19_13_2_98,2526,2_5,19_13_4_186,2528,4_7,2
19_13_4_17,597,4_5,19_13_2_16,601,2_1,4
19_13_4_52,814,4_5,19_13_2_36,816,2_2,2
19_13_4_61,821,4_8,19_13_3_35,825,3_8,4
19_13_4_100,1207,4_8,19_13_2_77,1209,2_2,2
19_13_4_180,2559,4_8,19_13_3_74,2571,3_4,12
19_13_4_276,5001,4_2,19_13_2_173,5002,2_4,1
19_13_4_299,5087,4_5,19_13_2_180,5091,2_1,4
19_13_5_45,1953,5_2,19_13_6_10,1958,6_5,5
19_13_5_70,3278,5_1,19_13_1_60,3286,1_5,8
19_13_7_48,1221,7_8,19_13_6_7,1222,6_8,1
19_13_7_96,3283,7_8,19_13_6_40,3294,6_4,11
19_13_9_102,4770,9_2,19_13_10_179,4772,10_8,2
19_13_9_128,5500,9_2,19_13_10_222,5506,10_5,6
19_15_10_19,499,10_5,19_15_9_7,501,9_1,2
19_15_10_58,2144,10_8,19_15_9_27,2160,9_2,16
19_15_10_69,2308,10_5,19_15_9_34,2310,9_2,2
19_15_13_35,3765,13_5,19_15_12_29,3777,12_2,12
19_15_14_26,4100,14_8,19_15_13_59,4113,13_4,13
19_15_14_42,5846,14_2,19_15_12_57,5849,12_5,3
19_15_2_6,474,2_2,19_15_3_10,516,3_1,42
19_15_2_73,5742,2_5,19_15_4_131,5743,4_7,1
19_15_3_17,1422,3_5,19_15_2_24,1427,2_2,5
19_15_4_1,86,4_8,19_15_3_2,91,3_5,5
19_15_4_48,2358,4_5,19_15_2_27,2362,2_1,4
19_15_4_101,4570,4_5,19_15_2_51,4575,2_1,5
19_15_5_2,236,5_5,19_15_7_3,240,7_7,4
19_15_5_47,2179,5_2,19_15_6_40,2184,6_8,5
19_15_5_49,2245,5_2,19_15_6_44,2255,6_5,10
19_15_9_18,1824,9_2,19_15_10_48,1827,10_5,3
19_15_9_62,5361,9_2,19_15_10_134,5382,10_1,21
19_17_10_11,140,10_2,19_17_11_3,142,11_7,2
19_17_10_16,518,10_5,19_17_9_6,523,9_2,5
19_17_10_94,2539,10_5,19_17_9_90,2541,9_2,2
19_17_12_46,837,12_2,19_17_13_29,839,13_8,2
19_17_12_51,1015,12_5,19_17_14_33,1017,14_7,2
19_17_12_66,1238,12_2,19_17_13_49,1243,13_5,5
19_17_12_118,1731,12_1,19_17_13_98,1734,13_8,3
19_17_12_132,1990,12_2,19_17_13_105,1991,13_8,1
19_17_12_179,2429,12_5,19_17_13_127,2438,13_8,9
19_17_12_225,3200,12_4,19_17_7_93,3206,7_8,6
19_17_12_226,3199,12_2,19_17_13_156,3201,13_5,2
19_17_12_243,3923,12_2,19_17_13_178,3932,13_4,9
19_17_12_275,4731,12_4,19_17_13_191,4737,13_5,6
19_17_12_283,5044,12_2,19_17_13_205,5048,13_5,4
19_17_14_13,1759,14_8,19_17_12_127,1763,12_1,4
19_17_14_103,2272,14_8,19_17_13_113,2277,13_5,5
19_17_2_26,640,2_5,19_17_4_37,643,4_7,3
19_17_2_33,1330,2_0,19_17_3_52,1368,3_8,38
19_17_2_59,3418,2_5,19_17_4_102,3421,4_7,3
19_17_2_67,3809,2_8,19_17_4_113,3810,4_4,1
19_17_2_103,5158,2_5,19_17_3_210,5176,3_4,18
19_17_3_59,1455,3_0,19_17_12_88,1474,12_2,19
19_17_3_101,2289,3_5,19_17_2_46,2292,2_2,3
19_17_3_144,3330,3_0,19_17_13_161,3367,13_3,37
19_17_4_53,1067,4_5,19_17_2_32,1069,2_1,2
19_17_4_57,1374,4_2,19_17_3_56,1384,3_8,10
19_17_4_62,1320,4_8,19_17_2_36,1321,2_1,1
19_17_4_86,2408,4_8,19_17_3_111,2419,3_4,11
19_17_4_96,3057,4_8,19_17_3_139,3075,3_5,18
19_17_4_109,3618,4_5,19_17_2_66,3619,2_1,1
19_17_4_124,4659,4_5,19_17_2_85,4660,2_1,1
19_17_4_133,4864,4_5,19_17_2_91,4867,2_1,3
19_17_4_137,4975,4_8,19_17_2_95,4978,2_1,3
19_17_5_87,4862,5_1,19_17_7_163,4897,7_7,35
19_17_7_80,2397,7_7,19_17_10_92,2401,10_0,4
19_17_7_148,4862,7_8,19_17_5_93,4863,5_1,1
19_17_9_18,940,9_2,19_17_2_30,965,2_2,25
19_17_9_57,1420,9_2,19_17_10_67,1430,10_5,10
19_17_9_82,2174,9_5,19_17_10_89,2182,10_5,8
19_9_12_34,2043,12_5,19_9_13_13,2051,13_5,8
19_9_12_47,2193,12_2,19_9_13_39,2198,13_5,5
19_9_12_50,3544,12_5,19_9_13_83,3554,13_5,10
19_9_12_55,3964,12_1,19_9_13_103,3968,13_5,4
19_9_13_105,4044,13_8,19_9_12_59,4048,12_2,4
19_9_14_24,3547,14_8,19_9_13_83,3554,13_5,7
19_9_14_41,5617,14_5,19_9_3_136,5621,3_0,4
19_9_2_14,1995,2_5,19_9_3_30,2002,3_5,7
19_9_2_52,3034,2_2,19_9_3_68,3074,3_2,40
19_9_2_91,4632,2_8,19_9_4_118,4634,4_4,2
19_9_3_30,2124,3_8,19_9_2_31,2128,2_2,4
19_9_3_38,2242,3_8,19_9_2_34,2243,2_1,1
19_9_4_12,2000,4_8,19_9_3_30,2002,3_5,2
19_9_4_110,3969,4_8,19_9_2_88,3983,2_1,14
19_9_5_1,789,5_2,19_9_6_3,794,6_5,5
19_9_5_73,4705,5_2,19_9_6_43,4712,6_8,7
19_9_7_8,1927,7_8,19_9_6_14,1929,6_5,2
19_9_7_72,3856,7_7,19_9_6_35,3860,6_5,4
20_11_10_89,2702,10_5,20_11_9_32,2707,9_2,5
20_11_10_112,3611,10_8,20_11_9_68,3618,9_2,7
20_11_10_118,3741,10_5,20_11_9_78,3743,9_1,2
20_11_10_156,5378,10_5,20_11_9_91,5397,9_0,19
20_11_10_158,5374,10_8,20_11_9_90,5394,9_0,20
20_11_12_4,1304,12_2,20_11_13_39,1312,13_4,8
20_11_12_11,1616,12_1,20_11_3_32,1618,3_0,2
20_11_2_5,633,2_2,20_11_4_16,634,4_8,1
20_11_2_13,1301,2_5,20_11_4_33,1302,4_7,1
20_11_2_14,1409,2_5,20_11_4_49,1417,4_4,8
20_11_2_25,1401,2_5,20_11_4_47,1404,4_7,3
20_11_2_73,2536,2_5,20_11_4_100,2540,4_7,4
20_11_2_112,3603,2_8,20_11_4_134,3605,4_7,2
20_11_2_119,4485,2_5,20_11_4_147,4488,4_7,3
20_11_2_127,4524,2_5,20_11_4_153,4526,4_7,2
20_11_2_130,4525,2_5,20_11_4_154,4527,4_4,2
20_11_2_142,5338,2_5,20_11_4_178,5340,4_4,2
20_11_4_11,206,4_8,20_11_3_10,216,3_4,10
20_11_5_25,1672,5_1,20_11_6_67,1681,6_4,9
20_11_5_78,3601,5_2,20_11_6_153,3614,6_4,13
20_11_5_108,5127,5_5,20_11_7_168,5133,7_7,6
20_11_5_123,5331,5_2,20_11_6_183,5340,6_4,9
20_11_6_162,4343,6_8,20_11_7_157,4354,7_5,11
20_11_7_94,2479,7_7,20_11_6_87,2489,6_1,10
20_11_7_108,2904,7_8,20_11_6_117,2910,6_1,6
20_13_10_7,123,10_5,20_13_9_2,128,9_1,5
20_13_10_28,386,10_5,20_13_9_7,390,9_2,4
20_13_10_129,2946,10_5,20_13_9_63,2957,9_4,11
20_13_11_19,2980,11_5,20_13_10_141,3020,10_4,40
20_13_12_109,5508,12_1,20_13_13_153,5510,13_8,2
20_13_13_94,2395,13_8,20_13_12_68,2398,12_2,3
20_13_14_63,3002,14_8,20_13_13_109,3006,13_8,4
20_13_2_8,331,2_2,20_13_3_17,340,3_4,9
20_13_2_60,2176,2_5,20_13_4_131,2178,4_7,2
20_13_2_84,2653,2_5,20_13_4_158,2655,4_7,2
20_13_2_125,4796,2_5,20_13_4_207,4833,4_2,37
20_13_4_24,539,4_8,20_13_2_15,542,2_1,3
20_13_4_37,971,4_8,20_13_3_26,998,3_4,27
20_13_4_81,1288,4_8,20_13_3_44,1289,3_8,1
20_13_4_82,1385,4_5,20_13_2_37,1387,2_4,2
20_13_4_112,1929,4_8,20_13_2_52,1932,2_2,3
20_13_4_125,2185,4_5,20_13_2_69,2188,2_4,3
20_13_4_178,4074,4_5,20_13_2_106,4079,2_1,5
20_13_4_183,4115,4_8,20_13_2_111,4122,2_1,7
20_13_4_191,4258,4_5,20_13_2_116,4264,2_1,6
20_13_4_196,4648,4_5,20_13_2_123,4656,2_1,8
20_13_4_217,5521,4_5,20_13_2_147,5525,2_1,4
20_13_4_220,5644,4_8,20_13_2_150,5649,2_1,5
20_13_5_15,741,5_2,20_13_6_33,745,6_5,4
20_13_6_66,1704,6_8,20_13_7_68,1706,7_7,2
20_13_6_119,3679,6_8,20_13_5_109,3682,5_1,3
20_13_7_5,275,7_4,20_13_6_7,281,6_5,6
20_13_7_197,5731,7_7,20_13_6_135,5741,6_4,10
20_13_9_66,3008,9_2,20_13_10_141,3020,10_4,12
20_15_10_10,1059,10_5,20_15_9_6,1064,9_2,5
20_15_12_10,718,12_5,20_15_13_14,733,13_1,15
20_15_12_38,1569,12_2,20_15_13_25,1588,13_4,19
20_15_13_25,1728,13_5,20_15_14_23,1734,14_8,6
20_15_14_22,1572,14_8,20_15_13_25,1588,13_4,16
20_15_14_23,1777,14_8,20_15_13_27,1784,13_4,7
20_15_2_19,1235,2_5,20_15_4_36,1239,4_7,4
20_15_5_18,1066,5_1,20_15_10_21,1085,10_0,19
20_15_5_40,1689,5_2,20_15_6_61,1703,6_4,14
20_15_5_86,3588,5_1,20_15_6_130,3590,6_8,2
20_15_6_50,1515,6_8,20_15_7_45,1521,7_8,6
20_15_6_115,3427,6_5,20_15_7_90,3430,7_8,3
20_15_6_155,4455,6_0,20_15_12_87,4500,12_7,45
20_15_7_50,1692,7_8,20_15_6_61,1703,6_4,11
20_15_7_120,3830,7_7,20_15_6_136,3839,6_1,9
20_15_9_15,1336,9_2,20_15_10_30,1339,10_5,3
20_15_9_20,1446,9_2,20_15_10_45,1449,10_5,3
20_15_9_28,1972,9_2,20_15_10_65,1975,10_5,3
20_15_9_31,2175,9_2,20_15_10_77,2177,10_5,2
20_17_10_202,5852,10_5,20_17_9_145,5854,9_2,2
20_17_11_3,1271,11_2,20_17_9_32,1273,9_4,2
20_17_11_40,3803,11_7,20_17_9_108,3849,9_2,46
20_17_11_41,3798,11_7,20_17_10_157,3835,10_4,37
20_17_12_10,377,12_4,20_17_13_14,387,13_8,10
20_17_12_18,805,12_2,20_17_13_26,820,13_1,15
20_17_13_115,4527,13_8,20_17_14_88,4528,14_8,1
20_17_14_12,381,14_8,20_17_13_14,387,13_8,6
20_17_14_13,508,14_8,20_17_13_17,512,13_5,4
20_17_14_15,805,14_8,20_17_13_26,820,13_1,15
20_17_14_103,5960,14_8,20_17_13_140,5977,13_1,17
20_17_4_3,112,4_8,20_17_2_10,118,2_1,6
20_17_4_68,2550,4_2,20_17_2_53,2552,2_4,2
20_17_4_85,3497,4_8,20_17_3_66,3504,3_5,7
20_17_4_103,4530,4_5,20_17_2_94,4534,2_1,4
20_17_4_108,5252,4_2,20_17_2_110,5269,2_1,17
20_17_5_35,2236,5_2,20_17_6_50,2244,6_4,8
20_17_5_61,3163,5_2,20_17_6_71,3166,6_8,3
20_17_5_68,3434,5_1,20_17_6_75,3440,6_8,6
20_17_5_99,5555,5_2,20_17_6_107,5556,6_8,1
20_17_6_76,3589,6_8,20_17_5_75,3591,5_2,2
20_17_6_101,5155,6_5,20_17_5_92,5157,5_1,2
20_17_7_17,335,7_8,20_17_6_20,346,6_4,11
20_17_7_40,2225,7_5,20_17_6_50,2244,6_4,19
20_17_7_60,2831,7_5,20_17_5_58,2853,5_0,22
20_17_9_77,3268,9_2,20_17_10_127,3272,10_5,4
20_17_9_126,4719,9_2,20_17_10_180,4722,10_5,3
20_17_9_137,4711,9_2,20_17_10_181,4727,10_1,16
20_19_10_71,4824,10_1,20_19_6_54,4867,6_3,43
20_19_5_62,4740,5_2,20_19_6_50,4742,6_5,2
20_19_7_153,4737,7_8,20_19_6_50,4742,6_5,5
20_19_9_45,5714,9_1,20_19_10_84,5719,10_8,5
20_9_11_2,306,11_5,20_9_10_19,352,10_5,46
20_9_14_17,1394,14_8,20_9_13_36,1407,13_1,13
20_9_2_3,453,2_5,20_9_4_9,457,4_7,4
20_9_4_25,1010,4_5,20_9_2_20,1014,2_1,4
20_9_4_54,3087,4_5,20_9_2_58,3088,2_1,1
20_9_4_62,4453,4_8,20_9_3_39,4456,3_8,3
20_9_4_66,4105,4_7,20_9_2_87,4112,2_4,7
20_9_5_20,1083,5_2,20_9_7_30,1094,7_8,11
20_9_6_1,99,6_5,20_9_5_2,101,5_2,2
20_9_6_69,4835,6_3,20_9_5_87,4859,5_1,24
20_9_7_111,4856,7_5,20_9_5_87,4859,5_1,3
20_9_9_7,349,9_2,20_9_10_19,352,10_5,3
20_9_9_22,1392,9_2,20_9_10_37,1393,10_5,1
