frame_num,obj_id,camera,x1,y1,x2,y2
241,1_6_1,2,278,135,300,210
242,1_6_1,2,277,133,301,214
243,1_6_1,2,278,135,301,212
244,1_6_1,2,279,138,301,212
245,1_6_1,2,279,139,302,216
246,1_6_1,2,281,137,303,212
247,1_6_1,2,282,135,305,212
248,1_6_1,2,284,138,306,212
249,1_6_1,2,285,135,308,215
250,1_6_1,2,287,137,310,216
251,1_6_1,2,288,137,311,216
252,1_6_1,2,286,137,310,220
253,1_6_1,2,286,136,310,221
254,1_6_1,2,286,132,311,221
255,1_6_1,2,286,134,311,223
256,1_6_1,2,286,134,311,224
257,1_6_1,2,285,136,310,224
258,1_6_1,2,285,139,309,223
259,1_6_1,2,286,137,310,224
260,1_6_1,2,287,138,311,224
261,1_6_1,2,289,140,313,225
262,1_6_1,2,289,140,313,226
263,1_6_1,2,289,139,313,226
264,1_6_1,2,289,139,314,228
265,1_6_1,2,290,140,314,228
266,1_6_1,2,291,140,315,228
267,1_6_1,2,291,143,315,228
268,1_6_1,2,291,143,314,229
269,1_6_1,2,289,141,313,230
270,1_6_1,2,288,141,312,231
271,1_6_1,2,287,139,312,233
272,1_6_1,2,287,139,312,235
273,1_6_1,2,287,139,312,236
274,1_6_1,2,282,141,308,238
275,1_6_1,2,282,142,308,239
276,1_6_1,2,283,144,309,241
277,1_6_1,2,282,144,308,242
278,1_6_1,2,283,147,309,243
279,1_6_1,2,281,148,308,246
280,1_6_1,2,281,150,308,248
281,1_6_1,2,280,150,308,249
282,1_6_1,2,281,151,309,251
283,1_6_1,2,282,151,310,253
284,1_6_1,2,281,154,309,254
285,1_6_1,2,279,153,307,255
286,1_6_1,2,277,152,307,257
287,1_6_1,2,277,154,306,260
288,1_6_1,2,277,153,307,260
289,1_6_1,2,278,155,308,261
290,1_6_1,2,276,151,308,264
291,1_6_1,2,275,153,308,268
292,1_6_1,2,276,157,308,272
293,1_6_1,2,277,157,309,271
294,1_6_1,2,278,154,311,274
295,1_6_1,2,279,154,313,275
296,1_6_1,2,279,152,314,277
297,1_6_1,2,280,149,316,278
298,1_6_1,2,283,149,321,281
299,1_6_1,2,286,142,325,284
300,1_6_1,2,288,144,328,287
301,1_6_1,2,290,147,329,288
302,1_6_1,2,291,149,329,288
303,1_6_1,2,290,150,330,291
304,1_6_1,2,292,153,331,294
305,1_6_1,2,294,155,334,298
306,1_6_1,2,296,161,335,302
307,1_6_1,2,294,165,333,304
308,1_6_1,2,291,165,331,307
309,1_6_1,2,292,164,333,309
310,1_6_1,2,292,164,334,310
311,1_6_1,2,292,163,336,315
312,1_6_1,2,292,165,336,319
313,1_6_1,2,289,164,335,323
314,1_6_1,2,289,166,336,327
315,1_6_1,2,291,170,338,330
316,1_6_1,2,294,172,341,333
317,1_6_1,2,295,176,342,338
318,1_6_1,2,291,175,341,343
319,1_6_1,2,289,169,341,347
320,1_6_1,2,290,173,342,352
321,1_6_1,2,292,176,344,354
322,1_6_1,2,292,175,346,361
323,1_6_1,2,290,178,345,365
324,1_6_1,2,287,179,342,368
325,1_6_1,2,284,180,341,375
326,1_6_1,2,283,182,342,380
327,1_6_1,2,284,181,345,385
328,1_6_1,2,285,185,346,391
329,1_6_1,2,284,190,346,398
330,1_6_1,2,281,189,344,403
331,1_6_1,2,282,196,346,409
332,1_6_1,2,284,197,349,412
333,1_6_1,2,286,197,354,422
334,1_6_1,2,284,205,353,429
335,1_6_1,2,280,203,351,436
336,1_6_1,2,276,204,351,445
337,1_6_1,2,278,208,354,453
338,1_6_1,2,281,208,359,457
339,1_6_1,2,282,210,363,472
340,1_6_1,2,279,216,364,487
341,1_6_1,2,276,218,362,492
342,1_6_1,2,274,220,364,505
343,1_6_1,2,276,226,368,515
344,1_6_1,2,279,227,374,524
345,1_6_1,2,281,234,380,541
346,1_6_1,2,279,239,381,557
347,1_6_1,2,278,239,382,565
348,1_6_1,2,280,243,388,582
349,1_6_1,2,282,244,393,592
350,1_6_1,2,282,248,399,616
351,1_6_1,2,283,258,404,642
352,1_6_1,2,279,260,403,654
353,1_6_1,2,282,268,409,668
354,1_6_1,2,283,281,416,696
355,1_6_1,2,290,285,425,707
356,1_6_1,2,293,295,436,743
357,1_6_1,2,288,308,437,774
358,1_6_1,2,282,312,437,785
359,1_6_1,2,285,329,451,825
360,1_6_1,2,292,343,464,852
361,1_6_1,2,294,351,475,885
362,1_6_1,2,290,374,482,943
363,1_6_1,2,279,387,478,973
364,1_6_1,2,271,398,489,1026
365,1_6_1,2,266,429,491,1063
366,1_6_1,2,271,450,496,1075
367,1_6_1,2,274,476,496,1081
368,1_6_1,2,269,520,485,1085
369,1_6_1,2,239,549,454,1085
370,1_6_1,2,215,595,426,1084
371,1_6_1,2,207,658,408,1084
371,1_6_1,4,1387,851,1685,1070
372,1_6_1,2,196,709,390,1077
372,1_6_1,4,1335,751,1765,1068
373,1_6_1,2,140,787,315,1078
373,1_6_1,4,1323,690,1839,1074
374,1_6_1,2,83,858,232,1081
374,1_6_1,4,1324,639,1898,1074
375,1_6_1,2,67,903,191,1089
375,1_6_1,4,1332,582,1963,1072
376,1_6_1,4,1367,549,2018,1070
377,1_6_1,4,1405,518,2076,1072
378,1_6_1,4,1442,503,2105,1073
379,1_6_1,4,1463,490,2115,1074
380,1_6_1,4,1481,488,2110,1078
381,1_6_2,2,304,124,328,182
381,1_6_1,4,1509,500,2098,1078
382,1_6_2,2,303,124,327,182
382,1_6_1,4,1530,510,2080,1074
383,1_6_2,2,303,122,328,183
383,1_6_1,4,1549,531,2057,1075
384,1_6_2,2,303,120,329,184
384,1_6_1,4,1574,567,2028,1071
385,1_6_2,2,303,119,329,183
385,1_6_1,4,1587,590,2008,1073
386,1_6_2,2,304,121,329,181
386,1_6_1,4,1601,608,1990,1070
387,1_6_2,2,306,122,330,181
387,1_6_1,4,1608,614,1980,1070
388,1_6_2,2,305,122,329,183
388,1_6_1,4,1614,619,1972,1069
389,1_6_2,2,305,123,329,182
389,1_6_1,4,1620,620,1967,1069
390,1_6_2,2,305,122,329,182
390,1_6_1,4,1625,620,1966,1073
391,1_6_2,2,306,121,330,182
391,1_6_1,4,1626,621,1959,1074
392,1_6_2,2,306,121,331,182
392,1_6_1,4,1627,621,1954,1076
393,1_6_2,2,306,121,330,182
393,1_6_1,4,1629,622,1950,1077
394,1_6_2,2,305,122,330,185
394,1_6_1,4,1632,622,1946,1076
395,1_6_2,2,305,122,330,186
395,1_6_1,4,1634,621,1943,1076
396,1_6_2,2,305,124,329,185
396,1_6_1,4,1636,620,1942,1076
397,1_6_2,2,306,124,329,185
397,1_6_1,4,1638,619,1940,1077
398,1_6_2,2,305,124,329,186
398,1_6_1,4,1641,620,1936,1073
399,1_6_2,2,305,123,329,187
399,1_6_1,4,1641,619,1935,1076
400,1_6_2,2,305,123,329,188
400,1_6_1,4,1643,618,1932,1072
401,1_6_2,2,306,126,329,187
401,1_6_1,4,1646,620,1931,1074
402,1_6_2,2,307,130,328,187
402,1_6_1,4,1647,621,1929,1075
403,1_6_2,2,307,132,328,188
403,1_6_1,4,1649,622,1927,1073
404,1_6_2,2,307,131,328,188
404,1_6_1,4,1649,620,1926,1073
405,1_6_2,2,306,130,328,189
405,1_6_1,4,1650,620,1924,1073
406,1_6_2,2,306,130,329,189
406,1_6_1,4,1652,619,1926,1074
407,1_6_2,2,308,131,329,187
407,1_6_1,4,1652,618,1926,1076
408,1_6_2,2,306,129,329,188
408,1_6_1,4,1654,619,1925,1076
409,1_6_2,2,306,129,329,188
409,1_6_1,4,1655,620,1924,1075
410,1_6_2,2,306,127,330,189
410,1_6_1,4,1655,620,1923,1075
411,1_6_2,2,306,123,330,190
411,1_6_1,4,1657,619,1921,1070
412,1_6_2,2,305,121,331,190
412,1_6_1,4,1656,619,1921,1072
413,1_6_2,2,306,121,331,189
413,1_6_1,4,1655,605,1923,1067
414,1_6_2,2,307,124,331,189
414,1_6_1,4,1648,569,1935,1073
415,1_6_2,2,309,127,331,191
415,1_6_1,4,1645,544,1942,1077
416,1_6_2,2,308,126,332,192
416,1_6_1,4,1661,565,1939,1072
417,1_6_2,2,307,123,332,192
417,1_6_1,4,1680,588,1942,1075
418,1_6_2,2,306,124,332,194
418,1_6_1,4,1734,644,1948,1055
419,1_6_2,2,308,125,333,193
419,1_6_1,4,1740,648,1952,1054
420,1_6_2,2,309,125,334,194
421,1_6_2,2,310,126,335,195
422,1_6_2,2,309,126,335,195
423,1_6_2,2,311,130,334,195
424,1_6_2,2,310,131,334,196
425,1_6_2,2,309,132,333,197
426,1_6_2,2,310,140,332,199
427,1_6_2,2,307,138,332,202
428,1_6_2,2,305,130,332,202
429,1_6_2,2,307,134,333,203
430,1_6_2,2,309,137,334,202
431,1_6_2,2,309,133,336,204
432,1_6_2,2,310,137,337,206
433,1_6_2,2,309,135,336,206
434,1_6_2,2,308,134,336,206
435,1_6_2,2,301,130,331,210
436,1_6_2,2,300,129,330,212
437,1_6_2,2,295,142,321,213
438,1_6_2,2,294,145,319,214
439,1_6_2,2,293,146,317,214
440,1_6_2,2,293,147,316,213
441,1_6_2,2,294,146,317,211
442,1_6_2,2,296,148,317,213
443,1_6_2,2,295,148,316,213
444,1_6_2,2,295,148,316,213
445,1_6_2,2,295,147,316,216
446,1_6_2,2,294,148,317,220
447,1_6_2,2,296,150,317,220
448,1_6_2,2,297,152,318,221
449,1_6_2,2,298,153,318,222
450,1_6_2,2,298,154,318,221
451,1_6_2,2,298,153,318,222
452,1_6_2,2,299,151,320,222
453,1_6_2,2,300,153,320,223
454,1_6_2,2,301,153,321,222
455,1_6_2,2,302,152,322,224
456,1_6_2,2,302,153,322,225
457,1_6_2,2,302,152,323,227
458,1_6_2,2,302,152,323,228
459,1_6_2,2,303,153,325,228
460,1_6_2,2,304,153,326,229
461,1_6_2,2,304,154,326,230
462,1_6_2,2,305,155,326,229
463,1_6_2,2,305,154,328,230
464,1_6_2,2,306,154,329,231
465,1_6_2,2,305,155,328,231
466,1_6_2,2,305,154,329,232
467,1_6_2,2,306,155,330,235
468,1_6_2,2,305,155,330,238
469,1_6_2,2,305,156,331,242
470,1_6_2,2,304,157,330,242
471,1_6_2,2,304,158,330,243
472,1_6_2,2,304,157,331,246
473,1_6_2,2,303,157,330,248
474,1_6_2,2,302,156,330,250
475,1_6_2,2,302,158,329,251
476,1_6_2,2,302,160,329,250
477,1_6_2,2,303,161,330,254
478,1_6_2,2,302,161,330,256
479,1_6_2,2,302,161,331,257
480,1_6_2,2,302,163,331,259
481,1_6_2,2,304,164,332,257
482,1_6_2,2,305,162,335,262
483,1_6_2,2,306,162,336,265
484,1_6_2,2,305,164,335,266
485,1_6_2,2,304,164,335,267
486,1_6_2,2,304,167,335,269
487,1_6_2,2,304,168,335,271
488,1_6_2,2,304,167,335,272
489,1_6_2,2,304,168,335,273
490,1_6_2,2,303,169,335,276
491,1_6_2,2,302,172,334,278
492,1_6_2,2,303,173,334,278
493,1_6_2,2,303,172,336,281
494,1_6_2,2,301,173,336,287
495,1_6_2,2,299,172,335,289
496,1_6_2,2,298,172,334,288
497,1_6_2,2,299,172,335,291
498,1_6_2,2,301,173,338,295
499,1_6_2,2,301,176,338,297
500,1_6_2,2,300,176,339,300
501,1_6_2,2,300,180,338,302
502,1_6_2,2,302,183,339,302
503,1_6_2,2,303,183,341,304
504,1_6_2,2,304,185,343,308
505,1_6_2,2,301,185,340,307
506,1_6_2,2,298,184,338,309
507,1_6_2,2,298,188,338,313
508,1_6_2,2,297,189,337,315
509,1_6_2,2,296,186,339,319
510,1_6_2,2,294,187,337,322
511,1_6_2,2,291,188,334,323
512,1_6_2,2,288,190,332,330
513,1_6_2,2,289,191,334,333
514,1_6_2,2,291,190,337,337
515,1_6_2,2,291,193,337,342
516,1_6_2,2,290,193,336,340
517,1_6_2,2,288,193,335,346
518,1_6_2,2,289,194,337,351
519,1_6_2,2,292,197,339,351
520,1_6_2,2,294,198,341,356
521,1_6_2,2,295,201,342,358
522,1_6_2,2,296,202,343,361
523,1_6_2,2,300,210,346,365
524,1_6_2,2,304,213,350,367
525,1_6_2,2,305,213,354,373
526,1_6_2,2,304,214,353,379
527,1_6_2,2,299,212,350,383
528,1_6_2,2,296,213,348,387
529,1_6_2,2,293,215,345,391
530,1_6_2,2,290,215,342,395
531,1_6_2,2,286,216,340,403
532,1_6_2,2,282,217,335,401
533,1_6_2,2,279,218,333,407
534,1_6_2,2,279,221,334,414
535,1_6_2,2,283,224,337,414
536,1_6_2,2,286,227,340,417
537,1_6_2,2,289,230,344,421
538,1_6_2,2,293,231,350,428
539,1_6_2,2,297,233,358,441
540,1_6_2,2,303,234,366,449
541,1_6_2,2,309,236,373,456
542,1_6_2,2,310,241,375,465
543,1_6_2,2,310,245,376,469
544,1_6_2,2,312,247,377,473
545,1_6_2,2,312,253,379,482
546,1_6_2,2,316,254,385,492
547,1_6_2,2,317,257,389,502
548,1_6_2,2,312,264,387,512
549,1_6_2,2,309,266,386,526
550,1_6_2,2,306,271,384,534
551,1_6_2,2,307,276,391,556
552,1_6_2,2,313,279,396,560
553,1_6_2,2,314,284,401,576
554,1_6_2,2,312,292,401,587
555,1_6_2,2,308,296,398,595
556,1_6_2,2,308,302,403,618
557,1_6_2,2,313,305,412,634
558,1_6_2,2,321,309,424,650
559,1_6_2,2,324,320,430,672
560,1_6_2,2,325,327,432,684
561,1_6_2,2,330,337,441,705
562,1_6_2,2,336,346,451,728
563,1_6_2,2,346,350,465,740
564,1_6_2,2,352,360,479,777
565,1_6_2,2,357,375,488,803
566,1_6_2,2,361,387,493,813
567,1_6_2,2,364,399,505,854
568,1_6_2,2,372,414,517,874
569,1_6_2,2,380,434,532,910
570,1_6_2,2,372,455,535,961
571,1_6_2,2,362,469,531,990
572,1_6_2,2,360,495,538,1041
573,1_6_2,2,365,524,542,1063
574,1_6_2,2,377,554,555,1078
575,1_6_2,2,390,591,565,1082
576,1_6_2,2,404,633,572,1082
577,1_6_2,2,410,665,575,1084
578,1_6_2,2,442,712,596,1083
579,1_6_2,2,493,769,638,1080
580,1_6_2,2,511,799,649,1093
588,1_6_2,4,1336,497,1529,1024
589,1_6_2,4,1352,481,1549,1017
590,1_6_2,4,1366,466,1561,994
591,1_6_2,4,1396,444,1576,933
592,1_6_2,4,1416,427,1593,912
593,1_6_2,4,1428,413,1595,873
594,1_6_2,4,1440,398,1598,832
595,1_6_2,4,1455,390,1606,802
596,1_6_2,4,1469,378,1614,773
597,1_6_2,4,1482,363,1626,759
598,1_6_2,4,1486,355,1628,750
599,1_6_2,4,1488,342,1622,716
600,1_6_2,4,1488,334,1619,699
601,1_6_2,4,1491,331,1619,689
602,1_6_2,4,1496,323,1616,660
603,1_6_2,4,1498,313,1617,649
604,1_6_2,4,1497,304,1610,626
605,1_6_2,4,1497,299,1605,606
606,1_6_2,4,1497,295,1603,594
607,1_6_2,4,1505,287,1607,578
608,1_6_2,4,1509,279,1610,569
609,1_6_2,4,1513,270,1614,568
610,1_6_2,4,1516,266,1612,550
611,1_6_2,4,1521,265,1612,536
612,1_6_2,4,1526,262,1614,524
613,1_6_2,4,1540,259,1624,511
614,1_6_2,4,1550,257,1632,504
615,1_6_2,4,1555,255,1635,495
616,1_6_2,4,1559,251,1636,485
617,1_6_2,4,1567,251,1642,481
618,1_6_2,4,1577,245,1652,472
619,1_6_2,4,1587,242,1660,465
620,1_6_2,4,1592,241,1663,462
621,1_6_2,4,1590,237,1660,453
622,1_6_2,4,1589,234,1658,448
623,1_6_2,4,1591,234,1659,444
624,1_6_2,4,1595,233,1661,436
625,1_6_2,4,1598,230,1662,430
626,1_6_2,4,1598,229,1660,425
627,1_6_2,4,1593,225,1655,418
628,1_6_2,4,1592,226,1653,413
629,1_6_2,4,1592,221,1653,408
630,1_6_2,4,1595,218,1654,402
631,1_6_2,4,1596,217,1654,400
632,1_6_2,4,1596,213,1653,395
633,1_6_2,4,1595,212,1650,389
634,1_6_2,4,1598,218,1649,384
635,1_6_2,4,1600,213,1651,377
636,1_6_2,4,1603,203,1654,374
637,1_6_2,4,1604,204,1654,369
638,1_6_2,4,1604,201,1652,363
639,1_6_2,4,1604,199,1652,359
640,1_6_2,4,1604,194,1652,358
641,1_6_2,4,1605,192,1653,354
642,1_6_2,4,1606,193,1653,352
643,1_6_2,4,1605,193,1650,348
644,1_6_2,4,1605,191,1648,341
645,1_6_2,4,1604,191,1647,340
646,1_6_2,4,1604,188,1646,334
647,1_6_2,4,1604,186,1646,332
648,1_6_2,4,1603,186,1644,328
649,1_6_2,4,1604,187,1643,321
650,1_6_2,4,1603,184,1642,322
651,1_6_2,4,1603,180,1642,318
652,1_6_2,4,1604,179,1643,314
653,1_6_2,4,1607,177,1645,310
654,1_6_2,4,1609,176,1646,306
655,1_6_2,4,1611,176,1647,302
656,1_6_2,4,1612,175,1647,298
657,1_6_2,4,1617,168,1654,302
658,1_6_2,4,1619,169,1657,300
659,1_6_2,4,1619,173,1655,298
660,1_6_2,4,1618,174,1654,298
661,1_6_2,4,1619,177,1653,296
662,1_6_2,4,1618,177,1652,293
663,1_6_2,4,1618,175,1652,291
664,1_6_2,4,1619,175,1652,288
665,1_6_2,4,1618,177,1651,288
666,1_6_2,4,1619,176,1651,286
672,1_6_2,4,1628,171,1657,268
673,1_6_2,4,1632,170,1661,268
674,1_6_2,4,1635,169,1664,267
675,1_6_2,4,1636,168,1665,265
676,1_6_2,4,1635,170,1663,263
677,1_6_2,4,1634,169,1663,264
678,1_6_2,4,1634,167,1663,263
679,1_6_2,4,1633,168,1662,261
680,1_6_2,4,1634,164,1663,261
681,1_6_2,4,1634,166,1662,256
682,1_6_2,4,1632,168,1660,255
683,1_6_2,4,1632,164,1660,254
684,1_6_2,4,1632,161,1661,253
685,1_6_2,4,1632,165,1659,251
686,1_6_2,4,1628,158,1659,251
687,1_6_2,4,1628,157,1658,250
690,1_6_2,4,1627,155,1656,245
691,1_6_2,4,1627,154,1655,243
693,1_6_2,4,1625,154,1652,239
694,1_6_2,4,1625,153,1652,237
698,1_6_2,4,1614,154,1640,235
699,1_6_2,4,1619,153,1645,234
700,1_6_2,4,1623,154,1648,231
701,1_6_2,4,1623,154,1648,230
702,1_6_2,4,1627,153,1652,228
703,1_6_2,4,1628,152,1653,228
704,1_6_2,4,1628,151,1653,227
705,1_6_2,4,1629,150,1655,226
706,1_6_2,4,1630,149,1655,225
796,1_6_4,2,325,124,354,203
797,1_6_4,2,325,124,354,203
798,1_6_4,2,327,127,355,204
799,1_6_4,2,328,126,358,207
800,1_6_4,2,329,127,359,208
801,1_6_4,2,330,128,360,210
803,1_6_4,2,329,123,361,212
804,1_6_4,2,331,128,362,214
805,1_6_4,2,332,129,363,215
808,1_6_4,2,333,126,367,218
809,1_6_4,2,334,129,368,219
810,1_6_4,2,335,131,369,221
811,1_6_4,2,336,131,370,222
813,1_6_4,2,340,139,372,222
814,1_6_4,2,338,137,372,222
815,1_6_4,2,343,143,376,224
816,1_6_4,2,343,142,376,223
817,1_6_4,2,344,144,377,224
819,1_6_4,2,346,145,379,226
820,1_6_4,2,347,146,380,226
821,1_6_4,2,348,145,381,228
822,1_6_4,2,346,140,381,228
823,1_6_4,2,346,138,382,229
824,1_6_4,2,346,139,382,231
825,1_6_4,2,345,137,383,234
826,1_6_4,2,347,144,384,236
827,1_6_4,2,350,149,385,237
828,1_6_4,2,351,145,385,234
829,1_6_4,2,352,146,387,234
830,1_6_4,2,351,144,389,242
831,1_6_4,2,351,146,390,246
832,1_6_4,2,352,146,392,249
833,1_6_4,2,355,146,394,249
834,1_6_4,2,357,146,395,247
835,1_6_4,2,359,147,394,244
836,1_6_4,2,358,148,396,253
837,1_6_4,2,357,145,397,259
838,1_6_4,2,359,145,398,258
839,1_6_4,2,359,142,400,260
840,1_6_4,2,359,138,401,260
841,1_6_4,2,360,139,401,260
842,1_6_4,2,359,139,402,264
843,1_6_4,2,359,138,403,267
844,1_6_4,2,360,138,403,267
845,1_6_4,2,360,141,404,268
846,1_6_4,2,360,142,404,270
847,1_6_4,2,359,140,404,273
848,1_6_4,2,360,144,404,276
849,1_6_4,2,361,145,405,276
850,1_6_4,2,360,144,406,282
851,1_6_4,2,365,147,408,279
852,1_6_4,2,365,147,410,285
853,1_6_4,2,367,146,413,287
854,1_6_4,2,370,148,415,287
855,1_6_4,2,372,148,417,289
856,1_6_4,2,374,151,419,292
857,1_6_4,2,376,153,421,296
858,1_6_4,2,377,152,424,302
859,1_6_4,2,378,154,426,305
860,1_6_4,2,380,155,426,304
861,1_6_4,2,381,154,430,312
862,1_6_4,2,382,160,431,315
863,1_6_4,2,381,163,430,323
864,1_6_4,2,380,163,430,328
865,1_6_4,2,380,166,430,331
866,1_6_4,2,379,166,430,333
867,1_6_4,2,377,165,429,339
868,1_6_4,2,375,165,427,341
869,1_6_4,2,371,165,425,345
870,1_6_4,2,368,165,423,349
871,1_6_4,2,366,166,422,354
872,1_6_4,2,367,164,424,357
873,1_6_4,2,366,169,423,364
874,1_6_4,2,366,171,424,370
875,1_6_4,2,366,171,427,378
876,1_6_4,2,368,175,432,388
877,1_6_4,2,373,178,436,391
878,1_6_4,2,376,177,441,396
879,1_6_4,2,378,180,443,403
880,1_6_4,2,380,182,446,408
880,1_6_3,3,239,231,342,572
881,1_6_4,2,383,184,451,413
881,1_6_3,3,243,237,349,588
882,1_6_4,2,387,189,456,424
882,1_6_3,3,252,237,361,597
883,1_6_4,2,389,186,462,431
883,1_6_3,3,264,250,380,632
884,1_6_4,2,390,184,467,440
884,1_6_3,3,276,255,394,645
885,1_6_4,2,392,191,468,441
885,1_6_3,3,296,263,418,659
886,1_6_4,2,391,195,469,449
886,1_6_3,3,315,272,444,687
887,1_6_4,2,390,197,471,462
887,1_6_3,3,335,276,467,702
888,1_6_4,2,390,199,474,473
888,1_6_3,3,350,283,489,733
889,1_6_4,2,391,199,478,482
889,1_6_3,3,358,288,504,753
890,1_6_4,2,390,204,482,499
890,1_6_3,3,367,290,516,762
891,1_6_4,2,389,206,484,510
891,1_6_3,3,384,301,542,796
892,1_6_4,2,389,207,486,521
892,1_6_3,3,401,304,568,821
893,1_6_4,2,390,218,490,538
893,1_6_3,3,421,307,596,845
894,1_6_4,2,390,220,493,554
894,1_6_3,3,435,329,624,909
895,1_6_4,2,388,224,496,571
895,1_6_3,3,451,344,646,937
896,1_6_4,2,384,232,496,590
896,1_6_3,3,481,366,686,975
897,1_6_4,2,384,239,499,605
897,1_6_3,3,507,388,721,1017
898,1_6_4,2,382,243,504,632
898,1_6_3,3,535,394,760,1052
899,1_6_4,2,383,254,513,667
899,1_6_3,3,562,419,791,1071
900,1_6_4,2,388,258,521,679
900,1_6_3,3,580,447,808,1077
901,1_6_4,2,386,264,528,710
901,1_6_3,3,606,466,836,1080
902,1_6_4,2,384,272,534,740
902,1_6_3,3,644,508,868,1080
903,1_6_4,2,384,276,538,757
903,1_6_3,3,693,548,914,1080
904,1_6_4,2,379,289,545,802
904,1_6_3,3,740,599,957,1077
905,1_6_4,2,383,301,555,831
905,1_6_3,3,780,687,982,1070
906,1_6_4,2,384,307,564,855
906,1_6_3,3,832,765,1022,1073
907,1_6_4,2,375,325,564,901
907,1_6_3,3,929,859,1084,1076
908,1_6_4,2,361,335,560,935
908,1_6_3,3,986,910,1111,1085
909,1_6_4,2,342,344,549,958
910,1_6_4,2,316,370,536,1017
911,1_6_4,2,299,385,527,1056
912,1_6_4,2,277,394,507,1073
913,1_6_4,2,258,416,485,1080
914,1_6_4,2,233,446,459,1084
915,1_6_4,2,174,467,401,1081
916,1_6_4,2,102,497,327,1083
917,1_6_4,2,32,546,238,1082
918,1_6_4,2,-1,678,153,1085
919,1_6_4,2,-28,711,119,1100
924,1_6_4,3,918,581,1210,1074
925,1_6_4,3,807,528,1128,1069
926,1_6_4,3,731,500,1070,1071
927,1_6_4,3,659,459,1018,1070
928,1_6_4,3,590,420,966,1068
929,1_6_4,3,537,400,913,1063
930,1_6_4,3,490,372,848,1017
931,1_6_4,3,454,347,805,993
932,1_6_4,3,435,335,771,968
933,1_6_4,3,437,319,733,889
934,1_6_4,3,423,305,699,848
935,1_6_4,3,406,294,664,814
936,1_6_4,3,386,275,634,785
937,1_6_4,3,374,270,607,759
938,1_6_4,3,366,263,585,736
939,1_6_4,3,357,253,554,692
940,1_6_4,3,346,259,529,676
941,1_6_4,3,326,254,500,656
942,1_6_4,3,301,241,468,637
943,1_6_4,3,284,243,444,631
944,1_6_4,3,265,234,413,602
945,1_6_4,3,244,227,385,588
946,1_6_4,3,228,229,365,588
947,1_6_4,3,216,230,334,551
948,1_6_4,3,198,242,311,570
949,1_6_4,3,176,239,285,555
954,1_6_3,2,629,379,874,1008
955,1_6_3,2,605,365,857,1011
956,1_6_3,2,603,349,846,975
957,1_6_3,2,599,320,824,897
958,1_6_3,2,583,316,794,861
959,1_6_3,2,567,307,762,813
960,1_6_3,2,544,287,736,789
961,1_6_3,2,526,282,717,778
962,1_6_3,2,523,272,696,724
963,1_6_3,2,516,259,683,702
964,1_6_3,2,504,262,662,683
965,1_6_3,2,492,250,642,650
966,1_6_3,2,476,248,622,642
967,1_6_3,2,474,237,610,606
968,1_6_3,2,469,227,601,589
969,1_6_3,2,464,230,590,581
970,1_6_3,2,452,223,573,562
971,1_6_3,2,442,222,559,551
972,1_6_3,2,437,220,552,544
973,1_6_3,2,432,214,541,524
974,1_6_3,2,426,208,532,512
975,1_6_3,2,415,203,519,502
976,1_6_3,2,402,200,501,483
977,1_6_3,2,394,202,489,475
978,1_6_3,2,387,194,480,463
979,1_6_3,2,384,193,473,451
980,1_6_3,2,376,195,464,449
981,1_6_3,2,365,191,449,436
982,1_6_3,2,354,190,437,430
983,1_6_3,2,347,189,429,427
984,1_6_3,2,342,189,422,419
985,1_6_3,2,336,192,413,414
986,1_6_3,2,330,190,405,406
987,1_6_3,2,324,190,398,399
988,1_6_3,2,322,189,396,397
989,1_6_3,2,323,180,396,388
990,1_6_3,2,321,175,394,384
991,1_6_3,2,317,172,389,383
992,1_6_3,2,314,172,382,373
993,1_6_3,2,312,176,378,369
994,1_6_3,2,315,177,377,359
995,1_6_3,2,316,176,377,356
996,1_6_3,2,316,175,375,354
997,1_6_3,2,315,175,371,346
998,1_6_3,2,313,174,370,342
999,1_6_3,2,314,172,370,337
1000,1_6_3,2,317,168,373,333
1001,1_6_3,2,320,168,374,331
1002,1_6_3,2,319,165,374,330
1003,1_6_3,2,318,164,372,324
1004,1_6_3,2,318,165,370,321
1005,1_6_3,2,321,164,372,313
1006,1_6_3,2,323,160,373,311
1007,1_6_3,2,323,160,373,309
1008,1_6_3,2,322,160,370,304
1009,1_6_3,2,321,159,368,302
1010,1_6_3,2,322,158,368,296
1011,1_6_3,2,321,152,368,295
1012,1_6_3,2,321,153,367,293
1013,1_6_3,2,320,151,365,291
1014,1_6_3,2,318,147,363,288
1015,1_6_3,2,319,149,363,285
1016,1_6_3,2,320,144,364,284
1017,1_6_3,2,321,147,363,280
1018,1_6_3,2,320,148,362,281
1019,1_6_3,2,320,147,360,277
1020,1_6_3,2,318,149,358,276
1021,1_6_3,2,319,148,358,272
1022,1_6_3,2,319,147,357,270
1023,1_6_3,2,319,150,356,269
1024,1_6_3,2,317,145,354,267
1025,1_6_3,2,315,145,352,266
1026,1_6_3,2,316,146,351,265
1027,1_6_3,2,315,143,351,263
1028,1_6_3,2,315,144,349,260
1029,1_6_3,2,313,143,348,259
1030,1_6_3,2,312,141,347,258
1031,1_6_3,2,312,144,344,254
1032,1_6_3,2,312,145,344,253
1033,1_6_3,2,310,139,343,251
1034,1_6_3,2,308,139,341,249
1035,1_6_3,2,306,132,340,247
1036,1_6_3,2,305,136,337,246
1037,1_6_3,2,305,138,336,245
1038,1_6_3,2,304,135,335,243
1039,1_6_3,2,303,130,335,242
1040,1_6_3,2,303,132,334,243
1041,1_6_3,2,301,127,334,243
1042,1_6_3,2,300,125,331,238
1043,1_6_3,2,300,122,331,236
1044,1_6_3,2,300,125,330,236
1045,1_6_3,2,300,127,329,235
1046,1_6_3,2,300,128,329,233
1047,1_6_3,2,299,127,328,232
1048,1_6_3,2,299,130,326,230
1049,1_6_3,2,299,128,326,227
1050,1_6_3,2,297,130,324,227
1051,1_6_3,2,296,133,322,227
1052,1_6_3,2,294,133,320,225
1053,1_6_3,2,293,132,319,224
1054,1_6_3,2,292,130,318,224
1055,1_6_3,2,290,127,318,225
1056,1_6_3,2,289,132,315,224
1057,1_6_3,2,288,133,313,223
1058,1_6_3,2,287,129,312,222
1059,1_6_3,2,286,129,311,221
1060,1_6_3,2,286,131,311,220
1061,1_6_3,2,287,133,311,221
1062,1_6_3,2,286,134,310,221
1063,1_6_3,2,284,132,308,218
1064,1_6_3,2,282,134,306,219
1065,1_6_3,2,283,134,306,216
1066,1_6_3,2,282,135,306,215
1067,1_6_3,2,282,135,306,214
1068,1_6_3,2,281,134,306,215
1069,1_6_3,2,281,132,306,215
1070,1_6_3,2,280,130,305,212
1071,1_6_3,2,281,128,305,207
1072,1_6_3,2,282,127,306,206
1073,1_6_3,2,283,129,306,208
1074,1_6_3,2,283,129,306,207
1075,1_6_3,2,282,129,306,206
1076,1_6_3,2,284,133,306,205
1077,1_6_3,2,284,133,306,204
1080,1_6_3,2,288,134,308,200
1081,1_6_3,2,288,135,308,199
1083,1_6_3,2,290,133,309,197
1084,1_6_3,2,291,133,310,196
1275,1_6_5,3,236,235,345,589
1276,1_6_5,3,239,230,351,594
1277,1_6_5,3,268,238,382,605
1278,1_6_5,3,294,253,414,639
1279,1_6_5,3,314,253,435,641
1280,1_6_5,3,339,270,469,680
1281,1_6_5,3,361,278,495,699
1282,1_6_5,3,378,278,519,715
1283,1_6_5,3,388,289,539,750
1284,1_6_5,3,395,296,553,779
1285,1_6_5,3,405,298,570,804
1286,1_6_5,3,414,319,590,857
1287,1_6_5,3,428,330,611,889
1288,1_6_5,3,438,341,634,939
1289,1_6_5,3,440,367,649,1006
1290,1_6_5,3,438,379,656,1042
1291,1_6_5,3,450,397,672,1065
1292,1_6_5,3,472,433,693,1076
1293,1_6_5,3,508,459,730,1080
1294,1_6_5,3,546,503,766,1081
1295,1_6_5,3,571,564,785,1081
1296,1_6_5,3,595,613,805,1078
1297,1_6_5,3,649,692,848,1074
1298,1_6_5,3,751,781,934,1076
1299,1_6_5,3,797,824,961,1089
1304,1_6_5,4,1797,694,1920,1079
1305,1_6_5,4,1740,514,1921,1079
1306,1_6_5,4,1721,465,1917,1080
1307,1_6_5,4,1714,446,1915,1078
1308,1_6_5,4,1715,444,1915,1073
1309,1_6_5,4,1714,448,1914,1077
1310,1_6_5,4,1718,454,1917,1076
1311,1_6_5,4,1699,452,1901,1075
1312,1_6_5,4,1689,458,1893,1077
1313,1_6_5,4,1683,461,1890,1077
1314,1_6_5,4,1681,458,1890,1069
1315,1_6_5,4,1677,458,1890,1069
1316,1_6_5,4,1676,453,1892,1066
1317,1_6_5,4,1674,451,1894,1068
1318,1_6_5,4,1672,451,1894,1068
1319,1_6_5,4,1670,452,1895,1068
1320,1_6_5,4,1668,453,1894,1067
1321,1_6_5,4,1666,455,1896,1073
1322,1_6_5,4,1665,458,1896,1073
1323,1_6_5,4,1662,456,1894,1073
1324,1_6_5,4,1661,458,1893,1063
1325,1_6_5,4,1659,463,1892,1060
1326,1_6_5,4,1648,467,1887,1066
1327,1_6_5,4,1626,463,1874,1069
1328,1_6_5,4,1617,453,1875,1069
1329,1_6_5,4,1610,448,1875,1069
1330,1_6_5,4,1609,450,1876,1069
1331,1_6_5,4,1612,457,1882,1069
1332,1_6_5,4,1613,469,1884,1072
1333,1_6_5,4,1620,495,1886,1073
1334,1_6_5,4,1634,510,1895,1070
1335,1_6_5,4,1635,515,1894,1070
1336,1_6_5,4,1721,589,1940,1078
1337,1_6_5,4,1772,641,1946,1046
1338,1_6_5,4,1787,659,1952,1043
1420,1_6_6,4,1752,681,1918,1079
1421,1_6_6,4,1718,507,1954,1076
1422,1_6_6,4,1713,481,1958,1077
1423,1_6_6,4,1710,472,1956,1079
1424,1_6_6,4,1704,466,1949,1079
1425,1_6_6,4,1700,467,1942,1080
1426,1_6_6,4,1699,471,1937,1080
1427,1_6_6,4,1693,469,1930,1080
1428,1_6_6,4,1694,469,1930,1080
1429,1_6_6,4,1696,469,1929,1080
1430,1_6_6,4,1697,467,1929,1080
1431,1_6_6,4,1699,469,1927,1080
1432,1_6_6,4,1700,470,1926,1080
1433,1_6_6,4,1701,469,1925,1079
1434,1_6_6,4,1702,468,1924,1079
1435,1_6_6,4,1702,469,1923,1079
1436,1_6_6,4,1705,471,1923,1079
1437,1_6_6,4,1706,472,1923,1079
1438,1_6_6,4,1707,472,1922,1080
1439,1_6_6,4,1708,473,1921,1080
1440,1_6_6,4,1708,474,1920,1080
1441,1_6_6,4,1709,475,1919,1080
1442,1_6_6,4,1709,475,1919,1080
1443,1_6_6,4,1710,475,1918,1080
1444,1_6_6,4,1710,474,1918,1080
1445,1_6_6,4,1710,472,1918,1080
1446,1_6_6,4,1710,472,1917,1080
1447,1_6_6,4,1711,473,1916,1075
1448,1_6_6,4,1710,471,1916,1076
1449,1_6_6,4,1710,472,1916,1078
1450,1_6_6,4,1710,471,1916,1078
1451,1_6_6,4,1710,470,1916,1077
1452,1_6_6,4,1711,474,1916,1079
1453,1_6_6,4,1714,476,1917,1076
1454,1_6_6,4,1721,477,1922,1078
1455,1_6_6,4,1726,532,1911,1076
1456,1_6_6,4,1729,563,1906,1072
1457,1_6_6,4,1765,650,1912,1070
1458,1_6_6,3,572,896,788,1075
1458,1_6_6,4,1772,669,1911,1069
1459,1_6_6,3,552,820,855,1070
1460,1_6_6,3,488,763,855,1065
1461,1_6_6,3,408,709,840,1065
1462,1_6_6,3,339,648,841,1066
1463,1_6_6,3,271,592,830,1066
1464,1_6_6,3,216,548,813,1068
1465,1_6_6,3,171,504,799,1067
1466,1_6_6,3,132,461,784,1066
1467,1_6_6,3,123,436,775,1067
1468,1_6_6,3,124,400,777,1063
1469,1_6_6,3,130,379,760,1050
1470,1_6_6,3,131,361,730,1034
1471,1_6_6,3,138,341,672,969
1472,1_6_6,3,145,328,639,939
1473,1_6_6,3,163,315,617,904
1474,1_6_6,3,192,300,587,837
1475,1_6_6,3,202,292,567,811
1476,1_6_6,3,210,287,543,785
1477,1_6_6,3,221,275,520,741
1478,1_6_6,3,219,270,504,733
1479,1_6_6,3,230,265,486,698
1480,1_6_6,3,238,261,472,674
1481,1_6_6,3,239,262,456,662
1482,1_6_6,3,236,251,435,631
1483,1_6_6,3,223,240,409,608
1484,1_6_6,3,215,233,394,597
1485,1_6_6,3,210,230,372,570
1486,1_6_6,3,209,226,365,567
1487,1_6_6,3,208,237,352,562
1488,1_6_6,3,201,230,340,545
2072,1_6_7,6,257,122,306,324
2073,1_6_7,6,263,125,311,324
2074,1_6_7,6,277,124,327,325
2075,1_6_7,6,298,132,347,327
2076,1_6_7,6,318,128,370,329
2077,1_6_7,6,337,132,390,333
2078,1_6_7,6,355,134,411,339
2079,1_6_7,6,372,133,430,341
2080,1_6_7,6,390,138,452,350
2081,1_6_7,6,408,138,474,357
2082,1_6_7,6,426,139,493,355
2083,1_6_7,6,443,142,513,363
2084,1_6_7,6,459,142,533,371
2085,1_6_7,6,478,146,557,387
2086,1_6_7,6,494,148,577,393
2087,1_6_7,6,515,150,599,394
2088,1_6_7,6,535,157,625,410
2089,1_6_7,6,553,158,646,416
2090,1_6_7,6,569,160,666,428
2091,1_6_7,6,585,164,687,442
2092,1_6_7,6,608,166,714,451
2093,1_6_7,6,628,176,740,470
2094,1_6_7,6,637,179,753,482
2095,1_6_7,6,645,184,765,493
2096,1_6_7,6,660,189,787,513
2097,1_6_7,6,676,193,807,527
2098,1_6_7,6,690,201,830,549
2099,1_6_7,6,702,210,849,573
2100,1_6_7,6,718,216,868,590
2101,1_6_7,6,734,231,892,621
2102,1_6_7,6,765,237,926,632
2103,1_6_7,6,792,246,966,665
2104,1_6_7,6,818,263,1002,700
2105,1_6_7,6,848,273,1032,711
2106,1_6_7,6,875,294,1066,750
2107,1_6_7,6,911,310,1110,780
2107,1_6_8,14,0,476,47,754
2108,1_6_7,6,965,321,1177,814
2108,1_6_8,14,6,476,53,755
2109,1_6_7,6,1003,344,1236,881
2109,1_6_8,14,15,484,67,781
2110,1_6_7,6,1048,360,1283,904
2110,1_6_8,14,19,463,77,791
2111,1_6_7,6,1085,387,1332,955
2111,1_6_8,14,26,449,90,792
2112,1_6_7,6,1132,420,1390,1005
2112,1_6_8,14,42,443,113,797
2113,1_6_7,6,1210,449,1472,1041
2113,1_6_8,14,52,449,129,801
2114,1_6_7,6,1288,499,1548,1063
2114,1_6_8,14,58,444,142,808
2115,1_6_7,6,1363,542,1618,1074
2115,1_6_8,14,61,444,151,812
2116,1_6_7,6,1453,596,1701,1081
2116,1_6_8,14,74,451,173,838
2117,1_6_7,6,1572,657,1806,1085
2117,1_6_8,14,80,457,185,849
2118,1_6_7,6,1680,730,1882,1088
2118,1_6_8,14,102,452,219,856
2119,1_6_7,6,1745,765,1939,1108
2119,1_6_8,14,126,457,251,863
2120,1_6_7,5,4,636,160,996
2120,1_6_8,14,143,460,274,869
2121,1_6_7,5,-27,388,228,982
2121,1_6_8,14,154,459,293,883
2122,1_6_7,5,38,342,319,991
2122,1_6_8,14,169,462,317,902
2123,1_6_7,5,117,311,411,996
2123,1_6_8,14,176,467,333,924
2124,1_6_7,5,248,304,546,990
2124,1_6_8,14,199,473,362,934
2125,1_6_7,5,360,299,648,960
2125,1_6_8,14,227,473,411,967
2126,1_6_7,5,473,280,753,934
2126,1_6_8,14,256,482,450,991
2127,1_6_7,5,584,286,864,924
2127,1_6_8,14,273,486,473,1003
2128,1_6_7,5,696,273,970,904
2128,1_6_8,14,286,494,496,1029
2129,1_6_7,5,803,267,1074,894
2129,1_6_8,14,305,515,517,1053
2130,1_6_7,5,882,267,1148,877
2130,1_6_8,14,328,518,546,1069
2131,1_6_7,5,1010,260,1255,832
2131,1_6_8,14,364,531,586,1077
2132,1_6_7,5,1081,260,1323,813
2132,1_6_8,14,403,542,626,1081
2133,1_6_7,5,1158,259,1394,791
2133,1_6_8,14,433,540,656,1081
2134,1_6_7,5,1251,247,1486,780
2134,1_6_8,14,467,546,686,1075
2135,1_6_7,5,1297,253,1528,774
2135,1_6_8,14,510,572,719,1068
2136,1_6_7,5,1378,249,1586,724
2136,1_6_8,14,568,582,774,1064
2137,1_6_7,5,1415,250,1613,695
2137,1_6_8,14,636,589,849,1074
2138,1_6_7,5,1450,250,1648,690
2138,1_6_8,14,707,612,914,1066
2139,1_6_7,5,1511,236,1705,676
2139,1_6_8,14,789,623,997,1076
2140,1_6_7,5,1543,243,1733,670
2140,1_6_8,14,880,626,1092,1075
2141,1_6_7,5,1591,248,1759,632
2141,1_6_8,14,977,641,1194,1075
2142,1_6_7,5,1616,241,1779,615
2142,1_6_8,14,1075,665,1292,1077
2143,1_6_7,5,1635,245,1795,609
2143,1_6_8,14,1214,678,1432,1073
2144,1_6_7,5,1671,241,1826,597
2144,1_6_8,14,1306,687,1522,1071
2145,1_6_7,5,1697,241,1849,590
2145,1_6_8,14,1443,711,1653,1065
2146,1_6_7,5,1718,245,1864,581
2146,1_6_8,14,1586,723,1797,1064
2147,1_6_7,5,1743,244,1879,558
2147,1_6_8,14,1678,727,1896,1072
2148,1_6_7,5,1753,248,1885,552
2148,1_6_8,14,1750,753,1951,1078
2149,1_6_7,5,1772,250,1900,540
2149,1_6_8,14,1841,767,2036,1080
2150,1_6_7,5,1800,252,1922,531
2151,1_6_7,5,1812,250,1933,530
2152,1_6_7,5,1830,255,1941,520
2152,1_6_8,13,1339,759,1627,1072
2153,1_6_7,5,1837,267,1940,517
2153,1_6_8,13,1243,702,1586,1076
2154,1_6_7,5,1848,272,1942,510
2154,1_6_8,13,1177,669,1545,1074
2155,1_6_7,5,1869,275,1959,501
2155,1_6_8,13,1104,629,1505,1078
2156,1_6_8,13,1031,594,1458,1079
2157,1_6_8,13,966,560,1413,1078
2158,1_6_8,13,901,538,1358,1078
2159,1_6_8,13,866,504,1334,1077
2160,1_6_8,13,844,473,1317,1075
2161,1_6_8,13,822,454,1289,1075
2162,1_6_8,13,811,434,1258,1057
2163,1_6_8,13,813,420,1210,995
2164,1_6_8,13,788,401,1161,961
2165,1_6_8,13,770,386,1126,944
2166,1_6_8,13,773,368,1089,884
2167,1_6_8,13,768,350,1065,857
2168,1_6_8,13,761,344,1042,843
2169,1_6_8,13,761,331,1012,797
2170,1_6_8,13,753,321,989,772
2171,1_6_8,13,735,316,961,764
2172,1_6_8,13,729,304,941,737
2173,1_6_8,13,730,291,926,703
2174,1_6_8,13,723,287,909,693
2175,1_6_8,13,716,281,894,682
2176,1_6_8,13,713,271,877,654
2177,1_6_8,13,696,265,856,639
2178,1_6_8,13,680,262,833,630
2179,1_6_8,13,673,252,816,604
2180,1_6_8,13,665,242,804,592
2181,1_6_8,13,655,242,788,586
2182,1_6_8,13,649,238,776,574
2183,1_6_8,13,643,231,762,554
2184,1_6_8,13,632,229,747,541
2185,1_6_8,13,622,226,734,534
2186,1_6_8,13,617,217,722,513
2187,1_6_8,13,610,219,712,508
2188,1_6_8,13,604,217,702,502
2189,1_6_8,13,595,216,689,489
2190,1_6_8,13,586,211,679,479
2191,1_6_8,13,579,206,671,472
2192,1_6_8,13,571,200,662,466
2193,1_6_8,13,567,194,652,448
2194,1_6_8,13,559,196,640,440
2195,1_6_8,13,555,194,637,442
2196,1_6_8,13,549,189,629,430
2197,1_6_8,13,543,186,623,427
2198,1_6_8,13,537,183,615,422
2199,1_6_8,13,533,178,608,410
2200,1_6_8,13,531,176,603,403
2201,1_6_8,13,530,176,600,399
2202,1_6_8,13,530,173,599,394
2203,1_6_8,13,531,169,600,386
2204,1_6_8,13,534,170,600,380
2205,1_6_8,13,535,169,600,377
2206,1_6_8,13,536,169,597,367
2207,1_6_8,13,536,170,595,361
2208,1_6_8,13,537,170,596,363
2209,1_6_8,13,539,169,597,359
2210,1_6_8,13,540,168,597,354
2211,1_6_8,13,540,166,597,352
2212,1_6_8,13,539,165,594,347
2213,1_6_8,13,538,161,592,343
2214,1_6_8,13,536,160,590,338
2215,1_6_8,13,534,160,586,333
2216,1_6_8,13,533,161,583,327
2217,1_6_8,13,531,162,581,324
2218,1_6_8,13,527,159,577,321
2219,1_6_8,13,525,153,576,316
2220,1_6_8,13,524,150,576,316
2221,1_6_8,13,523,149,575,312
2222,1_6_8,13,523,148,573,306
2223,1_6_8,13,524,149,573,302
2224,1_6_8,13,523,148,572,301
2225,1_6_8,13,522,149,569,295
2226,1_6_8,13,522,146,568,291
2227,1_6_8,13,524,149,568,289
2228,1_6_8,13,526,146,572,291
2229,1_6_8,13,533,145,578,288
2230,1_6_9,7,1,316,31,603
2230,1_6_8,13,538,146,584,292
2231,1_6_9,7,4,312,35,606
2231,1_6_8,13,542,144,589,295
2232,1_6_9,7,16,318,47,603
2232,1_6_8,13,544,145,592,300
2233,1_6_9,7,28,309,64,615
2233,1_6_8,13,546,143,594,294
2234,1_6_9,7,29,289,69,619
2234,1_6_8,13,548,143,596,294
2235,1_6_10,5,1860,451,1916,666
2235,1_6_9,7,29,285,75,639
2235,1_6_8,13,550,143,600,296
2236,1_6_10,5,1850,416,1919,678
2236,1_6_9,7,31,289,83,659
2236,1_6_8,13,551,144,604,303
2237,1_6_10,5,1844,377,1924,682
2237,1_6_9,7,35,293,91,666
2237,1_6_8,13,553,144,606,302
2238,1_6_10,5,1833,356,1925,713
2238,1_6_9,7,58,300,124,675
2239,1_6_10,5,1826,351,1924,731
2239,1_6_9,7,72,301,146,682
2240,1_6_10,5,1814,362,1913,739
2240,1_6_9,7,78,299,161,693
2241,1_6_10,5,1780,343,1892,754
2241,1_6_9,7,80,299,176,722
2242,1_6_10,5,1761,337,1883,765
2242,1_6_9,7,95,308,199,747
2243,1_6_10,5,1750,327,1882,773
2243,1_6_9,7,109,309,221,756
2244,1_6_10,5,1717,333,1862,807
2244,1_6_9,7,135,312,260,775
2245,1_6_10,5,1692,336,1845,821
2245,1_6_9,7,159,324,295,797
2246,1_6_10,5,1639,331,1806,830
2246,1_6_9,7,160,319,312,829
2247,1_6_10,5,1578,338,1757,839
2247,1_6_9,7,165,335,331,877
2248,1_6_10,5,1536,328,1723,839
2248,1_6_9,7,176,353,348,900
2249,1_6_10,5,1474,320,1679,862
2249,1_6_9,7,202,364,387,923
2250,1_6_10,5,1410,324,1627,880
2250,1_6_9,7,229,382,435,976
2251,1_6_10,5,1360,314,1586,893
2251,1_6_9,7,245,396,458,997
2252,1_6_10,5,1261,322,1495,897
2252,1_6_9,7,246,423,473,1049
2253,1_6_10,5,1180,318,1421,897
2253,1_6_9,7,265,462,489,1068
2254,1_6_10,5,1105,303,1357,905
2254,1_6_9,7,296,476,530,1077
2255,1_6_10,5,1013,319,1271,920
2255,1_6_9,7,351,511,584,1084
2256,1_6_10,5,931,314,1196,938
2256,1_6_9,7,417,531,652,1080
2257,1_6_10,5,833,320,1101,950
2257,1_6_9,7,493,557,732,1080
2258,1_6_10,5,738,331,1017,969
2258,1_6_9,7,597,614,828,1076
2259,1_6_10,5,647,323,926,978
2259,1_6_9,7,695,652,921,1076
2260,1_6_10,5,511,321,805,994
2260,1_6_9,7,810,689,1023,1072
2261,1_6_10,5,422,333,733,1032
2261,1_6_9,7,872,713,1077,1082
2262,1_6_10,5,340,336,649,1055
2263,1_6_10,5,270,349,580,1059
2264,1_6_10,5,201,368,512,1057
2265,1_6_10,5,73,373,387,1072
2266,1_6_10,5,13,393,324,1076
2267,1_6_10,5,-61,397,253,1089
2273,1_6_10,6,949,396,1163,1011
2274,1_6_10,6,897,376,1102,966
2275,1_6_10,6,840,363,1049,961
2276,1_6_10,6,800,339,992,887
2277,1_6_10,6,750,315,944,864
2278,1_6_10,6,716,310,908,851
2279,1_6_10,6,682,288,865,807
2280,1_6_10,6,642,273,818,776
2281,1_6_10,6,611,259,784,752
2282,1_6_10,6,588,248,748,712
2283,1_6_10,6,569,243,729,701
2284,1_6_10,6,542,240,691,675
2285,1_6_10,6,511,226,653,646
2286,1_6_10,6,481,222,618,623
2287,1_6_10,6,461,216,602,627
2288,1_6_10,6,433,211,567,600
2289,1_6_10,6,409,213,541,598
2290,1_6_10,6,378,207,503,577
2291,1_6_10,6,345,199,464,559
2292,1_6_10,6,318,198,436,548
2293,1_6_10,6,288,196,405,537
2294,1_6_10,6,261,189,377,535
2295,1_6_10,6,237,188,350,529
2296,1_6_10,6,217,190,318,506
2297,1_6_10,6,190,185,287,491
5663,1_6_11,2,307,122,327,171
5664,1_6_11,2,307,122,327,171
5665,1_6_11,2,305,122,325,170
5666,1_6_11,2,305,123,324,169
5669,1_6_11,2,306,123,324,168
5670,1_6_11,2,305,123,324,169
5671,1_6_11,2,304,123,324,174
5672,1_6_11,2,303,124,324,177
5673,1_6_11,2,304,125,325,177
5674,1_6_11,2,303,125,324,178
5675,1_6_11,2,304,124,325,179
5676,1_6_11,2,305,124,326,178
5677,1_6_11,2,303,126,322,177
5678,1_6_11,2,304,126,324,179
5679,1_6_11,2,303,126,323,180
5680,1_6_11,2,305,125,324,177
5681,1_6_11,2,305,125,324,177
5682,1_6_11,2,305,125,324,177
5683,1_6_11,2,305,126,324,177
5684,1_6_11,2,305,126,324,177
5685,1_6_11,2,305,126,324,178
5689,1_6_11,2,303,128,322,180
5690,1_6_11,2,302,129,322,181
5691,1_6_11,2,299,130,318,182
5692,1_6_11,2,299,132,317,183
5693,1_6_11,2,299,132,317,183
5694,1_6_11,2,299,131,318,184
5695,1_6_11,2,299,130,318,186
5696,1_6_11,2,299,131,318,186
5697,1_6_11,2,301,130,320,187
5698,1_6_11,2,301,130,321,188
5699,1_6_11,2,301,131,322,189
5700,1_6_11,2,301,131,322,191
5701,1_6_11,2,301,131,322,192
5702,1_6_11,2,302,130,324,194
5703,1_6_11,2,303,129,325,195
5704,1_6_11,2,304,129,326,195
5705,1_6_11,2,305,129,327,194
5706,1_6_11,2,305,128,328,199
5707,1_6_11,2,306,130,330,200
5708,1_6_11,2,309,130,330,195
5709,1_6_11,2,311,131,331,192
5710,1_6_11,2,311,131,331,191
5711,1_6_11,2,312,130,332,189
5712,1_6_11,2,313,131,331,187
5713,1_6_11,2,315,132,332,184
5714,1_6_11,2,315,132,332,185
5715,1_6_11,2,314,133,332,186
5716,1_6_11,2,314,134,332,188
5717,1_6_11,2,314,134,332,189
5718,1_6_11,2,313,135,331,190
5719,1_6_11,2,312,135,331,194
5720,1_6_11,2,314,133,333,195
5721,1_6_11,2,314,132,335,199
5722,1_6_11,2,311,130,333,201
5723,1_6_11,2,312,134,333,205
5724,1_6_11,2,313,135,333,202
5725,1_6_11,2,313,138,334,207
5726,1_6_11,2,313,140,334,208
5727,1_6_11,2,312,140,334,209
5728,1_6_11,2,311,139,333,213
5729,1_6_11,2,310,139,333,214
5730,1_6_11,2,310,137,334,216
5731,1_6_11,2,310,135,335,219
5732,1_6_11,2,309,133,335,220
5733,1_6_11,2,310,135,335,220
5734,1_6_11,2,310,137,335,222
5735,1_6_11,2,311,140,336,223
5736,1_6_11,2,313,135,339,225
5737,1_6_11,2,313,140,338,225
5738,1_6_11,2,313,142,337,225
5739,1_6_11,2,313,140,338,228
5740,1_6_11,2,312,143,337,230
5741,1_6_11,2,313,141,338,229
5742,1_6_11,2,315,140,340,228
5743,1_6_11,2,315,138,341,229
5744,1_6_11,2,316,139,342,230
5745,1_6_11,2,315,140,342,232
5746,1_6_11,2,317,143,343,233
5747,1_6_11,2,318,142,345,234
5748,1_6_11,2,319,140,348,239
5749,1_6_11,2,319,139,349,242
5750,1_6_11,2,319,136,350,243
5751,1_6_11,2,319,138,351,248
5752,1_6_11,2,321,139,352,246
5753,1_6_11,2,323,141,353,246
5754,1_6_11,2,324,143,355,251
5755,1_6_11,2,323,143,355,253
5756,1_6_11,2,324,146,355,254
5757,1_6_11,2,326,147,357,255
5758,1_6_11,2,328,152,358,256
5759,1_6_11,2,330,153,360,257
5760,1_6_11,2,332,154,362,262
5761,1_6_11,2,331,150,363,264
5762,1_6_11,2,331,152,364,267
5763,1_6_11,2,332,154,366,271
5764,1_6_11,2,333,153,368,274
5765,1_6_11,2,335,154,370,277
5766,1_6_11,2,335,156,370,279
5767,1_6_11,2,335,157,370,281
5768,1_6_11,2,335,158,371,284
5769,1_6_11,2,337,162,373,286
5770,1_6_11,2,339,156,377,290
5771,1_6_11,2,341,161,380,294
5772,1_6_11,2,344,166,381,294
5773,1_6_11,2,345,163,384,299
5774,1_6_11,2,348,168,387,304
5775,1_6_11,2,351,168,389,303
5776,1_6_11,2,354,168,394,307
5777,1_6_11,2,356,170,397,311
5778,1_6_11,2,357,171,398,312
5779,1_6_11,2,358,172,400,316
5780,1_6_11,2,359,173,402,321
5781,1_6_11,2,363,173,407,324
5782,1_6_11,2,366,173,412,329
5783,1_6_11,2,369,176,415,331
5784,1_6_11,2,369,174,417,336
5785,1_6_11,2,371,179,419,343
5786,1_6_11,2,373,178,424,352
5787,1_6_11,2,377,180,429,356
5788,1_6_11,2,377,182,430,364
5789,1_6_11,2,378,185,430,367
5790,1_6_11,2,375,184,429,372
5791,1_6_11,2,375,192,429,382
5792,1_6_11,2,372,192,428,387
5793,1_6_11,2,370,195,429,396
5794,1_6_11,2,366,202,426,403
5795,1_6_11,2,359,205,420,409
5796,1_6_11,2,354,203,418,417
5797,1_6_11,2,351,202,418,428
5798,1_6_11,2,351,201,420,434
5799,1_6_11,2,352,206,422,444
5800,1_6_11,2,349,213,422,459
5801,1_6_11,2,347,212,423,468
5802,1_6_11,2,351,222,427,480
5803,1_6_11,2,355,225,435,493
5804,1_6_11,2,360,224,443,505
5805,1_6_11,2,362,233,447,520
5806,1_6_11,2,361,236,451,542
5807,1_6_11,2,367,238,460,551
5808,1_6_11,2,372,245,471,577
5809,1_6_11,2,381,244,483,589
5810,1_6_11,2,387,254,492,609
5811,1_6_11,2,392,265,504,644
5812,1_6_11,2,399,267,514,658
5813,1_6_11,2,410,280,530,678
5814,1_6_11,2,415,292,541,715
5815,1_6_11,2,420,297,552,736
5816,1_6_11,2,421,309,563,783
5817,1_6_11,2,414,325,564,826
5818,1_6_11,2,409,344,564,849
5819,1_6_11,2,394,367,543,844
5820,1_6_11,2,377,387,518,820
5821,1_6_11,2,339,403,523,970
5822,1_6_11,2,306,440,510,1040
5823,1_6_11,2,245,465,455,1052
5824,1_6_11,2,152,487,376,1076
5825,1_6_11,2,97,533,323,1085
5825,1_6_11,13,356,138,384,253
5826,1_6_11,2,77,550,309,1114
5826,1_6_11,13,366,140,395,258
5827,1_6_11,13,375,141,403,254
5828,1_6_11,13,385,145,416,267
5829,1_6_11,13,392,137,427,274
5830,1_6_11,13,399,141,434,276
5831,1_6_11,13,403,142,438,277
5832,1_6_11,13,404,144,439,277
5833,1_6_11,13,406,145,444,286
5834,1_6_11,13,410,147,451,294
5835,1_6_11,13,413,148,456,300
5836,1_6_11,13,417,153,460,304
5837,1_6_11,13,413,151,458,307
5838,1_6_11,13,410,152,457,312
5839,1_6_11,13,407,153,457,325
5840,1_6_11,13,404,155,456,331
5841,1_6_11,13,400,155,454,338
5842,1_6_11,13,395,158,450,344
5843,1_6_11,13,392,161,448,349
5844,1_6_11,13,390,176,446,364
5845,1_6_11,13,392,193,446,373
5846,1_6_11,13,393,197,448,378
5847,1_6_11,13,393,185,455,388
5848,1_6_11,13,395,191,460,398
5849,1_6_11,13,395,186,465,408
5850,1_6_11,13,398,184,471,419
5851,1_6_11,13,404,183,480,427
5852,1_6_11,13,410,183,487,433
5853,1_6_11,13,414,192,493,444
5854,1_6_11,13,415,191,495,451
5855,1_6_11,13,415,195,501,472
5856,1_6_11,13,423,204,510,488
5857,1_6_11,13,432,201,523,498
5858,1_6_11,13,442,210,533,505
5859,1_6_11,13,447,218,543,529
5860,1_6_11,13,458,218,559,544
5861,1_6_11,13,467,227,575,581
5862,1_6_11,13,480,225,594,599
5863,1_6_11,13,494,226,615,623
5864,1_6_11,13,511,252,632,650
5865,1_6_11,13,524,260,648,665
5866,1_6_11,13,539,277,670,706
5867,1_6_11,13,558,294,697,748
5868,1_6_11,13,579,298,725,773
5869,1_6_11,13,583,320,745,839
5870,1_6_11,13,603,342,770,872
5871,1_6_11,13,631,356,803,899
5872,1_6_11,13,662,392,848,972
5873,1_6_11,13,704,407,901,1022
5874,1_6_11,13,745,442,948,1062
5875,1_6_11,13,802,497,1000,1073
5876,1_6_11,13,891,530,1085,1085
5877,1_6_11,13,918,548,1116,1113
